aircraft_id,age_y,total_parking_minutes,metar_temperature_c,metar_relative_humidity,metar_dew_point_c,metar_wind_speed_kn,metar_visibility_mi,metar_hour_precipitation,sea_salt_aerosol_003_05_mixing_ratio,sea_salt_aerosol_05_5_mixing_ratio,sea_salt_aerosol_5_20_mixing_ratio,dust_aerosol_003_055_mixing_ratio,dust_aerosol_055_09_mixing_ratio,dust_aerosol_09_20_mixing_ratio,hydrophilic_organic_matter_aerosol_mixing_ratio,hydrophobic_organic_matter_aerosol_mixing_ratio,hydrophilic_black_carbon_aerosol_mixing_ratio,hydrophobic_black_carbon_aerosol_mixing_ratio,sulphate_aerosol_mixing_ratio,ethane,c3h8,isoprene,carbon_monoxide_mass_mixing_ratio,ozone_mass_mixing_ratio,h2o2,formaldehyde,hno3,nitrogen_monoxide_mass_mixing_ratio,nitrogen_dioxide_mass_mixing_ratio,oh,organic_nitrates,specific_humidity,sulphur_dioxide_mass_mixing_ratio,temperature
002eab,5.4999999999999245,28008.524305555555,21.39688450602616,66.94242236286995,17.251860811984223,5.505750241787309,6.593519663321999,0.0012151390995329735,5.1459865936345404e-11,4.146094872257887e-09,1.0948528819268933e-09,8.480232122892112e-10,1.3711134544048764e-09,3.9600884485775434e-10,1.3138853776708544e-08,9.03598010093789e-09,3.0265188596100376e-10,3.934663110794232e-10,3.891596165534179e-09,9.17944231684088e-10,6.084722136422294e-10,2.5401075929147813e-08,2.2504578988911772e-07,4.625432985037787e-08,8.934265309339658e-10,3.861355633328544e-09,6.634945931648149e-10,2.2609888921248817e-09,1.0204768554485624e-08,3.358672377666954e-14,2.194090792341777e-09,0.014095191130264938,8.965124166810246e-09,296.3115166752299
009e95,6.3333333333332575,33918.340000000004,16.82997154395762,72.97819985542172,11.480720584714797,7.369079085730196,6.016869718323107,0.0,1.011148231791704e-10,8.503464878074462e-09,4.153666477651622e-09,6.61932866411966e-10,1.2184200513624906e-09,1.3277510607233807e-09,4.784046150280969e-09,2.472165109742254e-09,1.651507457356006e-10,1.7486909367200574e-10,1.5918445321267222e-09,5.338157354736531e-10,4.495522286705177e-10,2.3602440031026223e-09,1.468192042626635e-07,5.8604550492026235e-08,5.227790602924898e-10,1.1805218398722435e-09,1.3515888612200856e-09,1.319810679797889e-09,7.943512053075304e-09,3.598393572500611e-14,1.207624604051677e-09,0.009077204026659331,2.6596915941650713e-09,289.7280593409134
01c05c,4.916666666666591,33262.24895833333,19.88820546391309,73.98673234134374,14.3142190124493,4.079048062162278,4.283558920371851,0.0,1.566295205713029e-11,1.2157941255367435e-09,1.8136703819578843e-10,2.140541340410753e-09,3.752431983330865e-09,3.6508255146755825e-09,5.863514876080336e-08,3.978507499614823e-08,8.206820632182545e-10,1.2780240020775796e-09,4.701481390075023e-09,6.6717195437002934e-09,2.590380583947044e-09,1.920621297957011e-08,9.118258853459606e-07,5.6920761134493834e-08,1.079826281114284e-09,4.6433305030523495e-09,1.3914081263945524e-09,1.2616287467330067e-09,9.839521568944217e-09,2.6423119166754113e-14,3.752162778418638e-09,0.010587206215097036,6.16278916562014e-09,289.1239827720871
02884d,2.75,29629.682386363635,18.279173601186148,74.51612361167342,13.232958481268104,7.882047929487905,6.096870407379151,0.0,1.31909319535772e-10,1.1093847571436005e-08,6.079490131258053e-09,1.244286358589553e-09,2.344975543139084e-09,2.8303995050192152e-09,2.9653333459288776e-09,9.370383029375071e-10,1.1964003480115663e-10,6.527295126677401e-11,1.8451943970543311e-09,4.801899061918768e-10,3.1990872906607335e-10,3.051044468996354e-10,1.2445670007765297e-07,7.147421642952898e-08,8.159302477505858e-10,7.646972704528992e-10,1.7223027221754356e-09,5.235845907279284e-10,4.418344935193324e-09,4.1171390043043405e-14,9.84997738540857e-10,0.010445914239456901,2.264603664567337e-09,291.9697309839408
02d1d2,5.166666666666591,31482.29050632911,15.642075026206175,79.07571716807584,11.69360269577945,8.588581659018011,6.006791689681982,0.0,2.398290714544843e-10,2.019594826344046e-08,9.349193830496783e-09,4.817894395604864e-11,9.737968190177932e-11,1.4704216901175751e-10,1.8411533953537793e-09,1.02870856868988e-09,6.289241770319971e-11,8.044806881842674e-11,9.264477633456993e-10,3.051209599649952e-10,1.688989396008723e-10,3.912313677121066e-09,7.035898087538685e-08,4.290956361582838e-08,3.032847578320233e-10,8.14770637024876e-10,1.7999866996767801e-10,9.87557726230129e-10,3.752023464952103e-09,1.844605963983502e-14,5.004324836471316e-10,0.008678549764884783,1.5007750765100138e-09,288.9149692986815
02dba8,8.333333333333334,28844.409477124183,15.243345321592132,71.53887662103655,9.452788227061303,9.610663009991178,5.884455297723099,0.0,7.52494780770864e-11,6.3184424498654735e-09,2.8957872029843675e-09,9.542317822596947e-10,1.8333258542973956e-09,2.4355334571713242e-09,6.5818624054876e-09,3.575520664915902e-09,1.807157547112918e-10,1.678568838126775e-10,2.3901950477102226e-09,7.172917534667962e-10,8.846773286277689e-10,2.0890700025728528e-09,1.6536654685140173e-07,5.460565441375732e-08,5.673427091919251e-10,1.580782867050877e-09,1.0863888884397612e-09,1.9827586791863477e-09,1.0453173735145414e-08,3.137128645021345e-14,1.39518038033628e-09,0.007949047276331958,4.7672839765658055e-09,288.2916653071472
02f174,5.833333333333333,32613.48525073746,12.70879225999608,78.28317847509983,8.550519645196957,7.174124917634473,5.832421590446632,0.0,1.5166469430932174e-10,1.2867202552410819e-08,5.622070516401883e-09,3.0590094544417786e-10,5.752359047786438e-10,6.191545594233787e-10,4.716969414660469e-09,2.3943329612697577e-09,1.5492993669438376e-10,1.3035333977364878e-10,1.2476245161660619e-09,5.287116053599727e-10,5.308811703496798e-10,1.2357303597321972e-09,1.427287968013061e-07,4.9734627905684e-08,3.238206992027803e-10,9.9839234047976e-10,7.755057214300025e-10,1.7851911779016992e-09,1.0143733676432088e-08,2.4169797372044866e-14,9.517178300605339e-10,0.007393320647300124,2.1627738277744043e-09,285.5283782123549
03892b,5.7500000000000755,32901.48169398907,12.671223899104131,76.60409645599393,8.008806998563257,7.186095245089969,5.72123771715109,0.0,1.4876547273666163e-10,1.2589779778860021e-08,5.207520197858161e-09,4.588362996138289e-10,8.863231340659748e-10,1.0686811510539495e-09,5.249374492710272e-09,2.8102811073687212e-09,1.7279851692900816e-10,1.7216401169330916e-10,1.3253490575773012e-09,5.505718616957362e-10,7.15460877908413e-10,1.2901819664838644e-09,1.504330732856567e-07,4.7740229260918957e-08,3.299333693478864e-10,1.0621012081040738e-09,7.983343776102805e-10,2.3471575283782855e-09,1.132148989038363e-08,2.7508147336241248e-14,9.158316247848435e-10,0.007239560250233159,2.5596180408840586e-09,285.34660319821415
043537,5.833333333333409,25639.146638655464,7.377886234768549,28.680024081886742,5.051570715578969,7.088879869045935,9.307106492692451,0.007149962848848916,6.356790741670473e-11,5.195823809725087e-09,1.9995378064008435e-09,5.277093003231355e-10,9.297570735828006e-10,3.700434915117118e-10,6.667838567092482e-09,3.7751247277901095e-09,1.9176851833504784e-10,2.0921735659687197e-10,1.960195894562728e-09,6.18032315598608e-10,3.9077576489248624e-10,4.9326675729735785e-09,1.554743746484516e-07,5.348200236397713e-08,7.091368479652225e-10,1.9605507139874062e-09,1.1618157300097105e-09,1.3555520309001424e-09,1.0836915467315408e-08,3.960380276463172e-14,1.6003746951971943e-09,0.010734072293234235,5.121798916910083e-09,291.6060548790562
0439c1,5.666666666666591,36395.37558139535,17.474030899334327,70.61337321213722,11.35413401870268,8.849662663601864,5.681010755414425,2.1784588336019012e-05,7.959705382646311e-11,6.610100634957639e-09,3.2018501177578986e-09,8.919251774078377e-10,1.7911595090663012e-09,2.8646839522712763e-09,1.877749322315261e-08,1.1907392128476422e-08,6.341533390541911e-10,9.815557825976026e-10,5.736407733133591e-09,1.3563630800448743e-09,7.670014250585662e-10,2.718281058663375e-09,3.0245481111837126e-07,5.7017263955456104e-08,5.024120093457897e-10,2.307273941443859e-09,2.5509028319803865e-09,9.233993721857956e-09,1.813518936427729e-08,4.1925095024479216e-14,2.1425869396520317e-09,0.009840818213103841,1.505200523095093e-08,289.96136628137447
047c3b,6.4166666666667425,34002.346534653465,27.6930724644468,79.58228010755299,23.520989025025273,6.088921069835745,5.625957417201638,0.0,1.5309878767757249e-10,1.23322892727231e-08,4.640670208012556e-09,1.7268212655609953e-09,3.227020694516916e-09,3.1634285741205565e-09,2.359830471020851e-08,1.5475435772937226e-08,4.296167865752944e-10,6.472588220087308e-10,6.552120747985303e-09,1.8963702277298257e-09,1.0843645604757887e-09,8.383828986084188e-09,3.241656632982686e-07,5.4128982334572755e-08,1.4599419123284864e-09,3.1043801475694477e-09,1.661513255731195e-09,2.3584162919648514e-09,9.036117295337577e-09,5.938193394493141e-14,1.5716298708809576e-09,0.017206670917281713,1.1817356174462291e-08,299.7235003123616
04ff3d,3.9166666666667425,39619.13549019608,24.533993455091053,70.37989759681828,18.47840457903,8.530752304643546,5.974011744931389,0.0,8.769551230921251e-11,7.196032601611907e-09,3.7940445516064055e-09,3.410003547207407e-10,5.993093797563412e-10,3.239128421200655e-10,5.365598968431908e-08,4.226139656087732e-08,1.7040143701997344e-09,4.016906983879662e-09,1.767692772637071e-08,3.880878305479903e-09,1.667407195406994e-09,2.460473373570556e-09,7.401610149307211e-07,4.252063423195576e-08,9.312766080376098e-10,3.50242068853187e-09,7.635059636179203e-09,3.074960095964826e-08,4.56096006460637e-08,4.5068890460471214e-14,3.0205043497264317e-09,0.014791457602955119,4.9397175587142886e-08,296.311875207682
050400,3.166666666666591,35906.207703081236,22.947183713029826,78.20352254942294,18.69804720883184,8.840474123653712,5.717826223936727,0.0,1.4662133005058523e-10,1.2196695848287208e-08,7.664488981614998e-09,4.47993343626216e-10,8.178682594616811e-10,5.887104668491232e-10,1.77530834553106e-08,1.2270163132870949e-08,6.129471902687414e-10,1.1330751691900501e-09,7.204901837215934e-09,1.784103531498217e-09,1.014135749064509e-09,2.8957742531815504e-09,2.849167427901557e-07,6.684708957798271e-08,9.163859028219915e-10,3.084793411684198e-09,4.1703120457381865e-09,5.6382670637445e-09,1.951404159244506e-08,5.451373978298306e-14,3.2142984496872603e-09,0.013715254817947801,1.664532411283944e-08,294.3408605303687
0526ac,5.166666666666591,29724.96130952381,27.96608659374433,41.346692960742345,10.78969344745491,6.309190306780233,5.8833056367784575,0.0,3.2369397050675315e-11,2.5485285887671285e-09,7.517272373897632e-10,9.869535676476278e-09,2.0746708854874934e-08,4.222630500958035e-08,8.092464381474633e-09,3.726984373508766e-09,2.202119875590777e-10,1.592509477098384e-10,7.509086797395732e-09,8.395268425655544e-10,3.6202170218717233e-09,7.230602818468142e-10,1.7398110053077122e-07,7.741889867320947e-08,1.350719502742179e-09,3.913935505860061e-09,5.559740664498068e-09,1.6050068617853725e-09,1.537321866921481e-08,8.749304765661842e-14,2.1572605271485295e-09,0.010224485264956082,2.3963099332784378e-08,300.243173387494
06f4d3,1.5,42392.96358024691,13.949862132198795,69.33743514928572,7.789654714393813,7.745526842935506,9.484218872815621,0.017160180852914268,1.0931505242880987e-11,8.8933682249182e-10,1.140601872258553e-10,1.68910545160137e-10,2.993368487186099e-10,1.7957300746945978e-10,7.0825900367841805e-09,3.092931475053802e-09,2.1833692738638473e-10,8.767699260799611e-11,2.0352420095892587e-09,5.892908283944371e-10,2.7411881431229013e-10,2.233264362815998e-09,1.686557192964619e-07,6.116836366561996e-08,6.281732662916482e-10,1.8447390726224955e-09,9.65930328258279e-10,4.821556806824729e-10,7.76449669511464e-09,3.739760221110048e-14,2.066996118661975e-09,0.0079435406429882,3.2414786769372755e-09,287.0085259496183
072ce8,5.6666666666667425,31505.474329501914,11.632794212833922,80.32025969153143,7.954029533051331,7.405951500099768,5.768566214011837,0.0,1.6699443987042183e-10,1.4173601640626877e-08,6.147592019463448e-09,1.8706952509639625e-10,3.5083802274661494e-10,3.6889858504691483e-10,4.488460506344548e-09,2.226249939714837e-09,1.582325211954129e-10,1.315387799203088e-10,9.87047458301935e-10,5.350343275173867e-10,5.72723047918514e-10,5.870122370519281e-10,1.3980917196260209e-07,4.691402991354986e-08,2.5926221919326957e-10,8.774306047080265e-10,7.519844798276813e-10,1.95924222104622e-09,1.1207083277723936e-08,2.2980889984486698e-14,8.334046287292756e-10,0.006985628977274101,1.6802441714739289e-09,284.80121421107253
075c19,5.7500000000000755,30750.198469387757,9.7577568702117,39.17354579969623,5.676189279619784,5.956496387165456,10.309222213375724,0.0056775253824374585,4.3610219224930257e-11,3.5505120689106353e-09,1.2099835063270303e-09,5.908137130740076e-10,1.033543137035828e-09,5.418876236270928e-10,6.110586254629908e-09,3.2675512673957455e-09,1.731096597380806e-10,1.4176946448360543e-10,1.6582385699020704e-09,5.601432494880954e-10,3.009621217348428e-10,7.435051639983723e-09,1.54789423058922e-07,5.307223841434904e-08,6.369585227060323e-10,2.1042939607586506e-09,8.979021343816638e-10,1.0331566428340756e-09,9.503563497629137e-09,3.488346770558525e-14,1.75436303050485e-09,0.00971122250330721,4.065421474849412e-09,290.24673430852073
0769f1,5.8333333333332575,29552.430952380953,12.031323770856925,79.48427220797346,8.109884527254017,7.551012780476312,5.795125151454309,0.0,1.6823445139896714e-10,1.4266289589863547e-08,6.095872996565922e-09,2.6663060222648517e-10,5.076015021865864e-10,5.694423414470692e-10,4.638362670139634e-09,2.289024585726568e-09,1.6087597246781147e-10,1.3152815283330728e-10,1.0527855162479341e-09,5.353150710603747e-10,5.796711899278699e-10,6.634404506675463e-10,1.407954531992109e-07,4.825220332438158e-08,2.862328301898371e-10,9.098398573224985e-10,8.055231435376737e-10,2.0922891155068362e-09,1.1201328291619794e-08,2.5026436920457242e-14,8.684441806579869e-10,0.007078592874212174,1.764536169866079e-09,285.2366096936059
077ee1,1.916666666666591,32985.79487179487,16.83889961635209,72.31878115289682,11.259780799843888,7.060532084285847,6.033293333188242,0.0,9.57673318040949e-11,8.055450862967789e-09,3.893116186159852e-09,7.459573747596802e-10,1.3886287268722427e-09,1.5682543330641552e-09,4.35347374467455e-09,2.165600812581912e-09,1.5240631374194862e-10,1.4909120059801138e-10,1.5394785396433367e-09,5.066651692208897e-10,2.9355026057681223e-10,2.488135857838109e-09,1.4145285924191945e-07,5.876663364283174e-08,5.375667597707162e-10,1.1297899465460605e-09,1.2615963267537457e-09,9.104872074487647e-10,7.246569825829858e-09,3.580695937064443e-14,1.1774780786946245e-09,0.008927886785923071,2.6101206349933413e-09,289.7208196420204
08647c,4.6666666666667425,30889.555065359476,27.60628602829741,80.07354275912805,23.63810738019757,5.49023149428199,4.462713937736087,0.0,7.539384532513411e-11,5.933710902925961e-09,1.0207116958967797e-09,3.000783203144841e-10,5.009214256236523e-10,1.7689202469716395e-10,2.563741572319182e-08,1.6514654908089952e-08,4.086332301019602e-10,4.675504954740348e-10,1.0453304730502322e-08,1.5274405877853656e-09,2.4199436382161957e-09,9.346428810756446e-09,3.2160326285241954e-07,6.667287459335208e-08,1.9850507980016277e-09,6.192047157116747e-09,2.770518332037546e-09,7.052902306079283e-10,1.2966564721207458e-08,5.243915044013193e-14,4.409653532984369e-09,0.017524640642915063,1.680654637519042e-08,299.87275895503336
0898e2,5.8333333333332575,26233.972294372295,27.721031314861246,60.62938748536847,18.245193396186046,6.125993207619333,5.7336852786373065,0.0,4.936320492365342e-11,3.933178762491536e-09,1.32470389746605e-09,6.1785863224816465e-09,1.145506064742866e-08,1.4292384782404196e-08,1.2444696016787275e-08,6.69394058061624e-09,2.800075073024165e-10,2.511563533874877e-10,4.793801478838778e-09,1.3038364565047598e-09,5.839929442870801e-09,1.7651305763936234e-09,2.3047309456299387e-07,8.353836173398627e-08,1.565195208757768e-09,6.487792502155548e-09,3.308677913843088e-09,6.840156712029029e-10,1.101384744123883e-08,7.421321633966627e-14,3.5277190965860168e-09,0.012704171421366404,8.660078439192778e-09,300.46465169056535
08ce08,1.9166666666665908,26812.45586080586,20.193851207087413,59.844253741967556,11.561618588764272,5.230329639491395,8.151964568768467,0.0003372838272716766,3.677444351642611e-11,2.966617987429647e-09,8.571142293485828e-10,6.759179143254748e-10,1.1922893722157444e-09,5.557386611775515e-10,1.598294200103075e-08,1.2087091068348938e-08,2.816306729989529e-10,4.986350888856276e-10,2.8479317597483794e-08,1.242347845890163e-09,1.7847875800323924e-09,2.118537923447052e-08,2.748802424588339e-07,4.450514071972054e-08,8.294597139794208e-10,3.834750660838483e-09,8.460414439380873e-10,6.9994746443236636e-09,1.3187455680433096e-08,3.8307352917016585e-14,2.282294253349449e-09,0.0105930744837042,1.3203683451794843e-07,293.0034725021201
0932c4,2.8333333333332575,29862.145588235293,23.278357389109196,81.9356069652257,19.786934255178043,9.679260181695097,5.701632387774263,0.0,1.5606462792001136e-10,1.3025484281070248e-08,8.942238988838784e-09,4.4586469362191837e-10,8.26862166898283e-10,6.238833245243865e-10,1.698694207487028e-08,1.1675581761021341e-08,5.492102409331942e-10,9.798895366123786e-10,7.220811162724582e-09,1.8497239444572762e-09,1.0553559679180718e-09,3.723883483345309e-09,2.7686511033415255e-07,6.878053972239087e-08,9.684270126577899e-10,3.7226715075132414e-09,4.486168656352616e-09,4.628093186979471e-09,2.2514822052004765e-08,5.469650707035231e-14,3.760167814754806e-09,0.014167651476968485,1.7591318953625827e-08,294.7249087261675
09958c,7.833333333333333,28074.420061728397,26.121700992980088,78.42348128495703,21.735397969774528,5.769125294164582,5.504962617613739,0.0,8.768899559475517e-11,7.061270137703042e-09,2.5791660260223293e-09,5.392635518783929e-10,9.252849821975295e-10,4.988705788390491e-10,3.029712072258754e-08,2.1831517489911202e-08,7.127553852737842e-10,1.2879795061473277e-09,4.794408462389248e-09,1.857579975797547e-09,1.1290149840944606e-09,1.3598715399291775e-08,4.2458773605234924e-07,4.875261910489825e-08,1.0663428773952983e-09,3.866660558795628e-09,1.4372280428806844e-09,4.203929361369915e-09,1.3036151135192408e-08,4.056398814044401e-14,2.4660391140597386e-09,0.016034929958736892,8.718185779596323e-09,297.84814038993545
09b5d6,8.916666666666742,19192.26,19.40005874600747,62.81574271260813,10.150613908125163,7.2546732675841,6.160832268250275,0.0,1.0168895743654002e-11,8.167540377227525e-10,7.566765886348336e-11,2.1753495321583414e-09,4.563972248824705e-09,7.86514337988238e-09,4.475015736701516e-09,1.3427522927102157e-09,1.7549598456441467e-10,5.309577603592855e-11,1.7706946636929314e-09,4.95938148636355e-10,2.7883774598543425e-10,3.4425992579848955e-09,1.2775750766275808e-07,6.067865588651235e-08,8.127994171806198e-10,1.3229174833396404e-09,4.1842623782785977e-10,3.6360631573828793e-10,3.072632221077528e-09,3.172961601613233e-14,1.175033843018515e-09,0.00799666177795298,2.474767788820968e-09,291.673167494161
09fe89,3.9166666666666665,32394.119834710742,20.83433198541888,75.58613648358657,15.705919961689524,5.668791914886839,5.817566640750893,5.921033984809587e-05,6.317566524025166e-11,5.146769168185674e-09,1.6620016097588942e-09,2.0572191359389348e-10,3.2357771145275143e-10,2.027376825253487e-10,2.055369508977113e-08,1.555958690580044e-08,4.760493855000974e-10,9.335392126260382e-10,2.720277857631326e-09,1.3866389064693183e-09,1.473149474451795e-09,1.2898128133942538e-08,2.9270242376730763e-07,3.7485782992875986e-08,6.894609247270907e-10,3.7116652161320452e-09,7.329940707724755e-10,5.699761862092394e-09,1.2289532281878603e-08,3.543200556684497e-14,2.0976448329145502e-09,0.011895945111342688,1.2711707046401607e-08,293.75283166797743
0ab5cf,2.9166666666667425,33016.11057692308,23.860354577333165,80.70600733285355,20.11514413615015,9.869338135120996,5.715227824418581,0.0,1.605409485631628e-10,1.3371299179514107e-08,8.987126708110422e-09,3.8851976362622046e-10,7.176813636568541e-10,5.187831691006445e-10,1.5762060318416597e-08,1.0982020836301308e-08,5.155482847517274e-10,9.48589295249427e-10,6.710622738736319e-09,1.7091804214403927e-09,9.957316290610886e-10,3.355668087454648e-09,2.5764890634064593e-07,6.872824984854433e-08,9.866804236358804e-10,3.6145342118012386e-09,4.281943011182427e-09,3.3412802423387486e-09,1.966609977952686e-08,5.934224800829675e-14,3.6027445562743284e-09,0.014499932379468521,1.6493587883102816e-08,295.19648158641706
0bdf39,5.833333333333409,30297.921014492753,28.358999461551758,76.23078266881004,23.547311809886473,5.194563392662797,5.987321535533386,0.0,1.2943256912310364e-10,1.0457981236205673e-08,3.923855870449372e-09,1.587057098995939e-10,2.6749392533312164e-10,1.0373974680273602e-10,1.4828137043827481e-08,1.1468352570728443e-08,2.4585042441369445e-10,4.827513303671562e-10,6.31071401430936e-09,1.1612562230622858e-09,6.434393865923601e-10,1.3185055747282646e-08,2.2185633577133914e-07,4.594191866087291e-08,1.0493526211867922e-09,3.342388098650962e-09,5.91142683743405e-10,1.94287112354917e-09,9.406438019340302e-09,3.748228153959329e-14,1.2123581566723078e-09,0.017308480107984567,1.9209001831220325e-08,299.60784233212246
0c708c,7.5833333333332575,22900.062037037038,26.277753430824134,72.06492085386076,20.546478834019457,7.240404219796961,5.959906319358742,0.0,1.2334088583593655e-10,1.005079271873606e-08,4.264680946227572e-09,1.8768701186421616e-10,3.3180425616861964e-10,1.7955307612506416e-10,1.6827475660776475e-08,1.2302625199517862e-08,3.41274441442858e-10,6.235239858776263e-10,6.2965578400620285e-09,1.3175658484311274e-09,7.443879317652287e-10,9.008381772150789e-09,2.664005832272561e-07,5.3295878504425124e-08,1.1194044283611105e-09,3.096857643307376e-09,1.221588984586673e-09,3.874053462323684e-09,1.1242417302105371e-08,4.2645399690586755e-14,1.6789081491363558e-09,0.01534296444023651,1.6678665110968244e-08,297.7360089240592
0c7134,5.5000000000000755,32010.958578431375,7.217244264583549,76.08439778027564,2.7333466564941302,7.1970962464439525,5.78719603692188,0.0,9.743156948866773e-11,8.281011259232928e-09,3.879461433342196e-09,1.0764375051866265e-10,1.9953863832565293e-10,1.7806679330150536e-10,3.4295811853811978e-09,1.7691165168437908e-09,1.2276023932655774e-10,9.337870625497519e-11,6.517794700055485e-10,8.079240847598318e-10,1.5119330334405029e-09,3.9724308860608505e-10,1.3903698341966218e-07,5.2159815259156396e-08,2.2100627011608666e-10,1.7838367482329295e-09,4.801026257230957e-10,3.5916439219840964e-10,6.9132046252522635e-09,2.1226062134586827e-14,1.7044521232052686e-09,0.005333527411378407,1.631525394485269e-09,279.6977141136526
0c8a7b,1.5833333333333335,21083.00950413223,10.542347672251942,40.19829879818732,7.597290593065766,7.967741063302063,8.953988948090936,0.006815256474258254,7.528234507406795e-11,6.166937599912084e-09,2.427944978587471e-09,6.315239613863788e-10,1.1060522747247346e-09,4.6500150976186153e-10,6.9810411907409196e-09,3.992380110311343e-09,2.054632607982018e-10,2.196475518482207e-10,1.8844202111267394e-09,6.564879257700693e-10,4.6040822747789714e-10,4.084710244946714e-09,1.560176150983922e-07,5.6125387809121224e-08,6.807991499766771e-10,1.8135661186912018e-09,1.1444932815096027e-09,1.1442535418595846e-09,1.0508480052690872e-08,3.8609350980474035e-14,1.6722558982231365e-09,0.010501748583241913,4.710969222677478e-09,290.599626359931
0e0f44,5.5833333333332575,33304.58441734417,16.86157046370398,64.17038997041443,9.162780080396514,7.204498501096276,6.068911053790653,0.0,4.426260333598879e-11,3.7051947272931187e-09,1.1719123608737194e-09,8.07272132666244e-10,1.4901575253587486e-09,1.6470963480771685e-09,5.403298825919993e-09,2.8457687259230783e-09,1.776976523739446e-10,2.0644037358505194e-10,2.3851867787112582e-09,6.340049619440346e-10,3.372017219959353e-10,2.532656425446238e-09,1.5792974216946848e-07,6.165414387050228e-08,5.51612908071897e-10,1.4717636159202661e-09,9.500784382575974e-10,8.420696273508508e-10,6.538374187269899e-09,3.204162876182298e-14,1.4389074018303052e-09,0.009330128967775962,3.244538134552232e-09,290.3229115588539
0e2ce0,5.833333333333409,28437.472300469486,8.534766625926855,33.630180766748545,5.886443862106919,6.533346121443108,9.317757995138427,0.0031907943626780155,9.470319202328406e-11,7.895763054295547e-09,3.6075492637255793e-09,4.0872196186435845e-11,7.330315799066243e-11,4.099898701009582e-11,6.901713720485938e-09,5.138454582769979e-09,2.2024824859320028e-10,4.546216437677275e-10,2.743156748460167e-09,8.941159056982143e-10,7.009712056493667e-10,4.2393433366202694e-09,1.8826426243091877e-07,4.615389730494655e-08,4.949902233057921e-10,1.901493622415004e-09,9.973986995215164e-10,4.841754804876764e-09,1.4221854686955145e-08,3.9118830798244195e-14,1.3096655289548693e-09,0.009507911017309419,9.275530203128303e-09,290.0704530141049
0e6737,6.083333333333409,26636.98399339934,5.284316399085458,24.879853991379925,2.993851650391238,6.852148997432326,9.371491827942268,0.005822216548133683,3.9728552061834315e-11,3.2639170177282808e-09,1.1160648647001102e-09,3.3938502174892006e-10,5.967487405076517e-10,3.348472230362329e-10,6.954596935728048e-09,3.859476972409912e-09,2.1032638251783632e-10,2.1427324740205478e-10,1.9343454569037353e-09,6.497122635507394e-10,4.0799170282867276e-10,7.4337806121905785e-09,1.6787308096662096e-07,5.5128603304709845e-08,6.126222878304079e-10,2.3291848940761815e-09,1.033805010197998e-09,1.5151219863395713e-09,1.1174072904021024e-08,3.0620728690173505e-14,2.1036692572007034e-09,0.008710441730774038,5.567074460254619e-09,288.5462632544756
0e69c3,3.416666666666591,27265.46282051282,28.75550539478814,52.6995036211057,16.48847646651332,7.57575823536214,5.736841292021053,0.0,4.418970269156206e-11,3.4923859473315515e-09,9.81612442782375e-10,6.0963169623116096e-09,1.1969015777075468e-08,1.8568746538684282e-08,1.3214383351722981e-08,6.8620521725517896e-09,3.8797159926018015e-10,3.885968178910661e-10,6.024577236862418e-09,2.401811368062318e-09,8.898538463809799e-09,8.296239787742199e-10,2.3902743590807374e-07,1.0502604543758697e-07,2.1155469664334683e-09,7.005506794987376e-09,1.150124746732271e-08,1.0896157531158168e-09,2.0629369953689153e-08,9.051346096310686e-14,5.675519872441022e-09,0.013591463974264362,9.486703310588142e-09,301.02414190305103
0f3d54,5.916666666666591,30172.797849462368,7.925509809091957,78.36554425491545,3.826469153122889,7.756428407550477,5.7686705236503055,0.0,7.313609472204429e-11,6.190901978584188e-09,2.347453197984359e-09,1.622055116139847e-10,3.0169114461793805e-10,2.9342233889595484e-10,4.388647104253629e-09,2.2941906901186718e-09,1.4660157925503085e-10,1.232991858443303e-10,8.540503218233127e-10,5.14267510996331e-10,3.093676268615051e-10,7.030060685942629e-10,1.4462551532104492e-07,4.353072892948931e-08,2.1127176484077175e-10,7.056697532345261e-10,7.166200745491562e-10,3.7481242076668564e-09,1.4237685147251402e-08,1.6154141614096892e-14,1.0793377042551525e-09,0.00580103764835688,1.5214580806801432e-09,281.2312072779168
0f51e9,6.083333333333333,3631.955882352941,17.036195676757387,57.55074889485492,6.896008970711285,7.474925206812902,5.670700526867972,0.0,2.768638650707293e-11,2.2487274672048513e-09,3.8115244380910885e-10,3.1048058770721107e-09,6.507148767892172e-09,1.1889139055832606e-08,9.919674338123298e-09,5.180895266737484e-09,2.5528881300114364e-10,1.9496548458555048e-10,2.9708327287490594e-09,1.0710149205200968e-09,1.3026628631981328e-09,2.5014675415236074e-09,2.0838937581962112e-07,6.657939891591534e-08,9.382060491641232e-10,2.0490223048884744e-09,1.734513363418194e-09,2.467515443520612e-09,8.813723484417843e-09,5.777576313458075e-14,2.0337902402451256e-09,0.006810271023561924,4.538784061467047e-09,288.2566378525266
0f870a,7.25,27438.4918699187,25.460432781966645,69.24766073593514,18.13226186911192,5.112583213251916,2.6093305990278783,0.0,6.131749305283206e-11,4.850718131401551e-09,1.111122152221879e-09,3.0224849959594428e-09,5.771516905015617e-09,7.069443309370544e-09,8.587229337561648e-08,6.261741019775939e-08,1.1428517583670382e-09,2.128272031009234e-09,1.0778842098346874e-08,5.431998135146494e-09,2.0119667451472062e-09,7.48103868281345e-09,1.0951096052701568e-06,5.24674774989479e-08,1.3424473055093496e-09,4.569051496223872e-09,3.5538330898317356e-09,1.6346272656648244e-08,2.6937999865988316e-08,6.438643095851547e-14,2.3426317808390815e-09,0.013461138233154155,3.374269060815487e-08,297.84622287056976
0fcc11,7.1666666666667425,31598.67350877193,15.9272683478,73.24371635336453,10.694616097256706,7.503743647228516,5.992984265614275,0.0,1.0479742877671835e-10,8.822040427764578e-09,4.076666874817774e-09,5.564439457577684e-10,1.0481939611969266e-09,1.1203234273586372e-09,5.388278200092682e-09,2.8881061262884784e-09,1.7882134067516788e-10,1.886675117591035e-10,1.4185893618405385e-09,5.492262969691595e-10,3.2525511724492866e-10,1.7042733075920156e-09,1.4929476224943767e-07,5.394804822226612e-08,4.838201486026652e-10,1.0702381871880208e-09,1.1967927654028191e-09,1.8182048402033152e-09,9.193833866584995e-09,3.400824168028226e-14,1.0770586150921288e-09,0.008726956932240163,2.3362638843397595e-09,288.7342129309296
10ab51,9.833333333333334,32483.027258566977,16.245101018670816,72.99360055034418,11.011477214336972,7.228326444453107,6.015918203372713,0.0,9.265733372609379e-11,7.800828591819385e-09,3.688683051793446e-09,5.24849584954247e-10,9.709287587255022e-10,9.928042272624112e-10,5.690031884176472e-09,3.091830400731716e-09,1.8869012574925558e-10,2.125274811792514e-10,1.5037354815362762e-09,5.621014567561274e-10,3.3912133493225087e-10,2.052283463806399e-09,1.5363534420788302e-07,5.385855354811618e-08,4.84073213642078e-10,1.135636678448899e-09,1.2415359339055774e-09,1.8148731136720038e-09,9.512939636347489e-09,3.452287493049167e-14,1.159159361905392e-09,0.008826387212611395,2.5832384911868614e-09,289.1080189427205
11725a,5.333333333333333,33157.33807189543,27.844368932664413,78.93509312322331,23.46591835259872,6.224821880202188,5.5470695025586725,0.0,1.5064612613031852e-10,1.2129940413108483e-08,4.508685329069741e-09,1.7842006198542077e-09,3.271243835749858e-09,3.0235922937492097e-09,2.2906457345253634e-08,1.4864255767208136e-08,4.2365389913991537e-10,6.222687521527515e-10,6.401790613943492e-09,1.8333837887173264e-09,1.1000270214545993e-09,8.083142324327272e-09,3.145263425558083e-07,5.4444986295160136e-08,1.4771336484058438e-09,3.211655779066741e-09,1.6898536623099472e-09,1.8112045456129414e-09,9.081646021058684e-09,6.028537528659436e-14,1.5336162873551547e-09,0.01719087959042542,1.1460446622462908e-08,299.8923237609031
117e01,3.916666666666591,33900.754497354494,14.245803350010707,78.69283565338233,10.253030908993479,8.911225378537544,5.968478367711828,0.0,2.0858050628003074e-10,1.7630561040009995e-08,8.027365033418836e-09,3.18446300074629e-11,6.181025060883156e-11,7.792581492085919e-11,2.101290277910721e-09,1.2096702401593002e-09,6.534292362189107e-11,9.236194077874084e-11,8.046305805842239e-10,3.753308336254724e-10,2.4352368924814726e-10,2.6633179387634744e-09,7.438715076139388e-08,4.0093775355731033e-08,2.454563264653863e-10,7.25468462706866e-10,1.1490353948771544e-10,3.09682520741862e-10,2.2149262383544066e-09,1.839159803765724e-14,4.511908912821595e-10,0.007835017164479648,8.726655733449975e-10,287.1414608453673
119f57,5.9166666666667425,24513.958130081304,13.829070864223961,73.14042505430311,8.271837725113834,5.81747406308627,5.767708633261767,0.0,3.875458984994755e-11,3.2468653620543113e-09,1.085033944225807e-09,6.227123829162716e-10,1.164540055869076e-09,1.2502036237245584e-09,5.655296915845664e-09,3.134945207186436e-09,1.5351066359364025e-10,1.1809978464498565e-10,1.725631753118621e-09,6.44353379186082e-10,8.143222910840085e-10,3.2978457281109746e-09,1.6451628220325247e-07,5.040345059601998e-08,4.6342464058559525e-10,1.7959313734997227e-09,6.856785529293785e-10,1.1238629762093434e-09,8.676415416295641e-09,2.736487923479943e-14,1.551201989621092e-09,0.007552093864637875,6.039724866667794e-09,286.60865966691085
12638e,6.0000000000000755,29755.025886524825,12.756454492624746,75.76197936920134,7.841640708157091,7.095499399248788,5.7974492484009685,0.0,1.4508088224392678e-10,1.2294678321813186e-08,5.225277018892137e-09,4.417921257917853e-10,8.452646911304774e-10,9.639179847924984e-10,4.735152833330095e-09,2.4902983719305365e-09,1.5854211258909423e-10,1.5059745234618915e-10,1.1865039952070883e-09,5.389136208057295e-10,5.577776821203155e-10,1.3628841766067976e-09,1.4564865180323373e-07,4.8490174037048144e-08,3.45711237375792e-10,9.846444181979375e-10,7.668429273191945e-10,2.749084374588328e-09,1.1342377137611217e-08,2.6239687142587536e-14,8.814926687694802e-10,0.007073705135444455,2.208722322094715e-09,285.6293214562421
127b58,5.833333333333409,23849.76862745098,8.869967855979796,33.95258151285135,6.44277117823515,8.21093555605296,9.088325113742949,0.0070881636513380536,7.452248997802977e-11,6.1210175933450595e-09,2.516113357867266e-09,5.316463340199697e-10,9.474810510028618e-10,4.0761781184040087e-10,6.504671910299772e-09,3.642199972268433e-09,1.9895849377977433e-10,1.8490076600739894e-10,1.654987225074496e-09,6.469712415031089e-10,4.348668304942228e-10,3.735492363893987e-09,1.5365985806823287e-07,5.787559946169041e-08,6.595926271564673e-10,1.7434078021440898e-09,1.1078738392581203e-09,8.147030457849902e-10,9.656132816327271e-09,3.834006160697658e-14,1.7165407734234233e-09,0.010216657673754638,4.222651654423507e-09,289.9090752611345
12877b,8.166666666666591,29025.86727828746,15.909245385119707,68.8352391051248,9.328183824288217,7.614636200483991,5.898405956770167,0.0,5.838936981483821e-11,4.890947014498589e-09,2.1561414107178673e-09,1.0823070445644988e-09,1.967311027161192e-09,2.1590680305291456e-09,5.980302242694444e-09,2.9257236253724323e-09,1.6932121637813434e-10,1.259222773548346e-10,2.6269209908369396e-09,7.298555374754596e-10,7.092302039926981e-10,4.106277548568812e-09,1.550281030044428e-07,5.199178114416499e-08,5.469729033547546e-10,1.5192450291281807e-09,8.865253364458891e-10,1.5907825469187702e-09,9.346731665846081e-09,2.965315227028584e-14,1.3740087460921793e-09,0.007961723126646416,4.603291308273591e-09,288.44698888998425
12c687,5.916666666666667,31331.372659176028,14.681282205900649,74.31754245493613,9.535898516748816,6.899216132045371,5.889352405776942,0.0,1.0242506061152039e-10,8.648086207085709e-09,3.6797491299068904e-09,4.919903463547997e-10,9.108891140108393e-10,9.490568512222833e-10,5.838813683629441e-09,3.1389542839677735e-09,1.743057605650946e-10,1.5724151349519116e-10,1.2219208894266568e-09,5.720400951238076e-10,3.6796406246508785e-10,2.0109233446327593e-09,1.588163717848154e-07,5.0684008408976586e-08,4.0223188311232823e-10,1.1304067675322066e-09,1.0441699008099845e-09,1.9278520759612934e-09,9.740364137817313e-09,2.888997430068358e-14,1.1815067149453223e-09,0.007854689925651484,1.870713390527387e-09,287.1634812467628
131125,8.75,24217.783898305086,7.816037736395862,30.702490403098018,4.821799836188467,6.847490403764263,9.336555657851456,0.005529905464708274,5.280185850557499e-11,4.333208288984352e-09,1.6808067730765115e-09,4.4413193767248095e-10,7.75208491088528e-10,3.2838501609595875e-10,7.079635105528806e-09,4.066422399531771e-09,2.0522520994477257e-10,2.406176238967467e-10,1.962884795284379e-09,6.546723440266143e-10,4.1858019665912005e-10,5.361737959747515e-09,1.644211611952311e-07,5.35133086464655e-08,6.388412139069582e-10,2.013442903563459e-09,1.1360753451709715e-09,1.844775799733826e-09,1.0980350811159491e-08,3.5739930611922157e-14,1.704897927080738e-09,0.009744856703570682,5.221701294117427e-09,290.65552889892916
131280,9.0,30532.609748427672,13.88013042386433,69.49381315116003,7.943156413132541,7.149395607903689,5.503050659899729,5.747688982459913e-06,3.964251840796962e-11,3.2825652688176127e-09,1.4632434315781888e-09,7.629439283054838e-10,1.411081627804363e-09,1.7394494664730162e-09,4.534529483095139e-08,3.335342804340125e-08,1.0410267788841152e-09,1.9835533365021905e-09,8.434715980053957e-09,2.716225574995663e-09,8.591837665756843e-09,2.24273996133142e-09,5.921750844918383e-07,5.7819661636679216e-08,5.40820491604649e-10,5.459072798763297e-09,3.0645654591981567e-09,1.0404774330187116e-08,3.450036675626388e-08,4.0145689201935793e-14,4.975329218525999e-09,0.008767755915632844,3.359247207850593e-08,286.61847394585266
1341e7,6.166666666666591,27028.180099502486,26.12241270695008,68.71971435032853,18.863685221032267,5.511873751191724,2.754833108953887,0.0,8.119801892966919e-11,6.451331638879922e-09,1.6527687011778887e-09,3.5411195544871386e-09,6.844392561923294e-09,8.547702838426797e-09,7.942171632986787e-08,5.8386480932490656e-08,1.0274359756157544e-09,1.9339859648099217e-09,1.0657496695140198e-08,4.7081714651772835e-09,1.9190432163573752e-09,6.7166257097467275e-09,1.0035895280694342e-06,5.5311115869956205e-08,1.3117030374793268e-09,4.309607125491712e-09,3.8876295067182766e-09,1.3580684204936867e-08,2.5654411675274324e-08,6.529977035647846e-14,2.384674454609432e-09,0.014085675252193348,3.093966111113093e-08,298.42686932866513
144bf1,6.0,32417.983986928106,12.496302373788547,75.06708811883802,7.621910016189282,6.959379017568892,5.944394211742624,0.0,8.809383969289926e-11,7.441551744189482e-09,2.646199959106567e-09,3.521341883939441e-10,6.711430980159288e-10,6.724455600964952e-10,5.562036386676053e-09,2.691060762094455e-09,1.9178106124361683e-10,1.6738079105817323e-10,1.1476027055597316e-09,5.180668885372668e-10,3.244146237367938e-10,1.5937505888982928e-09,1.511347333965556e-07,4.78540139611871e-08,3.104322142777035e-10,1.0377975978296587e-09,7.539287937516081e-10,1.5199430927580472e-09,1.0350674211119547e-08,2.689622340158673e-14,1.1959909713605495e-09,0.007009651876153893,1.8029960291817872e-09,285.2692995003209
15ffd5,4.9999999999999245,30736.523731884055,27.423457549864114,42.64723116769646,10.777013503418056,6.331015359265358,5.895027735744191,0.0,3.357224146047745e-11,2.649482934867994e-09,7.818323396887593e-10,9.12717076690586e-09,1.8891014093894993e-08,3.771205061356292e-08,8.149504637303196e-09,3.841282848863009e-09,2.2529777142163735e-10,1.7137600605233576e-10,7.603349872659958e-09,7.635157715179986e-10,3.4562191500213462e-09,1.1374537999570824e-09,1.7528945002961208e-07,7.545152816182545e-08,1.305052243979316e-09,4.0121208378461205e-09,5.32674602784986e-09,1.7011018794442003e-09,1.5189550435025128e-08,8.809061160830945e-14,2.1494412235351686e-09,0.010424836884820297,2.5237537377888224e-08,299.6990366631561
166e88,5.8333333333332575,34794.80105820106,17.356738660504487,72.5177067517514,11.778289004597575,6.903552105545899,5.9626894541645274,0.0,9.340607501276732e-11,7.842166087553681e-09,3.666342832063286e-09,6.948527849877131e-10,1.2902297514389809e-09,1.3643708342180155e-09,5.697327029111342e-09,3.2733705243964646e-09,1.6901681589426158e-10,1.8569137333592411e-10,1.7866856355267437e-09,5.829370297797343e-10,4.45466955086998e-10,2.95402959903419e-09,1.5895505876648208e-07,5.708585216955481e-08,5.555621914330871e-10,1.3387159880830003e-09,1.3011743581759832e-09,1.416456864735385e-09,8.250744625922908e-09,3.604864779907447e-14,1.329544671917274e-09,0.009159930237089692,3.336408285903735e-09,290.12169280514223
169f0d,5.9166666666667425,27234.102867383514,5.080328323613393,24.530142166424667,2.657068441023376,6.830712142728505,9.343549029815094,0.005296729950785553,3.6231633443108815e-11,2.979999629331685e-09,1.0185168186631847e-09,3.2948298638236857e-10,5.911836090664854e-10,3.793837849022678e-10,7.2179550978360685e-09,4.0495806145051946e-09,2.0663847608160762e-10,2.0162138206750663e-10,1.8400618179631242e-09,6.575178231796068e-10,4.1213559485455705e-10,7.14570266135114e-09,1.692404120682899e-07,5.4426552422471114e-08,5.769086128448974e-10,2.2426302326480948e-09,1.0306883279970337e-09,1.618606612733256e-09,1.1026148495249656e-08,3.1352870566295256e-14,1.9821106062096416e-09,0.008488785838370226,5.36650722697413e-09,288.07071967288476
16b2a4,5.6666666666667425,31251.87178030303,11.46997035593256,80.87460490729119,7.905775022650276,7.5122450778925005,5.7621509434995435,0.0,1.778471091773742e-10,1.510272909538508e-08,6.567961043172986e-09,1.6053231691205098e-10,3.043365011360027e-10,3.36709689446759e-10,4.3153808217934115e-09,2.1484821256952257e-09,1.5133375611594162e-10,1.2242654785962798e-10,9.470152189349271e-10,5.256072759718351e-10,5.63478005641362e-10,5.537290961867982e-10,1.3781105115560592e-07,4.740858961983706e-08,2.5105177953260206e-10,8.374057316027449e-10,7.133897646338387e-10,2.1685783555273096e-09,1.1012778998896486e-08,2.2331046430721786e-14,7.940076050675326e-10,0.006887411445338579,1.719268466509791e-09,284.4835799974172
16fa1f,7.4166666666667425,27042.427598566308,16.028094662596914,68.59173728300642,9.258096127721506,7.439437693721343,5.927122648285889,0.0,5.807425304983601e-11,4.863633207121323e-09,2.0872709680094225e-09,1.1998860452117627e-09,2.1835523289558625e-09,2.4395954262099886e-09,6.201383139966741e-09,3.117610312201978e-09,1.6877527720675945e-10,1.2454085392332615e-10,2.535966423082079e-09,7.300900871628054e-10,7.833571131667406e-10,4.5770198381189145e-09,1.5798701600150494e-07,5.160014685897066e-08,5.419767702711271e-10,1.624951578255161e-09,8.904365566401192e-10,1.7050968285328312e-09,9.604502474811967e-09,2.8000812080808437e-14,1.3601488013469358e-09,0.00785377748488298,4.869511155199817e-09,288.46140738225733
171b7a,8.833333333333334,25682.570249221182,7.462284974174921,25.84299949401733,4.849270636116254,6.931194970665678,9.335529196061309,0.006147354760050189,6.337254606635466e-11,5.1676987581618724e-09,1.8884256727733002e-09,5.861267250263484e-10,1.0399962072551833e-09,4.213563667374977e-10,6.404453673531849e-09,3.5923241620206858e-09,1.8400390155292987e-10,1.915224092854503e-10,1.8876963903454334e-09,5.993140668818345e-10,3.6588880703724004e-10,4.9669303101740635e-09,1.5253160554261937e-07,5.394118593182647e-08,7.223925390237645e-10,1.9712174304433933e-09,1.0951008408675817e-09,1.19993803334316e-09,1.0253496479780503e-08,3.939251333652019e-14,1.5730710537319467e-09,0.010768920626052711,4.769174187547205e-09,291.84670004009826
17cc99,6.8333333333332575,24601.504901960787,15.601492044322196,73.99691275999896,10.218758219972113,5.229527032586926,5.573699118571115,0.0,3.7602223671104215e-11,3.114747793352318e-09,9.71715725418609e-10,6.553843828075275e-10,1.2554393976871252e-09,1.324802288124042e-09,5.902908562846596e-09,2.8409768434988696e-09,1.9656062015975322e-10,1.2084054469186107e-10,1.9330829926141864e-09,6.215303713020824e-10,5.810188463137074e-10,2.511467986731058e-09,1.5772641333348884e-07,5.686274398223928e-08,5.568107124983775e-10,1.5644209736777396e-09,8.092486335277069e-10,8.736078678142945e-10,7.3597097909730544e-09,2.869472023891834e-14,1.5389428934464893e-09,0.008618528096578142,3.8421411910654345e-09,288.8599553987503
17dfa5,3.000000000000076,30880.463008130082,15.53608099571431,78.6452152189219,11.47876910449363,8.60087313196637,6.0029162074113165,0.0,2.331809181443097e-10,1.9648140710595322e-08,9.218496908999991e-09,4.778216822437659e-11,9.671947055655476e-11,1.47373531683419e-10,1.719828439848348e-09,9.580961219589636e-10,5.725745861086038e-11,7.178362372237692e-11,8.220762685313122e-10,2.848969976617585e-10,1.491590020740856e-10,4.692781022528382e-09,6.810944069702988e-08,4.195777308295105e-08,2.846175640545837e-10,8.189525007225752e-10,1.498066994975552e-10,8.333196342235379e-10,3.753937581947383e-09,1.7629352017726973e-14,5.014326874512592e-10,0.008569810250546636,1.2856922479328629e-09,288.7679748716944
1844e5,5.5000000000000755,29280.985658914728,11.750167268975424,80.3231638845799,8.053576210278143,7.61604919220655,5.76811884070257,0.0,1.754396445921201e-10,1.4886659160722435e-08,6.4503403294504935e-09,2.4494877670794644e-10,4.573774302870315e-10,4.691069381400643e-10,4.371847504013974e-09,2.134710688187151e-09,1.5382779314405207e-10,1.2254962961267194e-10,1.0501705089199766e-09,5.307259624923027e-10,5.685682931006392e-10,6.871725633093634e-10,1.3850074781982496e-07,4.8460842596012625e-08,2.7125890601272615e-10,8.634888199895383e-10,7.462027233143624e-10,2.0119011213509527e-09,1.098794932657511e-08,2.3447643355846233e-14,8.165452654280121e-10,0.007020471380880665,1.8622174284302444e-09,284.934384009482
192eb9,6.0,30427.137464387466,27.395524286941626,76.30167017968131,22.622745246362342,5.765699060168127,5.989922691353836,0.0,1.2900929711214954e-10,1.0394090161018302e-08,3.48635683644716e-09,1.6906902043979952e-10,2.872668590393208e-10,1.2631752953628373e-10,1.34801327820932e-08,9.848979941104467e-09,2.6654034793554884e-10,4.722402344344238e-10,6.0278181522351704e-09,1.062633573565209e-09,5.778901719399414e-10,1.0489340615406838e-08,2.0788772154099376e-07,4.59677685838762e-08,1.0451946163991588e-09,2.972524591163313e-09,6.262928907469201e-10,2.2811423061020416e-09,8.356399222909337e-09,3.5293551680456345e-14,1.1894120094061687e-09,0.016886485110087588,1.6773560681228574e-08,298.8957720478076
194f72,5.5000000000000755,32676.597916666666,13.34874086827552,43.08861452222322,9.598762709731439,7.235086820223426,9.565893006412795,0.005528674380119738,1.2577509610210962e-10,1.0424715129428809e-08,5.060457598146806e-09,4.8835892218157936e-11,8.984179113695367e-11,4.5916695745598186e-11,4.739292454498068e-09,3.2086364080735217e-09,1.5570232303533829e-10,2.3298561898770595e-10,2.511720048140214e-09,7.23795976615335e-10,5.052477819913451e-10,3.2261367630790494e-09,1.538511086765673e-07,5.0065158982537535e-08,7.257500032939262e-10,1.468598014255985e-09,7.840590071082126e-10,3.2379023309969338e-09,9.872500820686705e-09,4.6103237015836103e-14,9.495935962566873e-10,0.010992090518552142,7.076892532326631e-09,292.6853049633151
195f58,1.9166666666667425,29561.539451476794,19.882041589518398,61.735522359749794,11.638687367753393,5.372037075281928,8.197179755395743,0.0008299233521123809,3.767457788042607e-11,3.042431882120227e-09,8.699530872617661e-10,6.827634189622981e-10,1.2604385253070283e-09,1.3044493706713678e-09,1.4338483750783056e-08,1.068129940750382e-08,2.665891700016599e-10,4.5789661269767336e-10,2.41748992845851e-08,1.1640358301500633e-09,1.5646873949231328e-09,1.6745806246916004e-08,2.573267540024835e-07,4.4819925476028896e-08,7.826034473096724e-10,3.4196918189323646e-09,8.688404117711867e-10,6.286670209015479e-09,1.1949224101955684e-08,3.994116762393164e-14,2.1007883707259115e-09,0.010330235842936993,1.0948289379129104e-07,292.71826723373056
19ee47,6.0833333333332575,31688.326666666668,12.580491129961485,75.0813334773465,7.765276626064943,7.424644518308543,5.919201199130165,0.0,1.58607671775692e-10,1.3455375361266301e-08,5.8542318750893e-09,2.7091080347440636e-10,5.147253113717701e-10,5.818941220133455e-10,6.009687499913021e-09,3.514234370947731e-09,1.704382134646366e-10,1.7308660846346128e-10,1.1691391301736422e-09,6.094421243474761e-10,8.238858292206462e-10,8.502773628272718e-10,1.6003005996509773e-07,4.574964033173254e-08,2.7999955635361174e-10,1.2998189413965737e-09,8.462575067733756e-10,2.6248358367657857e-09,1.3339250719704589e-08,2.2085475305679336e-14,9.274343126002782e-10,0.006991494465812983,3.3801593289784925e-09,285.056482014667
1a9cf6,5.916666666666591,31301.61688888889,17.43429239996589,76.09497396873402,12.902294629391307,8.412807085703525,5.908270941622679,0.0,1.1005518965076562e-10,9.152990586750171e-09,4.844393708377821e-09,5.07395098182627e-10,9.314207193750789e-10,9.425094138571593e-10,8.384706892861112e-09,4.685713877019836e-09,3.3363099699466405e-10,4.381711936688565e-10,2.9701911635243426e-09,7.411031423122705e-10,6.181495184030107e-10,2.912902860312791e-09,1.7271149682899267e-07,6.046235100161669e-08,5.669729510963996e-10,1.895339992280948e-09,1.215398806164824e-09,1.9381129475021385e-09,1.1293710217784233e-08,4.061736769283023e-14,1.921109787288775e-09,0.010446314047956016,6.069017570665955e-09,289.9149095164158
1ac50a,3.5833333333333335,23571.33541666667,14.392453595205824,71.00144447714146,8.635208939535637,6.080513987801555,6.086060568596714,0.0,5.150787852438136e-11,4.309860669432541e-09,1.0865864490437784e-09,4.1132333191381943e-10,8.120687497675145e-10,1.034408394771094e-09,7.04237785811936e-09,3.702474126509009e-09,2.620994789460795e-10,1.8597010445634855e-10,1.140784828304577e-09,5.92535122613298e-10,3.788951167235231e-10,2.3374785092623715e-09,1.635280965397246e-07,5.511571743871318e-08,5.649086008677414e-10,1.2841876127509535e-09,8.551947732430085e-10,1.6753273924910387e-09,1.132116819187959e-08,3.260174273586186e-14,1.395813672631526e-09,0.007822245778054713,1.919181736133991e-09,287.2980333702965
1b548e,6.083333333333333,32537.217637540452,12.417397532076839,74.56848478767152,7.427066432035757,7.125925792214826,5.915535199490017,0.0,9.095365842969331e-11,7.689536989864395e-09,2.796325515177237e-09,3.4926828836884446e-10,6.568529843033864e-10,6.366920331270822e-10,5.664223173327576e-09,2.797862342884197e-09,1.9183161021530737e-10,1.7667447623020048e-10,1.1439721091579082e-09,5.273447898033412e-10,3.458657081427124e-10,1.5224672399090324e-09,1.5282973446980258e-07,4.7038718196417e-08,3.0476006844899333e-10,1.025209667181737e-09,7.553997048314092e-10,1.7115569910745656e-09,1.0630395583768275e-08,2.635579119899107e-14,1.1745624628999893e-09,0.006930406729981597,1.6615361459628704e-09,285.1171865815581
1ca0f0,7.7500000000000755,27671.427663230243,16.154816234608795,69.13462741718608,9.59802172707082,7.305470977715807,5.919523232291084,0.0,5.6403977089592296e-11,4.7241446215219735e-09,2.0552433469875603e-09,1.211464295244652e-09,2.1785358220229324e-09,2.358810333285707e-09,6.391854937830057e-09,3.234743736599505e-09,1.709794067224815e-10,1.3155338570334517e-10,2.5953136221615534e-09,7.427805663837926e-10,8.348965280384254e-10,4.752585151375105e-09,1.6032369093862716e-07,5.159727675226498e-08,5.303002344212242e-10,1.686644509529148e-09,8.541818283148643e-10,1.6409977858639622e-09,9.665026844303717e-09,2.7258552020757784e-14,1.4144387710751444e-09,0.00792493943886782,4.7111251603259174e-09,288.5717437483014
1cc0ac,6.0,34050.694744744746,16.250818656688057,72.56336129959965,10.799174722256101,7.6313830872336945,6.016511015551172,0.0,1.0614086803066406e-10,8.924135696140924e-09,4.161633506739711e-09,6.502971540507866e-10,1.193352278689358e-09,1.2686568043853206e-09,5.073108402347868e-09,2.6742935979032624e-09,1.6813360396324312e-10,1.7635184806941904e-10,1.4643921314929067e-09,5.353001075338202e-10,3.0589486093004926e-10,1.8536443874069126e-09,1.4677650485281886e-07,5.484836469395851e-08,4.991403831995237e-10,1.0425683544855012e-09,1.1829239877036177e-09,1.5833613457264034e-09,8.82182399850356e-09,3.695898828472547e-14,1.084276800650991e-09,0.008810554280138584,2.3650739441622795e-09,289.08060445092804
1d239b,8.916666666666591,25525.168681318683,7.270675465038771,26.004534503665226,5.204043454456539,7.1836694009355995,9.402381979048643,0.007506250242723843,6.745970580136602e-11,5.498033292605886e-09,2.092473669743463e-09,6.609449139724461e-10,1.1703097643883528e-09,4.4872063469125325e-10,6.044726968089266e-09,3.350804564921558e-09,1.7287412608919492e-10,1.79380797329807e-10,1.8713074283401175e-09,5.751012663349182e-10,3.557049563209894e-10,4.1921637309677e-09,1.4687350692631433e-07,5.442656476223901e-08,7.589741268605889e-10,1.8685382611034763e-09,1.1441378611221643e-09,1.0376587863891053e-09,9.95390196173121e-09,4.246306253322327e-14,1.5157282392879643e-09,0.011210995555648647,4.64863833607937e-09,292.21595785629154
1d31bc,9.166666666666591,29264.9125,15.272598981625059,71.40595018767591,9.45625732356565,9.470674856423546,5.868058781074808,0.0,7.302861612721444e-11,6.137295472784286e-09,2.766451250290174e-09,9.71482874505153e-10,1.8573313635379632e-09,2.3898600931820683e-09,7.056079092229727e-09,3.911370635329667e-09,1.952809819463251e-10,1.9459715456161813e-10,2.390978969732738e-09,7.631393724124926e-10,1.183205507850995e-09,2.2637105766962253e-09,1.7220791413130393e-07,5.485203672322791e-08,5.479052423483071e-10,1.8514923467095966e-09,1.1434863553316274e-09,2.1740842667761333e-09,1.1405518149534735e-08,3.1062473159314636e-14,1.781482631914178e-09,0.007912550292659682,4.568164742293273e-09,288.2064767383733
1da921,5.333333333333333,28273.68130081301,8.91573517052418,33.80584045547083,6.026123715783143,6.634193411270367,9.43061303697138,0.0034102814599775576,1.0088148629173258e-10,8.403719853303236e-09,3.990338881891414e-09,4.2987414791500925e-11,7.793746239783546e-11,3.846632883877593e-11,6.606148613698469e-09,4.716461672816792e-09,2.090888131562218e-10,3.6081794677067176e-10,2.432845869091996e-09,8.742226539100042e-10,6.756635426711306e-10,4.467473024914781e-09,1.838695784852364e-07,4.664895793308755e-08,5.257292533307272e-10,1.8377021479838887e-09,9.650169597894823e-10,4.4685762290636765e-09,1.3777855303435236e-08,3.952139362925248e-14,1.279512306190083e-09,0.009590769227354778,8.81511302298256e-09,290.333910011676
1ded5e,2.9166666666666665,32382.898684210522,23.876790064585453,80.92646613892391,20.158768977302547,9.85155703180212,5.748528656600203,0.0,1.6225828078259165e-10,1.3518933449448803e-08,9.176435076672817e-09,4.228987523801085e-10,7.858186701842589e-10,5.929431771107163e-10,1.5834599315941338e-08,1.0947322568696922e-08,5.203880136000216e-10,9.422662764944397e-10,6.651198442968468e-09,1.7441315842159653e-09,9.981218991166907e-10,3.1746417248582897e-09,2.612307788949246e-07,7.036630002800827e-08,1.0378365848754984e-09,3.6098186625692806e-09,4.424473176347824e-09,3.4824365761604152e-09,1.9910865991412647e-08,6.142567395391556e-14,3.6184151613204792e-09,0.014474057099586725,1.6505443262409394e-08,295.2192839758351
1dfc25,4.416666666666591,32053.240476190476,21.861387234504512,77.72681011964553,17.321442873770447,6.08290716042318,5.821456091447274,0.0,8.821352725513573e-11,7.171953105570186e-09,2.4415216735856917e-09,1.3741359045566346e-10,2.2642682722564318e-10,7.048082409338588e-11,1.593243218596741e-08,1.1813094444439598e-08,3.6314657970922554e-10,6.469129966489683e-10,1.922192942309943e-09,1.0127264942339303e-09,1.1816326702870727e-09,1.1289739570384188e-08,2.3721205132200256e-07,3.8027097097670186e-08,7.672164723407721e-10,3.3199436638967467e-09,5.801495715809297e-10,2.5219590203036737e-09,9.615650281873795e-09,3.402820432383184e-14,1.783568070763838e-09,0.01294177796004305,7.716885895762169e-09,294.78756148848703
1e2a3c,5.833333333333409,36640.81811594203,17.663865987800044,68.44889463993285,10.975368607008294,7.419956396882049,6.086613902356949,0.0,8.857196557207395e-11,7.442876236124527e-09,3.803127838824425e-09,1.0560919254370715e-09,1.9822029358307052e-09,2.1074902154953546e-09,4.849961738513355e-09,2.2090805429059433e-09,2.0175577260231309e-10,1.6799061544657435e-10,1.5419873976020824e-09,5.119889290070384e-10,2.7138017705730577e-10,3.3857580521729277e-09,1.449368591787642e-07,5.8841559379940354e-08,5.943759149865057e-10,1.2211353466307254e-09,1.2947313660883167e-09,9.728054695904074e-10,7.613459850611164e-09,3.862378830916655e-14,1.1973752059518726e-09,0.008866107770574602,2.5452284876113386e-09,290.6990535036077
1e2c16,4.0,28910.79351851852,17.128761619568408,80.04696067008129,13.555000415084294,5.057692253466932,5.918207017632972,8.175794689151138e-05,5.0257352390799625e-11,4.028277317730212e-09,1.0122171947655723e-09,9.782906927452883e-10,1.4426257920995993e-09,2.9313311141689473e-10,1.685164488633556e-08,1.0993465030132999e-08,4.007950033694937e-10,4.1105022198072724e-10,3.161236465296926e-09,1.3404613653928501e-09,2.421050198205422e-09,2.0729520351942732e-08,2.565661624281742e-07,2.6801002368461384e-08,7.688421929547221e-10,3.3186731746079555e-09,2.409261032179529e-10,2.7411260807238467e-09,6.986830103263384e-09,2.6106462138216668e-14,1.7401599004684755e-09,0.012966879212490349,1.0516140916240887e-08,291.6101601295954
1e412e,3.000000000000076,30233.677215189873,15.188017469673435,78.28354021421458,11.057456157167056,8.885866241572614,5.96223082565267,0.0,2.109823548025398e-10,1.7785875482313885e-08,8.1898949126207e-09,9.573714710016082e-11,1.864197354291359e-10,2.337752709734639e-10,2.5275264242262883e-09,1.5790396795785268e-09,8.627161138284225e-11,1.3876922847258232e-10,9.452956504181544e-10,3.7327682489678363e-10,2.6718515286290337e-10,4.625753480439284e-09,7.933168213795554e-08,4.2539679106588696e-08,2.80925932815126e-10,1.0402670722435373e-09,1.9895212174235606e-10,7.36319678461733e-10,3.882366378247224e-09,1.709281065066163e-14,6.282531758233925e-10,0.008369899443403484,1.5527634073099915e-09,288.203106352578
1e8526,7.416666666666667,26171.267610062892,25.982346266384,68.19206472944106,18.37128490291098,5.177468645836,2.5190353395303786,0.0,6.927057712223954e-11,5.512801564653538e-09,1.4703389938527436e-09,3.203285375639257e-09,6.0789404614700605e-09,7.532144139208979e-09,8.819734236376648e-08,6.424339728857325e-08,1.14497960431088e-09,2.1211784400217218e-09,1.1314614032317422e-08,5.489673283701951e-09,2.2588232678355373e-09,9.890747346515327e-09,1.1219799065624733e-06,5.467436540257266e-08,1.3406898701714645e-09,5.072485459456391e-09,4.05521175264572e-09,1.4881555151371985e-08,2.8076690467876536e-08,5.990025693430062e-14,2.8516893626376678e-09,0.013393192608211165,3.334405777290287e-08,298.00195684414655
1ea15d,5.666666666666667,29608.74979674797,8.027895181974058,78.78715849417706,4.029370429645129,7.757787815275534,5.766690836482798,0.0,7.596921869867879e-11,6.427791203262819e-09,2.439316624748185e-09,1.592935499537311e-10,2.9648022517460264e-10,2.883248617885574e-10,4.235472060899185e-09,2.1268045539552186e-09,1.4557968868327192e-10,1.1518731458978743e-10,8.519332586741987e-10,5.13845561500245e-10,3.0131290956245346e-10,6.522439417079328e-10,1.4301157279822672e-07,4.428643910625358e-08,2.1750431535486898e-10,6.963278525784924e-10,7.16586734838031e-10,3.6261529704099777e-09,1.4038064260607583e-08,1.6063252896978468e-14,1.0909425820239876e-09,0.005862005863917123,1.4440943641852228e-09,281.3276136657533
1ec930,5.6666666666667425,26304.072794117645,23.169210845472552,73.92543873555273,17.718826959999916,6.6920621247133445,5.92592233389508,0.0,8.167049923768251e-11,6.60116526280884e-09,1.9503139152595327e-09,2.240486375274392e-10,3.600586685601832e-10,8.758203150895761e-11,1.3338779871337805e-08,9.21665807903873e-09,3.447133765228065e-10,5.208236256531615e-10,1.4398579624399436e-09,8.845401759342675e-10,9.055492844860915e-10,1.548310362653557e-08,2.010866928773082e-07,3.566489264616598e-08,8.022091678249389e-10,3.132754514110469e-09,4.284479710220152e-10,1.5965124939254652e-09,7.322253475780302e-09,3.251274194284735e-14,1.5176499399710846e-09,0.012961937163639255,4.223927115939913e-09,295.8953600155519
1ece59,2.8333333333333335,34958.245505617975,24.61519458224821,71.15657860085891,18.719149240223878,8.263473335894306,5.953016160736958,0.0,8.835590438176255e-11,7.243332024484989e-09,3.806500894024789e-09,3.749679393996467e-10,6.601203675502615e-10,3.8651975400471883e-10,5.238687604714377e-08,4.12645686446552e-08,1.618630696248682e-09,3.786738533918627e-09,1.6441882107535463e-08,3.747926425219463e-09,1.6376818768682497e-09,2.788988516095678e-09,7.234674782989393e-07,4.095153336241631e-08,9.26257106954624e-10,3.4703013877762677e-09,7.110749494522337e-09,3.087319209125484e-08,4.475539961486044e-08,4.2627047073930737e-14,2.8601885568893795e-09,0.01492837824289496,4.8791590140365045e-08,296.4246810067546
1f0dba,3.9166666666667425,30625.82040229885,6.720923089824474,76.60585876120048,2.356932047653561,6.995332653592448,5.783035263542565,0.0,9.728420292714679e-11,8.271868638103172e-09,4.150558894142912e-09,1.0075278621976188e-10,1.875261777213692e-10,1.8243428611037843e-10,3.208908426550269e-09,1.6423229611028008e-09,1.1800423571777933e-10,8.114689270277774e-11,5.784718892258173e-10,8.311362899423104e-10,1.6229902073368592e-09,4.167582500751261e-10,1.3868678297230314e-07,5.1742478456430746e-08,2.1208881363930245e-10,1.8677333717247167e-09,4.380922765744963e-10,3.3244065027142375e-10,6.911945452733808e-09,1.978879506205743e-14,1.740361746340312e-09,0.005187742619180196,1.6083271408245357e-09,279.0439693335263
1fefee,9.333333333333258,40683.65340909091,15.137679860402953,69.38074922652386,8.597005578172734,6.59518696555513,5.778102870594616,0.0,2.931634951472733e-11,2.408526046878636e-09,4.6123232407566737e-10,1.0623902930949198e-09,2.0185650676908415e-09,2.9203552609910666e-09,8.953633854248115e-09,5.362259179784579e-09,2.5057604699460123e-10,3.147272360535949e-10,2.5983072535999573e-09,9.547958074845382e-10,2.4467166978500573e-09,2.012855650404254e-09,1.9905424727995643e-07,5.805083956050362e-08,6.751819199416233e-10,3.053623531568278e-09,1.989924435999622e-09,6.963361513776628e-10,8.521679047572643e-09,3.604155342514204e-14,3.4270299277151987e-09,0.008126604741807791,6.6429986288646005e-09,288.11299808583266
20b197,5.7500000000000755,25319.811855670105,7.062898405674739,27.065817328679977,4.963407145102656,7.073894035522258,9.34962589525098,0.005678734871979264,6.880330334203866e-11,5.626304139865424e-09,2.28198544740836e-09,5.960899855382753e-10,1.054509832834434e-09,4.114454771265119e-10,6.113250203279644e-09,3.393643087702376e-09,1.7423166994644964e-10,1.7649897409062345e-10,1.8519399219858975e-09,5.866257206370998e-10,3.6330858458626754e-10,4.169268121502571e-09,1.484781198285962e-07,5.479835584006903e-08,7.13604396845275e-10,1.8451349571594297e-09,1.140206302196128e-09,9.944078985074999e-10,1.0034210296809564e-08,4.0748108229569476e-14,1.5668178098741076e-09,0.010843342585549176,4.6400377375757465e-09,291.6512929338801
20e17f,4.4999999999999245,29390.6,13.01251072226088,76.1560677308582,8.361175453633855,6.458973161452706,5.9336048565202235,0.0,7.387712741962267e-11,6.218183424210095e-09,2.271586711511249e-09,3.850579430207587e-10,7.258566279432524e-10,7.673952362152488e-10,5.549249441065891e-09,2.807723655796802e-09,2.0357765418657355e-10,1.5820211801122252e-10,1.053524407402029e-09,5.708696390792829e-10,3.363936456061639e-10,1.3301203659362773e-09,1.5785100813702235e-07,5.693650631743143e-08,4.75489535434799e-10,9.957916916940022e-10,9.204094278403516e-10,1.1654752688441886e-09,9.115968093981502e-09,2.9040000404855554e-14,1.2462721293407892e-09,0.007633445103194913,1.294603030877697e-09,285.82470474721464
20ec38,7.0,33805.38162393162,17.121105301657053,72.85903153726235,11.830108311305603,9.180461134292146,5.938417808949585,1.3243627862201019e-05,9.26851249914142e-11,7.699167578812899e-09,3.762706269334184e-09,5.711544117641024e-10,1.0203404722770651e-09,9.728180771998554e-10,9.722002456229078e-09,5.5335803765728524e-09,3.9819960509405424e-10,5.520698891514276e-10,3.2529369267840338e-09,8.622780485727879e-10,6.21347175375332e-10,3.064858148288852e-09,1.941118265819627e-07,5.78718791546557e-08,4.781173873164907e-10,1.970249328219522e-09,1.1856309412660285e-09,3.770752220996159e-09,1.2786726977961398e-08,3.629702331349247e-14,1.999786153358256e-09,0.009835910674973974,7.678640844290779e-09,289.137221990876
22655b,3.4166666666666665,28749.001923076925,18.20163075089828,80.78639626886687,14.41008021054876,5.1001856403377746,5.85887683178835,0.0,5.622378575267791e-11,4.506288313461074e-09,1.4315313701530222e-09,1.0610773864384107e-09,1.5219528226039956e-09,2.4361923698836077e-10,1.8888180554694962e-08,1.2331151031294866e-08,4.827341923224245e-10,5.08395422264514e-10,1.1484040572421678e-09,1.485771027992194e-09,2.669082285225829e-09,2.0290435435145903e-08,2.8431823753459876e-07,2.603628648073954e-08,8.230941835627475e-10,3.5265888155426037e-09,2.1505468574877413e-10,3.4800213237845153e-09,7.229987008373101e-09,2.381880755160081e-14,1.6233753743453879e-09,0.013200615518022957,2.082743719510768e-09,292.28121532174697
234d70,5.7499999999999245,23771.697967479675,8.131150132848402,32.145048488560924,5.8416848093020555,8.360026742374666,9.046049069461759,0.0056822210874055,7.396998725473914e-11,6.082242194008377e-09,2.50736013613426e-09,5.454845336688742e-10,9.728673019591131e-10,3.9974465391237264e-10,6.513949623116335e-09,3.677582739925535e-09,1.882828261035525e-10,1.9041099263982242e-10,1.6953842220054561e-09,6.55694597474316e-10,4.4824892152824986e-10,3.371120092705125e-09,1.5431389809191378e-07,5.876061906570032e-08,6.239447280881233e-10,1.7213226001453028e-09,1.105937680732366e-09,8.183685746961882e-10,9.676259130292204e-09,3.723716511465227e-14,1.7647390317889942e-09,0.009847556141803548,4.296213377924703e-09,289.38218156804203
244977,3.083333333333409,34382.19699074075,23.48138610270426,80.69812146217883,19.753737585285403,10.098980124767184,5.675548855148566,0.0,1.657913728491114e-10,1.3829000349046362e-08,9.447275263473051e-09,4.237181948519785e-10,7.919328551619246e-10,6.044119823202243e-10,1.6076885492327722e-08,1.1077156800664647e-08,5.328367890036053e-10,9.583175575617823e-10,6.932806948269266e-09,1.7764808055681592e-09,1.0067783554312627e-09,3.0485008239787043e-09,2.6435407315482186e-07,7.027985814606988e-08,9.61291816918978e-10,3.527349088563498e-09,4.3501034199815436e-09,3.5786437080908855e-09,2.0200917120913834e-08,5.844253593555372e-14,3.7128408339169557e-09,0.014118759191758343,1.6456105218983748e-08,294.8332380239095
24e25f,6.6666666666667425,32051.658024691355,15.296727266610409,72.0593177988978,9.729567897501534,10.542041831308365,5.8942780189357435,0.0,8.007464831148635e-11,6.721110011124106e-09,3.1948395225078065e-09,8.705700476867936e-10,1.6287806823256102e-09,2.0153913658984296e-09,5.247553472394842e-09,2.5010268448907194e-09,1.550643159272732e-10,1.1082157847277648e-10,2.400178589162237e-09,7.174977045070067e-10,8.489025938009585e-10,1.457106137056414e-09,1.5123690846859973e-07,5.600281597350928e-08,6.058502191996349e-10,1.3881342478186558e-09,1.0690923642490643e-09,1.712909172033795e-09,9.292187983464688e-09,3.069913064624708e-14,1.283166603420063e-09,0.008121948400253771,3.8476536492125914e-09,288.49495096802013
255bee,5.833333333333333,29699.652727272725,15.703859361185623,70.29388310412146,9.471434131491035,9.490225568447896,5.887844735466116,0.0,7.624697186788908e-11,6.4122405973321485e-09,2.911819606274208e-09,1.2115212379891096e-09,2.3123929600110446e-09,2.879078780280725e-09,7.997682380567158e-09,4.6396983294609105e-09,2.1687956056725222e-10,2.417047594271706e-10,2.820205735144389e-09,7.919378406006727e-10,1.0067530111872379e-09,2.509616287555007e-09,1.836740547608327e-07,5.407830889105055e-08,5.709524729921608e-10,1.7529437254551775e-09,1.2977018501772242e-09,3.298349829665351e-09,1.1445465162029586e-08,3.363498496205367e-14,1.4755565986940693e-09,0.007953943795772526,6.846325739874688e-09,288.55066294887456
25a31e,5.1666666666667425,28009.159356725148,17.622500452235826,62.86699696263417,9.592802977374097,7.02118872305319,6.109671977761018,0.0,4.9181335884034494e-11,4.098109488411392e-09,1.2774846707196886e-09,8.447412711075202e-10,1.5263735593239003e-09,1.549559661707102e-09,6.197948140702395e-09,3.4263178970751596e-09,2.044160235948138e-10,2.5811332301655627e-10,2.2435693726763547e-09,6.473498536588258e-10,4.504477525318668e-10,2.47169757278333e-09,1.6467611385877872e-07,6.139912083860729e-08,5.548783268168671e-10,1.6481995067360634e-09,9.947221840197062e-10,1.2070358277809695e-09,7.486363250399739e-09,2.9861623898473503e-14,1.3679957619918968e-09,0.009499256109935135,4.067130566416543e-09,291.15002680069836
25cf0e,5.833333333333409,32227.004629629628,20.143956933758794,61.655930957990755,11.760856703107411,5.732580769223465,8.216484977497693,0.00011658728112878009,3.512646249307064e-11,2.8538056808095024e-09,7.708645596879567e-10,6.424550915800818e-10,1.1564636803778456e-09,8.647087230326545e-10,1.4340666898872752e-08,1.0688805778534157e-08,2.582449516794415e-10,4.245818032032457e-10,2.3741098725975368e-08,1.1626609226162395e-09,1.5979436195455906e-09,1.837347440137597e-08,2.581823844969464e-07,4.220671099292255e-08,7.782495033546013e-10,3.4745864567563134e-09,8.501900054360738e-10,6.445145479320785e-09,1.2445213808161093e-08,3.8771153656576734e-14,2.006532494901616e-09,0.010108463898465455,1.1106277599716826e-07,292.57584543200846
261997,3.9166666666667425,32084.887978142073,21.84066759152571,75.47815947245724,16.713691398076893,5.8636773596504925,5.851407326951446,0.0,7.499439930266434e-11,6.085220625266109e-09,1.911133429892127e-09,2.3483693302622813e-10,3.828295526286452e-10,9.187752086890738e-11,1.7615014793294362e-08,1.3256675683819644e-08,3.932676015932659e-10,7.330413684363094e-10,2.2106517501140063e-09,1.1014190583408292e-09,1.2870560601043674e-09,1.312290564480995e-08,2.5731044562805687e-07,3.7790478317053455e-08,7.403727153658226e-10,3.5242019057745066e-09,6.468129529097121e-10,2.915375521142397e-09,1.0597145467262258e-08,3.480961372242961e-14,1.978304977249489e-09,0.012536137810064345,9.759187099869573e-09,294.6230882951981
266e3f,5.8333333333332575,31027.762601626015,14.444772663120839,74.47250507007682,9.336875219840538,6.316709335250471,5.807077383703911,0.0,8.541621338034352e-11,7.1994684196423235e-09,3.2424110085368117e-09,5.308809598446896e-10,9.791905196388633e-10,1.023679531776297e-09,6.3216667029606076e-09,3.496361305613752e-09,1.7549038868971162e-10,1.6031102519524262e-10,1.2754496779730218e-09,5.897542332056256e-10,4.284982183477501e-10,2.5984363933581844e-09,1.7057093158612148e-07,4.957278675887401e-08,4.043514654270057e-10,1.2461741994519616e-09,9.835139283905015e-10,2.62100786258147e-09,1.059377219022065e-08,2.875072732250609e-14,1.3075462445637324e-09,0.007854386965083388,1.989636188568332e-09,286.59445869264687
26f93d,5.8333333333332575,26545.093486590038,17.719485830759652,69.47086045104841,13.333726803524304,5.728870410290157,6.362638854783249,0.0008074268212582362,5.3615920063612957e-11,4.335316759935398e-09,1.134501434115251e-09,7.6987490015491e-10,1.203672601392585e-09,3.5891756131298314e-10,1.559921871973871e-08,9.844686282676081e-09,3.948525332642047e-10,4.286108148764741e-10,3.156522957120026e-09,1.1318932330940672e-09,1.3589442816271731e-09,1.6714372972076665e-08,2.3512854737320905e-07,3.81996727810421e-08,8.346439077166876e-10,3.412400518347539e-09,5.233208444906212e-10,2.482652311671645e-09,8.376033932640813e-09,3.5599282573564556e-14,2.328762063714242e-09,0.012169908959133533,1.1864518962268055e-08,291.78469945232484
272b37,5.9999999999999245,31176.99176470588,12.234658683266835,75.71374513437239,7.552142042102126,7.484828560437015,5.882895053675331,0.0,1.5126386794620132e-10,1.2831020121237001e-08,5.3984547654513525e-09,2.611265127689738e-10,4.842841604942183e-10,5.048879392088548e-10,4.953600434978481e-09,2.5641320594540314e-09,1.648528159242327e-10,1.490558890015609e-10,1.1208093258721316e-09,5.5637953275472e-10,6.227601092581403e-10,1.0235077259579322e-09,1.4716357756769989e-07,4.531932468520032e-08,2.592035518545306e-10,1.0191654477854637e-09,7.549055129219757e-10,2.425504883433784e-09,1.2385065066077157e-08,2.123312894905513e-14,9.206312143403351e-10,0.006896212518754217,2.3094775255648624e-09,284.8530311968326
27e6f6,5.833333333333409,29910.40648148148,28.100277785793278,75.73069204374588,23.180259054368477,5.3442857545475455,5.949702823875105,0.0,1.279731335508494e-10,1.0338224995833354e-08,3.826749265658212e-09,1.7548005709996558e-10,2.998936268527063e-10,1.30978209493122e-10,1.595888736342564e-08,1.2245355152131092e-08,2.669925110872261e-10,5.18062957494741e-10,6.5192126746431815e-09,1.2057396414390607e-09,8.273063535590012e-10,1.1867209544491513e-08,2.3477302050983053e-07,4.775250401529543e-08,1.1008520264836301e-09,3.4797217020896834e-09,7.509330488441563e-10,2.1231147748111145e-09,1.0290127824386624e-08,3.9600856069971426e-14,1.4127237352328712e-09,0.017066317179861495,1.9621058515551314e-08,299.3876931017613
280763,5.4166666666667425,32411.022815533983,27.81555242726558,42.187501817456365,11.020283087406296,6.3363450315277685,5.859178090580022,0.0,3.3483216227052754e-11,2.6392195610018808e-09,7.616283802655505e-10,9.381844666653333e-09,1.9543282556838737e-08,3.983686474293649e-08,8.907427604190517e-09,4.2178882115144385e-09,2.6885425044752717e-10,2.2418495509228282e-10,7.887870655680268e-09,7.808007457735509e-10,3.368090498449722e-09,1.1047640870969656e-09,1.80979185512282e-07,7.634850139629673e-08,1.3715153291434947e-09,3.990681353976993e-09,5.467928710349742e-09,1.800862369608432e-09,1.512143631671246e-08,9.031881988774741e-14,2.1105736885463465e-09,0.01035188806763662,2.5585352792942694e-08,300.0686453019576
281c9a,6.0833333333332575,32031.347537878788,12.713560893250595,74.80853048257165,7.74274810585153,7.403237679226612,5.880807693156485,0.0,1.4758612129833218e-10,1.2510548565247182e-08,5.273247527109939e-09,2.6535380658659503e-10,4.876352609416381e-10,4.907692412471733e-10,5.1140786349993035e-09,2.642709764375423e-09,1.722474650274845e-10,1.5525857711997827e-10,1.2232701518156818e-09,5.556245025661397e-10,6.208424934321804e-10,1.1419006694729973e-09,1.47752439283587e-07,4.571986822523111e-08,2.8368039778416984e-10,1.0823473445315152e-09,8.352955519965138e-10,2.3753628009694685e-09,1.2429651377986417e-08,2.342052745892016e-14,9.375550044436997e-10,0.007020186106567211,2.7383199785568817e-09,285.30218985926194
282771,5.916666666666591,27126.39761904762,8.478264802139506,29.957996864060927,5.957619840650882,6.983775017536253,9.369347659061122,0.007330009065643331,6.648057544612145e-11,5.4154860064615555e-09,2.0448349096679805e-09,6.402131165338726e-10,1.128947567315689e-09,4.3402271608885373e-10,6.475829455595377e-09,3.6071562927160103e-09,1.966884692599662e-10,2.0255125650079783e-10,1.8602014662353236e-09,6.021723844655223e-10,3.5444350517295966e-10,4.991009519559885e-09,1.518013699699024e-07,5.4983710403503836e-08,7.758977273184404e-10,1.9239121101326143e-09,1.1182574906721176e-09,1.0839314663401662e-09,9.82228825144304e-09,4.222997189216816e-14,1.5142162720220191e-09,0.011167386947682554,4.569494706800221e-09,292.32091150880547
289ad9,4.0000000000000755,28007.7093220339,18.19664158592772,74.46548919164621,13.141197181616896,7.845465338989992,6.094578599015229,0.0,1.2949671959648482e-10,1.0894392215021017e-08,6.077409418017731e-09,1.2584546434911639e-09,2.365115238593213e-09,2.863995358331799e-09,2.9264634064416158e-09,9.35737784161422e-10,1.155911959812388e-10,6.246006643190574e-11,1.7930562593985341e-09,5.015244365571009e-10,3.256145128112847e-10,3.522713701129271e-10,1.2653981218054314e-07,7.150068553346258e-08,8.098489497657598e-10,7.659039281220372e-10,1.6899637185458689e-09,4.5150027864677946e-10,4.341891456757114e-09,3.9432825876388574e-14,1.0046787558110175e-09,0.010420261374280827,2.3098282219701718e-09,291.9584721983745
28b0ee,5.583333333333409,33493.786458333336,16.681458816666876,72.30722789072676,11.132426231759437,7.11167944502018,6.008751143845273,0.0,9.205901817577187e-11,7.746549635596111e-09,3.663431693131698e-09,6.625796602413846e-10,1.2216826575751748e-09,1.2527884215543073e-09,4.673810908501683e-09,2.3817362919422266e-09,1.5635005626741474e-10,1.560982891780495e-10,1.508982092457226e-09,5.128436060931117e-10,3.1628315088691726e-10,2.551052742156853e-09,1.4586693068743394e-07,5.708957696763278e-08,5.137618737346137e-10,1.1542039269540912e-09,1.3134511707717776e-09,1.4067135399081495e-09,8.25721948060369e-09,3.550935651022977e-14,1.2109549787466037e-09,0.008870314210211384,2.557047248599267e-09,289.5559721543645
29b687,4.4166666666667425,30608.28615819209,16.802060607371846,76.18324635295825,12.328244732473635,8.550450143765199,5.937962395751872,0.0,1.034055342007969e-10,8.621232265322845e-09,4.7318897913384944e-09,5.264464539426129e-10,9.581636192503882e-10,9.330567243858232e-10,8.360874164483848e-09,4.61209122928279e-09,3.3819253258415695e-10,4.409334297035487e-10,2.9467889974020854e-09,7.613822213582057e-10,5.875106186588959e-10,2.748306978720897e-09,1.7398799514447072e-07,5.974429746747707e-08,5.168031427263311e-10,1.8144021326127852e-09,1.1064658994125036e-09,1.983178308610307e-09,1.1725790606284256e-08,3.864477633401808e-14,1.9283232337727496e-09,0.009977267938375056,6.3479291470268264e-09,289.0918799927613
29bf18,6.083333333333333,26565.380147058822,25.851032679767687,67.63672159427021,18.19269142603959,5.322936820458633,2.6453953333429827,0.0,6.902695843945343e-11,5.470104458297854e-09,1.3548278237680862e-09,3.011593764580855e-09,5.7921864739905586e-09,7.12790727875081e-09,8.908257758687899e-08,6.562461719315082e-08,1.160865331798941e-09,2.2080064981045907e-09,1.1257339942531053e-08,5.448123506884673e-09,1.8483543403366144e-09,7.11644353413432e-09,1.1282093329422712e-06,5.2980692433576185e-08,1.2863705798774791e-09,4.434470230772414e-09,3.860533727453846e-09,1.6525410729276226e-08,2.8306409185248908e-08,6.270318579509755e-14,2.327727718210921e-09,0.013452582744011342,3.580761873800095e-08,298.1047298037545
2a6f60,5.8333333333332575,2082.5,26.283185274109645,79.30075206082434,22.35453481392557,9.286504601840738,6.21,0.0,9.71318239600117e-11,7.853319675906585e-09,3.258551389524902e-09,5.253208797192711e-10,9.351841892444143e-10,3.7018785963542973e-10,4.7561893368805214e-09,1.816575981045803e-09,2.419711075520591e-10,1.4445390722735772e-10,1.237030133148258e-09,3.9045915153687366e-10,1.719972400290552e-10,5.04527376641271e-09,1.2515955245196617e-07,5.2048423547338446e-08,1.3365199210162763e-09,1.64242654278789e-09,6.615546269508983e-10,2.704660070310467e-10,3.539500124381915e-09,4.8739303875509344e-14,7.237198623514529e-10,0.0156895213866339,2.1068401767741947e-09,298.02060435929207
2a9674,6.166666666666667,35264.41143250689,11.85479389002743,73.6286627414278,6.584902153360543,6.76463343261314,5.842003548690555,0.0,7.066807294636105e-11,5.969125808078228e-09,1.8146448951341801e-09,3.3379905613402223e-10,6.275777108981747e-10,6.0929647303214e-10,6.2511931161791775e-09,3.326238548102192e-09,1.9472755921375345e-10,1.7431926806447678e-10,1.3185598694376674e-09,5.587044927762416e-10,4.784993453224539e-10,2.518249076647389e-09,1.6244262930247366e-07,4.6254048380386794e-08,3.0254955018445235e-10,1.255737629704937e-09,7.347219724117263e-10,2.0950966155356725e-09,1.0618032862189501e-08,2.425488160700206e-14,1.3347357615433257e-09,0.006609044880304821,3.8993232816846524e-09,284.40639122762127
2b072f,5.25,35917.695931758535,22.12999550529353,79.1791686650944,18.077602851118737,8.800887831073796,5.617736873880537,0.0,1.4537110583565735e-10,1.2082363373551944e-08,7.540110354117225e-09,4.1428219848637246e-10,7.605835237307856e-10,5.552928040373922e-10,1.5781858671242747e-08,1.0843631977976372e-08,5.249043600262175e-10,9.368974350570688e-10,6.219695319588196e-09,1.6077648927995828e-09,9.94352058205423e-10,3.116043316015803e-09,2.57518911237802e-07,6.48651350343953e-08,8.770387739140573e-10,3.049643582699169e-09,3.7122362844141562e-09,5.162370790510128e-09,1.863891365960078e-08,5.278916240927746e-14,3.0996915558934312e-09,0.013498981490599716,1.513639289382422e-08,293.7084419902663
2b2fc9,2.999999999999924,33565.768055555556,23.41865637664443,80.07895230283675,19.559227825052268,10.30035129859773,5.693492258507539,0.0,1.6940005452618946e-10,1.4134979981783742e-08,9.717636783592844e-09,4.146023089539145e-10,7.7711434385396e-10,6.161901372396518e-10,1.5767777987255176e-08,1.092949107601755e-08,5.235332498449432e-10,9.54894739190063e-10,6.8345013395874e-09,1.7392658830071272e-09,9.756547407442604e-10,2.9255289048314226e-09,2.6106330516235833e-07,7.029857856787527e-08,9.61230286513064e-10,3.4198645258699144e-09,4.303142694318537e-09,3.5185030802306244e-09,1.9241588390056123e-08,5.918642641343374e-14,3.5857644751735897e-09,0.014050695377466406,1.6263125674839396e-08,294.7387860524403
2cf591,5.9166666666667425,26098.096268656718,16.669871286470983,69.05903437254484,10.03001981936483,7.45552850170233,5.924015711342871,0.0,5.891869906496003e-11,4.923712358585806e-09,2.1309292802562923e-09,1.1275984569018344e-09,2.0458922364682634e-09,2.2584601233615328e-09,5.775101255810865e-09,2.6933896212547402e-09,1.6713490338271674e-10,1.1537531069382452e-10,2.6223795839735705e-09,7.141584170659539e-10,6.511490673067095e-10,5.053613646685623e-09,1.5229065109948354e-07,5.405327127360737e-08,5.834680271610528e-10,1.5704105900381364e-09,8.78866562202669e-10,1.2711750207653628e-09,8.545227025919795e-09,2.681673766943241e-14,1.3738901765634234e-09,0.00826341161981764,4.211904069675075e-09,289.2092663422597
2d3a5e,5.0,33703.83382352941,7.928561520642899,78.3577989719612,3.8929009423293706,7.948283913741273,5.7437257016353245,0.0,8.81781269277118e-11,7.48133010127564e-09,3.029735712385512e-09,1.3195120783593466e-10,2.423531393036153e-10,2.1944963636617512e-10,3.561548811139786e-09,1.6169183043940398e-09,1.3980729693310592e-10,1.0834722373252591e-10,7.502256962902754e-10,5.854975477956761e-10,6.271441088034375e-10,3.8025911676990944e-10,1.3366238658872942e-07,5.439669030482747e-08,2.3134467091184177e-10,9.837132306760535e-10,5.647840916433933e-10,3.326436302510348e-10,5.284889898136686e-09,1.9531975603629512e-14,1.2980202401851977e-09,0.005710008695616684,9.664752138709291e-10,281.3639292887199
2d6473,5.916666666666591,33714.861764705885,27.340558776856426,85.13260815334405,24.41029178852527,4.51634320832701,5.87874622437599,0.0,6.697284414292739e-11,5.297730103552169e-09,9.332455938386274e-10,1.9153878810654734e-10,3.1674924460157115e-10,1.4125849573826015e-10,1.1911940831686009e-08,6.705002723307055e-09,2.5456523547415435e-10,2.904110433976841e-10,2.981667211695573e-09,2.117136875198737e-09,2.3321944894161357e-09,3.675210866143664e-08,2.1898307264317466e-07,4.1596979622231775e-08,1.5799644073979545e-09,5.785657651343462e-09,4.897677212858798e-10,8.116366329549807e-10,5.188222002165434e-09,1.766241960340171e-14,2.228702401488081e-09,0.017625169296258982,4.611143408280049e-09,299.1579097664458
2dc203,7.5,32101.469587628864,16.776582075494055,72.62167019958392,11.383131113524001,7.715095337486938,6.005384023072134,0.0,1.0526045468543133e-10,8.844443217429943e-09,4.125621909914445e-09,6.087367460523169e-10,1.127293573082674e-09,1.1661714080600394e-09,5.1369783002121045e-09,2.6272150241998877e-09,1.7626598380143717e-10,1.7646586016540609e-10,1.5279964928009884e-09,5.355184467989328e-10,2.997080424411065e-10,1.909073129901901e-09,1.456674276735213e-07,5.6791483855326115e-08,5.296356103272763e-10,1.1000740418882642e-09,1.247763618374976e-09,1.4877175345397643e-09,8.611289381611282e-09,3.804465066524896e-14,1.1103693287698357e-09,0.009132905809269407,2.5269077994171094e-09,289.59989754211796
2dc3f4,5.8333333333332575,34393.146078431375,16.290354930013795,71.86835640538617,10.752975463047415,8.610476351913507,5.852994736501639,2.238131803243548e-05,9.59439111557379e-11,7.977186969379902e-09,4.076228164350543e-09,5.695067671439507e-10,1.0272557486491732e-09,1.01597001601926e-09,1.2167332346312811e-08,7.375647985563066e-09,4.717181431161379e-10,7.000332161971215e-10,3.4423313394688725e-09,1.0437655154469403e-09,6.505329073111719e-10,2.8946173805973245e-09,2.2043449631218005e-07,5.721353993545325e-08,4.648210591714633e-10,1.9052695967090713e-09,1.3348792171554192e-09,5.079126853861797e-09,1.3942445831559986e-08,3.6851149739980304e-14,1.9759339076770354e-09,0.009539751140765582,1.0074746621202341e-08,288.6783974214317
2e9a0f,3.833333333333409,33609.04247787611,16.659238960561083,72.68869598895343,11.203710835199086,7.23409710449847,6.02884908847058,0.0,9.34219172292506e-11,7.853165673643161e-09,3.6692683430495317e-09,7.102849189745647e-10,1.30631506953359e-09,1.3781847075363536e-09,4.794215114303422e-09,2.5129331656375977e-09,1.651175061996217e-10,1.77796534003769e-10,1.5108709037784972e-09,5.321226207049973e-10,4.624483475502823e-10,2.155135729477321e-09,1.4674364917963862e-07,5.786791447864414e-08,5.315027597771636e-10,1.1737932541593273e-09,1.3828696868980111e-09,1.3475151833098496e-09,8.273967019709667e-09,3.640901017866612e-14,1.1986013352622961e-09,0.008963308864724349,2.633242716937715e-09,289.5377085233029
2ee526,5.916666666666667,27037.11666666667,5.538622965504568,24.66274500777573,3.0093805089478196,6.675332071560067,9.287967822201901,0.005953733233560231,3.357801971958383e-11,2.756246977192299e-09,8.840634631927489e-10,3.466494968081378e-10,6.236343349753762e-10,4.129222747456281e-10,7.257149776960029e-09,4.020656445503869e-09,2.079493851179887e-10,1.9830745584034795e-10,1.8604734722748272e-09,6.586367875337651e-10,4.0701260104379996e-10,7.75693210918454e-09,1.6921666522990436e-07,5.479492049382674e-08,5.916695436163202e-10,2.2962264352069502e-09,1.0199426077986378e-09,1.6180968228852322e-09,1.0912266478951922e-08,3.276491223158492e-14,1.9998630006350765e-09,0.00854307836192096,5.345959690593793e-09,288.76715538874913
2efea8,7.7500000000000755,25036.23888888889,8.153637452566905,31.23829060738218,5.693333682394926,7.186152505799658,9.312321954353502,0.006449980811251368,6.910032337658034e-11,5.653819600861927e-09,2.3172756894647845e-09,5.499800642003951e-10,9.583258346466203e-10,3.627773555658488e-10,6.3423409650834814e-09,3.665394739153603e-09,1.7632217305674001e-10,2.0658760165329462e-10,1.895058074605964e-09,6.040509598908258e-10,3.8751472365790395e-10,4.552728053259336e-09,1.5167545832246278e-07,5.362042594944212e-08,7.046515056317487e-10,1.864277512886131e-09,1.161098914313138e-09,1.2865542129159258e-09,1.0487243317054075e-08,4.0591259359729964e-14,1.5282830693807083e-09,0.010919293020839785,4.88511193943032e-09,291.6675225785374
2f282e,6.0000000000000755,27038.456666666665,5.246645297856182,24.165139227683508,2.9745199780305565,6.733917065267287,9.347676017213065,0.006361967545821614,3.7743002450100254e-11,3.0918114617763917e-09,1.0384292360661898e-09,3.9777031634098325e-10,6.929524373752317e-10,3.478143987385459e-10,7.240694723496589e-09,4.020068229527424e-09,2.1270674026733178e-10,2.0780605203362122e-10,1.956692508402439e-09,6.44572149783411e-10,4.0383275168674285e-10,7.97223402555885e-09,1.6782663507513186e-07,5.443444575537151e-08,6.101447828441592e-10,2.3795268010613167e-09,1.0053539719070547e-09,1.5559755291208766e-09,1.1201836843621433e-08,3.034613513532185e-14,2.065165932386803e-09,0.00884478105158208,5.526375299205185e-09,288.65518136190394
2f28b1,7.083333333333409,27480.071333333333,10.68446650589498,63.904484258519794,2.4230413717715926,7.62791680928052,5.360674254319698,0.0,1.5695689682610077e-11,1.2977269667908324e-09,3.4522465168857073e-10,3.4012456041377996e-09,7.143820201762521e-09,1.2089002955626914e-08,5.200313716030947e-09,2.3334303487023025e-09,1.7325107593566967e-10,1.0718064037170308e-10,1.8815225343197376e-09,6.477662012284658e-10,7.026134331335672e-10,1.926643320241267e-09,1.4941330918337922e-07,5.519237030203732e-08,4.95288288238141e-10,1.0988854242156701e-09,6.775357432873761e-10,1.0383225430923907e-09,6.169952112480137e-09,2.7433024691339643e-14,1.1950913062977014e-09,0.005747683237387991,4.423234259915639e-09,283.1328486523136
30253b,6.75,31590.15861581921,26.879045697672733,56.661471972239184,16.092116265763554,7.2370741024007055,5.4730332342422185,6.577264620635085e-05,5.382927649641442e-11,4.303276565621736e-09,1.2345723255254656e-09,6.446889994000155e-09,1.2160396874151579e-08,1.6347034321130312e-08,2.0006575548280448e-08,1.1926067623367606e-08,4.683134494265217e-10,5.727517925798482e-10,6.26420681663771e-09,2.615615872644621e-09,8.426113386185444e-09,2.76470706293527e-09,3.0996830825538707e-07,8.997176101394777e-08,1.8704108247154753e-09,6.996190913387138e-09,7.962680416564847e-09,2.1695167452615765e-09,1.9044538564164893e-08,8.420963916285037e-14,5.514572085115519e-09,0.01290873362972326,1.0282640619146376e-08,298.97116226056073
30e8a1,10.083333333333409,28545.710714285717,15.576489926388662,70.76551356366454,9.524549173417144,9.081217768533987,5.854105270455528,0.0,6.967257863896381e-11,5.847539431985251e-09,2.5662028919779732e-09,1.0641875437854262e-09,2.054304046759469e-09,2.857864708132676e-09,9.738177659085215e-09,6.104794519127881e-09,2.431238508938575e-10,3.088909219684269e-10,2.8311457164228625e-09,8.932261060728958e-10,1.2747210463951804e-09,2.519378855298659e-09,2.064562855429805e-07,5.2718558554280224e-08,5.496329260706796e-10,2.0753006569454045e-09,1.3334160443040793e-09,3.596939921143135e-09,1.2253331451932712e-08,3.126062927039906e-14,1.4966802909509553e-09,0.007845120157165127,7.332206257049666e-09,288.42766752086635
3144e9,7.3333333333332575,32034.229563492063,16.51531345703536,76.53165584826976,11.991846454076935,7.4772232295471825,5.76467479116314,0.0,1.19550081366499e-10,9.957768960860574e-09,5.435443343309682e-09,4.68018842213358e-10,8.500260489335689e-10,7.70725977254388e-10,7.89372756764227e-09,4.233028352710943e-09,3.4947570900202276e-10,4.6017841824363226e-10,3.018219389122946e-09,7.301344529898269e-10,5.255553126407313e-10,2.406877231624753e-09,1.6842255182994325e-07,6.114043216018076e-08,5.18758004786829e-10,1.709687789971353e-09,1.2764294604450633e-09,2.3340447035855324e-09,1.1821134079644966e-08,4.0800393765162715e-14,1.885195256972634e-09,0.010128105500338744,6.3661789964424944e-09,289.99526846970787
315ab4,7.75,30046.690366972478,15.964151212114764,69.56548132766372,9.554383527154256,7.497372712002974,5.912098383958504,0.0,6.156724002109544e-11,5.159908576725206e-09,2.245398506481497e-09,1.0860990393362408e-09,1.9789977872320384e-09,2.189518929471808e-09,5.981076447229057e-09,2.889229788231313e-09,1.6933106343845427e-10,1.1758575525389558e-10,2.5448678151147837e-09,7.204309085453868e-10,6.858881677630942e-10,4.272616467584204e-09,1.5428961809559207e-07,5.226821213746414e-08,5.389654936199961e-10,1.525549022467718e-09,8.519230540296381e-10,1.5107400299263011e-09,9.11040208693663e-09,2.883862608802574e-14,1.3553612885396465e-09,0.00808361536132372,4.490594371843685e-09,288.3784968233701
31b745,10.0,35068.92633053222,16.41295721875421,72.99512180478348,11.133436778165297,7.5837460550787315,6.0464033356521085,0.0,1.020742654369335e-10,8.593612224967427e-09,4.016504575278707e-09,6.420000597811345e-10,1.1858992860414835e-09,1.2786049159375155e-09,4.929611514949122e-09,2.568474977330303e-09,1.658395971204669e-10,1.7815759635226232e-10,1.5330830253189652e-09,5.148446003091117e-10,3.195861075025804e-10,2.352260389312097e-09,1.4235136916057176e-07,5.3146773976510374e-08,4.6207268888639763e-10,1.0934870930787592e-09,1.2350973479218595e-09,1.4097232618160446e-09,8.62480650146645e-09,3.415503505921221e-14,1.1022544935476541e-09,0.008849562713462973,2.5693866018814683e-09,289.198566087009
324fef,5.9166666666667425,28058.350383141762,8.818040443608659,32.509956169121985,5.738017519176845,6.569345819117929,9.40622075861144,0.0031936691867847076,9.970066028128386e-11,8.301750750290017e-09,3.8638632440659404e-09,4.275948453702766e-11,7.674114240525124e-11,3.712840109250868e-11,6.643031229759211e-09,4.760562595407534e-09,2.1610796548050505e-10,4.054197206143528e-10,2.4823475499619425e-09,8.761253425970564e-10,6.962594404192919e-10,4.309669348668318e-09,1.8624707228189048e-07,4.592414367968278e-08,5.041657268375755e-10,1.9009556829521938e-09,1.0001489975678758e-09,4.78151025559604e-09,1.4340547628416196e-08,3.964981000672114e-14,1.287927641039664e-09,0.009571486436948617,9.106326558103187e-09,290.4064178230154
3298c3,3.9166666666667425,31878.4033625731,20.460067695980726,60.519721084507935,11.702540768362933,5.318236228570497,8.369741469725945,0.00020097544726781417,3.231459584770302e-11,2.6049226041498648e-09,6.853060284716064e-10,5.224099807348247e-10,9.020099402426434e-10,3.9719085119366455e-10,1.663638276586805e-08,1.2628777700129684e-08,3.052678004522041e-10,5.629730205276827e-10,3.216092711283714e-08,1.2715254116685034e-09,1.810768535381769e-09,2.2437026888271973e-08,2.778114501353129e-07,4.328615802252246e-08,8.268594391620506e-10,3.9881464855706286e-09,8.403856628194287e-10,7.068902860656668e-09,1.3161775237213165e-08,3.844243169292867e-14,2.3675852888556548e-09,0.010616619542663405,1.420404753041904e-07,292.7918396004504
32ca8b,3.0,30950.390867579907,16.10835020191804,78.63962293248103,12.078896376971802,8.746230623649582,6.015392066470925,0.0,2.4483961727138507e-10,2.0614574315688547e-08,9.532699616154315e-09,4.735414991691437e-11,9.501041171522213e-11,1.3476565270557587e-10,1.9533066680729314e-09,1.0535332977847146e-09,7.258230231038295e-11,9.149456350703056e-11,1.156737778931257e-09,3.1487452726619086e-10,1.6349813908859618e-10,4.069840004772992e-09,7.161909910576186e-08,4.356108084422611e-08,3.265572072623577e-10,8.920445388785152e-10,1.8894428589946338e-10,7.249278084082669e-10,3.486431093651824e-09,1.8654012727804925e-14,5.432309022526761e-10,0.008925837751549866,1.714991128085543e-09,289.3175831130619
3329fc,1.5,34172.74634146341,17.050850446720442,64.90978442720149,9.574300136039167,6.996368095916735,6.068092406307862,0.0,4.64919335648775e-11,3.885061561383e-09,1.1747222481576334e-09,8.460342711257131e-10,1.5552061902167135e-09,1.6819756905366248e-09,5.145337580639074e-09,2.5215741794165155e-09,1.720129469410045e-10,1.7215862067802636e-10,2.3490341594111322e-09,5.586960075134348e-10,3.312641648744342e-10,2.4329055892075354e-09,1.51733324066707e-07,6.093003721237908e-08,5.511643793151653e-10,1.42264239037372e-09,9.42525079366341e-10,8.619144525915644e-10,6.7083188822967065e-09,3.103683089498161e-14,1.362471384320748e-09,0.009307404848613993,2.836445946940472e-09,290.5148756203772
333265,5.833333333333333,32013.477572016465,13.956617000342654,74.27536865132096,8.816654601344563,6.614275815930803,5.8250578585116966,0.0,8.323973475234444e-11,7.021178318079259e-09,2.9267927933109325e-09,4.747430718028142e-10,8.834545546505836e-10,9.091585565356421e-10,6.486000960012958e-09,3.5691641626767317e-09,1.8380439243285971e-10,1.6736403111306529e-10,1.1753546176293733e-09,5.842153555946609e-10,4.1071349105420484e-10,2.0964688170796703e-09,1.6835657974701105e-07,4.716781759169326e-08,3.389016742570088e-10,1.1774242518126534e-09,8.605968441579756e-10,2.3758175912821196e-09,1.0530524956547601e-08,2.764438815901164e-14,1.2698564290765813e-09,0.007491081085164619,1.8037270796500705e-09,286.2467933378034
334a21,3.0,32262.63205128205,13.021679852138986,74.40953359664937,7.821286081129064,6.559810460108891,5.696673204735836,0.0,4.035512837661388e-11,3.381446082869107e-09,9.123628777932764e-10,5.519796896165012e-10,1.058744849853039e-09,1.1942051117562638e-09,7.21084747922002e-09,4.1214980284568015e-09,1.9157738543462686e-10,1.543821206026907e-10,1.7910869114801294e-09,6.830136315003724e-10,8.582974368719533e-10,3.247536400484698e-09,1.7725649946814692e-07,4.826505543976947e-08,4.4077446079651267e-10,1.7516742029913193e-09,7.082861017031538e-10,1.4754407398802176e-09,1.0027546329366745e-08,2.8233226214822753e-14,1.5637177613261645e-09,0.007269946208268661,5.208435768989355e-09,285.90335900342967
3367e6,9.166666666666591,29062.61125,17.801046646592784,77.53697045103927,13.859750560073037,5.3538240060294555,6.061185647617719,0.00031968221348704635,5.971227192181605e-11,4.799957208463692e-09,1.4625268114759135e-09,9.799233608084476e-10,1.4466002772228926e-09,2.8167340907991575e-10,1.75557431027936e-08,1.1508066036109634e-08,4.414498594089485e-10,4.857562581146738e-10,5.229430318669944e-09,1.3590504113698352e-09,2.4425187186885627e-09,2.0196752934664818e-08,2.536985213417038e-07,2.800928282175857e-08,7.545523371924196e-10,3.3683653474393294e-09,2.8284825319829965e-10,3.1896981324618777e-09,7.454992852845738e-09,2.8525165853834177e-14,1.7282899946172883e-09,0.013073920428913956,2.279800856245956e-08,292.06701228473077
3384e8,5.916666666666591,31700.817415730337,14.142566648232245,74.04168184798137,8.942156860422612,6.689090156055517,5.8357893610319715,0.0,9.233000030538903e-11,7.787991221733274e-09,3.1322530320613972e-09,4.85193384768011e-10,8.994019852360675e-10,9.009091783295817e-10,6.1675361160629694e-09,3.2943248110723255e-09,1.846576020420847e-10,1.7299793412839224e-10,1.2772719935826942e-09,5.698889509467259e-10,4.1693479058908584e-10,2.1599426630666457e-09,1.6361993479934632e-07,4.8758853594796736e-08,3.6079727926583555e-10,1.1987369352100626e-09,9.447871087274039e-10,2.2751332113949133e-09,1.0503293262983513e-08,2.8275651679863686e-14,1.2540170601994884e-09,0.007561743163692409,1.8480767043695808e-09,286.6467403463093
339408,5.5,34703.5701058201,17.269822256628284,72.7070822049885,11.870116160426054,7.336312549253546,6.03049909146518,0.0,9.426126098573733e-11,7.91918881578804e-09,3.9021987485067864e-09,6.956068736903511e-10,1.2854553519959113e-09,1.3691997484055783e-09,5.949441020734167e-09,3.3016430256785126e-09,1.7815069557661325e-10,1.9955606500463992e-10,1.8789790877466636e-09,6.129239726233503e-10,4.5665913385250355e-10,2.4298045419428702e-09,1.6299735943940577e-07,5.839981431478595e-08,5.803046358851362e-10,1.3157252630456244e-09,1.3679795801419401e-09,1.513511246147739e-09,8.533627799114809e-09,3.6861979296846204e-14,1.4315551404110697e-09,0.009258740830660885,3.259708633690342e-09,289.95850256372984
3509f6,8.416666666666742,26333.263409961684,26.225399874262003,77.25324753012254,21.56873525712083,5.747684142242869,5.624820480063322,0.0,8.635473374594477e-11,6.948528966077316e-09,2.4513257943878405e-09,4.825437247472162e-10,8.422136483927e-10,5.039540633401568e-10,2.892791386335773e-08,2.0669605493103852e-08,6.948326754259733e-10,1.2456571577270582e-09,5.002330561357565e-09,1.7424813963268946e-09,1.2532583687808003e-09,1.352848748974897e-08,4.0566074486373834e-07,5.016329088507846e-08,1.121851018695902e-09,3.956296029763138e-09,1.5982997946279443e-09,4.124189424801167e-09,1.3549751428679294e-08,4.1982367935616175e-14,2.4921156127043863e-09,0.016144891743148357,9.485620345542246e-09,297.97843587911336
35cab2,3.999999999999924,33439.78658536585,13.797095908696157,78.94792053953876,9.89211888986509,9.170907578061463,5.947417652236522,0.0,2.1892348365819767e-10,1.8526763104339237e-08,8.590923145143846e-09,3.415372873145572e-11,6.713942887390501e-11,8.70939336048281e-11,1.5814233764447513e-09,8.947258341529709e-10,5.101147451798093e-11,6.791585845683347e-11,6.945896168936634e-10,2.996712420353077e-10,1.3536339998191738e-10,1.8187924212447682e-09,6.982340942049315e-08,4.0852593583972315e-08,2.1115000938066274e-10,5.519951557908966e-10,1.1986755604383936e-10,1.8791313104616601e-10,2.2241714533381116e-09,1.7753405654342544e-14,3.773817753545516e-10,0.007618955896422654,6.817634385669746e-10,286.68100378154674
35e6a1,5.9999999999999245,20662.541666666664,28.59296522062054,82.89848994247879,25.1477038407075,6.934720638074229,5.991076750042144,0.0,8.390641786550592e-11,6.596184659758491e-09,1.366859306784296e-09,1.0833699905931715e-09,1.998144877262699e-09,1.0596465579944995e-09,1.6753245955727206e-08,1.1304062817637377e-08,3.839207266080579e-10,6.533867461540076e-10,2.975656644890216e-09,7.054820737641521e-10,3.988338780245464e-10,1.2084081470683977e-08,2.2588123933126982e-07,4.03199325283952e-08,1.1514912914885288e-09,3.633258357181251e-09,8.072233652800356e-10,1.0736456663779774e-09,8.37426215788987e-09,3.919030368474904e-14,1.600814203073488e-09,0.018758740269176552,3.8288997122907245e-09,300.4685392826471
3604ee,5.6666666666667425,30807.25952380952,18.958992717980426,79.87356039510372,15.071103235023655,5.355282873197868,5.928814934135104,4.106416137688214e-05,5.361237841348308e-11,4.288356134227414e-09,1.3016933424102782e-09,1.1187364163074362e-09,1.6368562566733217e-09,3.0168464621654487e-10,1.682473015662556e-08,1.0665010979163762e-08,4.3633926088185175e-10,4.1304854308251786e-10,2.908356026875594e-09,1.3358140831505696e-09,2.434984648043597e-09,2.0449723651699826e-08,2.5787959205065806e-07,2.6998091638581217e-08,8.37057893518719e-10,3.40693363677656e-09,1.990172872876712e-10,3.009613168665132e-09,6.473416652861626e-09,2.3455191236176606e-14,1.6224730106093302e-09,0.013627711576915362,1.3420373080280967e-08,292.88323048261924
360f3f,5.8333333333332575,29043.62888888889,17.52703941719942,71.21884999060812,11.459233378174305,6.737901061945948,5.764022873368207,7.887779582966455e-07,5.769985210310548e-11,4.77168858601212e-09,1.9708835117291216e-09,1.461358473770745e-10,2.1686099895550236e-10,5.3923460956775956e-11,2.4064572944294498e-08,1.8155288466891957e-08,4.5179859263385066e-10,9.116891435343538e-10,3.669117217196213e-09,1.267538294462162e-09,1.205680350709703e-09,8.65466512444381e-09,3.728988235224739e-07,3.909009517356959e-08,3.719945619342563e-10,2.2484630543809496e-09,1.0501424633821313e-09,4.619929721277967e-09,1.4144682320663918e-08,6.16274671811316e-14,2.4387907511347514e-09,0.008925181771413949,2.0758114504661614e-08,288.49981437378335
3689c7,5.9166666666667425,31147.22906504065,8.952320640707535,77.96636620235356,4.819300572096683,8.209858761948007,5.773107890972606,0.0,1.0632370972160883e-10,9.014529053327079e-09,3.726620004419625e-09,1.378530663558568e-10,2.5550756962336684e-10,2.479571915992504e-10,3.6694907738056456e-09,1.621247671107757e-09,1.4779196087117774e-10,1.1235719987765115e-10,8.107169552326475e-10,5.80848989307377e-10,5.884908928744204e-10,4.338801328689795e-10,1.3531804698121602e-07,5.339160855460737e-08,2.451681440925852e-10,9.093952874629828e-10,6.069482930577681e-10,6.345974378078578e-10,6.525676061992269e-09,2.0008784071212793e-14,1.1796036466851463e-09,0.006044609321532349,1.1068314387091129e-09,282.31132792224423
36aa6d,1.8333333333332575,32563.378155339808,17.216097079803543,70.43664774796369,11.156363018949586,9.926950002380117,6.087060255094283,0.0,1.6109113252620034e-10,1.3539667592679322e-08,5.962374922000561e-09,1.1298428803210182e-10,2.4122244308978034e-10,4.474441001104883e-10,4.098889866031494e-09,2.8337001909465284e-09,1.343735693683195e-10,2.4549942115664834e-10,1.4815115930029393e-09,4.1225641691588785e-10,2.8390877478822633e-10,1.343818228936848e-08,9.796630911464533e-08,4.050245038791947e-08,3.678917066369189e-10,1.8140893217765602e-09,7.198213824440782e-10,3.6197358373085138e-09,1.0402900703043651e-08,2.0232074546515368e-14,1.2640974978097496e-09,0.008786514445820563,4.773910504718861e-09,289.79101127478367
37de8e,6.0000000000000755,31624.083544303798,27.572155479567733,81.58042292928494,23.924314849898533,3.2157838749324577,5.645763181575356,0.0,6.937841350007942e-11,5.4751412931924655e-09,8.961644310462522e-10,2.663542390080128e-10,4.4414774399258686e-10,1.7511377309033743e-10,2.1174556268571026e-08,1.4066178355957533e-08,4.288278596977291e-10,6.802272044862143e-10,3.6298196267331072e-09,2.899326917277617e-09,4.699836572445808e-09,3.049793945385601e-08,3.2810680225593046e-07,4.8653492464229017e-08,1.5483739264716659e-09,8.740213516233169e-09,7.774265310652756e-10,2.210573236975858e-09,1.3638929975095446e-08,2.7652009412523784e-14,3.843020601907112e-09,0.017798424202934024,3.718730962146811e-09,299.49065532169334
386e49,5.916666666666591,30738.905263157892,17.029096172391352,73.12630789889387,11.687353594815582,7.727209755899471,6.035557224085997,0.0,1.0797692799133471e-10,9.054602538804624e-09,4.268270375115753e-09,8.265961958297602e-10,1.554664534106349e-09,1.6761559345385644e-09,4.242576775754498e-09,2.0226981063388756e-09,1.5032948384019287e-10,1.360697275151882e-10,1.4620898803884444e-09,4.940469412119321e-10,2.7939305838578623e-10,2.2026954887941004e-09,1.370930380847681e-07,5.856416018285764e-08,5.714454433500407e-10,1.0637247328178273e-09,1.1806009007035857e-09,9.378499210041268e-10,7.176311945361452e-09,3.594327161894609e-14,1.075669539296164e-09,0.009251562037998356,2.2595128996762215e-09,289.98090142482533
38a63a,4.916666666666667,27040.45092592593,25.587252762426537,58.76460367500746,15.510726078546774,7.04343980326869,3.312206210790908,0.0,1.2999837601213496e-10,1.0365375058948172e-08,2.6168645880905172e-09,4.723895552310885e-09,9.049134729141166e-09,1.1682470720091254e-08,4.847245577668983e-08,3.369774006895806e-08,6.393982432954389e-10,9.99748895692759e-10,6.983707137237951e-09,4.142741404531563e-09,3.1494072884724165e-09,6.087016753350945e-09,7.136790724165947e-07,6.27655011513824e-08,1.4998465568242352e-09,4.598096277027968e-09,3.8102566814126575e-09,7.577586866882098e-09,1.863894839901585e-08,6.177498161476605e-14,3.2982919306592277e-09,0.013218977145621308,2.155900564741519e-08,297.9625374195009
394343,3.25,35667.95450980392,16.955928076060736,72.88439162853311,11.500850184024896,7.489441865620367,5.781382833565777,0.00010765668454780883,7.90580731276359e-11,6.603523852971826e-09,2.853542554536877e-09,7.05324539961369e-11,9.171493280306185e-11,2.1627201043779817e-11,2.0092142495194557e-08,1.492338706818437e-08,3.8818664944296453e-10,7.662754924126927e-10,3.3807401579526857e-09,1.0813471765698469e-09,1.0050489959665518e-09,6.947441399863483e-09,3.1654315995057645e-07,4.081811407958415e-08,3.7053256114641943e-10,1.9926449032863015e-09,1.0454267055632884e-09,3.4887843003505882e-09,1.1569744089651242e-08,6.8751803344534e-14,2.4000739926516298e-09,0.008807342956837789,1.4408044075211799e-08,288.06272339569506
3a2c8f,8.75,25620.841820987655,7.250386651438587,27.03648265047391,4.933278150833636,7.069383228980454,9.313026142629205,0.00559606125070192,6.279366070081556e-11,5.125905001831802e-09,1.964749921397915e-09,5.620621362093372e-10,9.869090124603979e-10,3.816013474189218e-10,6.552846994328577e-09,3.707758628561643e-09,1.8676218679944043e-10,1.9699023525189836e-10,1.8763082505452985e-09,6.055617536172121e-10,3.723375924589841e-10,4.574991626074942e-09,1.5323700926297272e-07,5.380424571699516e-08,6.95910883172573e-10,1.9158682901977656e-09,1.130790233279792e-09,1.2562425373794686e-09,1.0484487835143632e-08,3.96454384496039e-14,1.575216053005884e-09,0.010638995242939327,4.88193028856245e-09,291.4654947203309
3a3d9b,5.75,30986.879032258064,14.318504639143194,73.56331562905504,8.997493187568613,6.946214459967869,5.8522363910151105,0.0,8.657157242660184e-11,7.302888100896361e-09,3.029962316398444e-09,4.900471215121226e-10,9.005651500953423e-10,9.194083176842389e-10,6.1111865883357525e-09,3.3693252391138942e-09,1.7766446774091393e-10,1.7053017903871106e-10,1.3036360354202757e-09,5.820516853712698e-10,4.0285256019848735e-10,2.2686346519833406e-09,1.6389381802732692e-07,4.888737131083433e-08,3.8276529877206027e-10,1.195446785374531e-09,8.810129724252326e-10,2.0501707022150002e-09,1.0169535365540217e-08,2.8175680466033648e-14,1.2198715125281249e-09,0.0076546042365372045,2.0001599691385616e-09,286.78034795479425
3a6876,6.1666666666667425,37224.36826484018,25.30659219642161,65.84506220085389,16.972457800072494,4.546237085241657,2.0581968992148374,0.0,5.268970505843176e-11,4.154831823930072e-09,1.018519854839342e-09,4.369579588182904e-09,8.516229823074928e-09,1.130493631248502e-08,1.190611998242558e-07,8.831457543394348e-08,1.5711100155915637e-09,3.0983666078626206e-09,1.4597507189885996e-08,7.618559136448758e-09,2.5053036316287723e-09,6.858733083333009e-09,1.4957491024995126e-06,5.361516981714504e-08,1.3110167809390853e-09,5.2971311163561084e-09,4.657160856393198e-09,2.5269189688046736e-08,3.5654324433910316e-08,6.96690160583963e-14,2.9746129913654967e-09,0.012578525581967927,4.956262960986746e-08,297.4100215319416
3afab0,5.833333333333409,27737.876162790697,23.412525431836876,74.17723885615077,18.040021172104176,6.837179689728467,6.014950469687244,0.0010884823079883408,9.971366245679892e-11,8.102086154181394e-09,2.736571666969725e-09,3.4278048749882523e-10,6.013467698452095e-10,5.597663788245635e-10,1.2337157356305361e-08,8.36137987202639e-09,3.3978322110277415e-10,4.975075358058617e-10,1.5528817093853946e-09,8.17198965633317e-10,8.289402766621301e-10,1.2503109640775342e-08,1.8808306054205154e-07,3.9427385874684874e-08,8.54563929797607e-10,2.9069003462321705e-09,5.026378037412071e-10,1.4592370361841735e-09,6.945300856200494e-09,3.771484123216198e-14,1.487014322072839e-09,0.013118464548800886,3.990840176709755e-09,296.03455617905024
3b25ff,5.4999999999999245,34693.05704225352,16.729530997144227,72.38252710777937,11.319862820879461,9.273876411630637,5.950532002236555,5.2222676692306304e-05,9.62192373825707e-11,8.008703361062592e-09,4.125823904664257e-09,5.960634267815093e-10,1.1148705780056768e-09,1.2979337266314519e-09,8.048854911180704e-09,4.349143624884898e-09,3.5124895489324335e-10,4.670357309935862e-10,3.0060672206720493e-09,7.254469032191075e-10,6.717510503236975e-10,2.832853785366299e-09,1.7206732994536651e-07,5.78431260568805e-08,4.5357789876385866e-10,1.8049453549799985e-09,1.1526785808101693e-09,1.9352162945770836e-09,1.2225057291749554e-08,3.632994630322217e-14,1.941268800124262e-09,0.009610443740409895,6.695247980262805e-09,288.89280863837354
3b394c,4.0833333333332575,28410.632191780824,18.11153778822778,69.55104203723279,11.592692597788682,6.857005404082818,5.788511796456354,0.0,5.941992167372691e-11,4.920429308004629e-09,2.08627765572001e-09,8.037147582831547e-11,1.1321787104684225e-10,2.7581490176655416e-11,2.256209217978648e-08,1.6944527078598264e-08,4.3948321491117995e-10,8.692363297785331e-10,3.864721664459424e-09,1.1932900073981213e-09,1.1183560339471582e-09,9.395147185956779e-09,3.475589408462688e-07,4.163732060572421e-08,4.4075784621946787e-10,2.3521487384714308e-09,1.1084729551215823e-09,4.438755545719259e-09,1.3272835344790205e-08,6.124097507042792e-14,2.5892648936978086e-09,0.008927621995497815,2.147136371748398e-08,289.16753170944537
3b75e8,5.3333333333332575,31121.508333333335,7.452689117572815,78.73414975375734,3.5062253595659545,7.859508651165775,5.75608145731415,0.0,8.543385199620796e-11,7.24927543623463e-09,2.960467079249197e-09,1.3662307551823616e-10,2.5466212070763855e-10,2.5026826401297607e-10,3.3725863693541543e-09,1.5019837780710228e-09,1.3411694584874398e-10,1.0302579211784437e-10,7.040065802944745e-10,5.756004589969539e-10,5.287754251144038e-10,4.257134665146948e-10,1.3330436542433274e-07,5.489359252555736e-08,2.2857993294188349e-10,8.839466961114818e-10,5.48461096681815e-10,3.062900295152377e-10,4.625928577126888e-09,1.7638872963361597e-14,1.2379103430313665e-09,0.005624187310713959,8.163746409922569e-10,280.97830610004945
3cdaec,6.0,32237.043777777777,17.221646912201983,68.89973315295836,10.586260439216968,6.742640480294511,5.645443499224062,7.257184488514272e-07,4.9952675213712e-11,4.12923060227931e-09,1.6418148736991746e-09,9.171486365053853e-11,1.2358330488652963e-10,2.6084798650518828e-11,2.6702955074283247e-08,2.035327142665322e-08,4.938709888513095e-10,1.0217491669547041e-09,4.522374829826422e-09,1.3964432547748519e-09,1.3075711640852683e-09,8.739861941629343e-09,4.1840232001919714e-07,4.215199079371719e-08,3.7816448988901765e-10,2.421318018530636e-09,1.3072542108584443e-09,5.581780777508272e-09,1.552534013617353e-08,6.430567946360234e-14,2.894362216016384e-09,0.008283711191779343,2.5163890951039376e-08,287.922100741381
3d13d5,5.75,30993.385975609755,14.039576442025277,74.48215502228466,8.962052097913912,7.032116413279635,5.8733533608852095,0.0,9.814044537794522e-11,8.278178591212593e-09,3.5267209496199393e-09,4.831774151323146e-10,9.084972285196098e-10,9.363659676354395e-10,5.9523179458972575e-09,3.249375885434999e-09,1.731362504639729e-10,1.59417489772109e-10,1.1642441507898632e-09,5.946456429922043e-10,3.66227568454368e-10,1.8565462137609171e-09,1.6158057792155265e-07,5.008415914224467e-08,3.849997614992901e-10,1.0781056692229863e-09,9.151808071588656e-10,1.9777749218796243e-09,9.582219788043258e-09,2.688514554092851e-14,1.1726784542616259e-09,0.007571119404854139,1.6563674452209166e-09,286.568822157967
3d22b6,1.9166666666667425,30490.504710144924,23.17540275415992,79.95197046778985,19.27785445111198,9.302142402297662,5.727473414513775,0.0,1.5354791769801246e-10,1.2796792474618943e-08,8.550820476331771e-09,4.0022355176259593e-10,7.351818383834978e-10,5.688524058002606e-10,1.6763667056366582e-08,1.176539098084669e-08,5.500327183758206e-10,1.0313896824231759e-09,6.8519519567405735e-09,1.705381219819128e-09,9.85595475563468e-10,3.410482432466839e-09,2.7376337034385237e-07,6.783108534079588e-08,9.408338144888767e-10,3.2945882032372658e-09,4.096507556567764e-09,4.186024530346821e-09,1.934538779671077e-08,5.195452901326559e-14,3.397843478496636e-09,0.014037009805747984,1.6493450527521213e-08,294.7291398464653
3db2bf,5.833333333333333,32097.46685823755,14.342236477449244,73.60698462020756,9.020234496396204,7.008875496043471,5.844379984675281,0.0,9.943475675120227e-11,8.394215847426466e-09,3.7582200170330876e-09,4.882386843174612e-10,9.122162827757135e-10,9.91853165258137e-10,6.031704051398899e-09,3.3580150003791585e-09,1.735213029307586e-10,1.7034681011322778e-10,1.205030665592027e-09,5.850900434820227e-10,4.1980700454640855e-10,2.20849307767417e-09,1.6255982525470211e-07,4.849922232574074e-08,3.7144093849610175e-10,1.1868689577557088e-09,9.438683340893565e-10,2.157086163923425e-09,1.0598088522822661e-08,2.8217044700556873e-14,1.2276025588955588e-09,0.007591536077147271,1.7985814426538816e-09,286.7457909499414
3fceca,8.583333333333409,34050.126507936504,20.61205968502949,59.39054689389096,11.374692748163634,5.858634553380601,8.629847142849442,0.000723784322826169,3.7722154939666574e-11,3.0478318656622583e-09,8.133717777818142e-10,1.112730208956407e-09,2.1734791723370434e-09,2.99149045210461e-09,1.216206600306744e-08,8.730186735784718e-09,2.6688185548880615e-10,4.4199674527344973e-10,1.794390272616689e-08,9.943333396246325e-10,1.2029011511872532e-09,1.7008922553251976e-08,2.2968624119439645e-07,4.5409425008523004e-08,8.090609042888571e-10,3.2301833641151216e-09,7.007304937285786e-10,4.605776493265203e-09,9.70000305170991e-09,3.7105785108227015e-14,1.890432389016136e-09,0.010034115027362065,7.579982690213609e-08,292.91786263104296
402bb8,7.2499999999999245,30565.66056547619,14.716039338055008,71.03284108581052,8.840885777315856,9.663856896547395,5.895712163819366,0.0,7.947656448748274e-11,6.67501812048845e-09,3.129309471486067e-09,9.402955631440023e-10,1.7984986326810847e-09,2.2407714535631284e-09,8.469931296463252e-09,5.223596230542181e-09,1.9741576471604953e-10,2.1418904987879818e-10,2.5160728634630573e-09,8.533328378624979e-10,1.9302869757134224e-09,1.789389391429976e-09,2.0261548902248385e-07,5.425198348963961e-08,5.301931472898838e-10,2.685162324360895e-09,1.3162038834713116e-09,2.4812059908056426e-09,1.391826580433727e-08,3.048778531731033e-14,2.4194310968572866e-09,0.007824405213786748,6.4153955437929726e-09,287.750193049367
402fc6,4.75,32622.830134680138,7.878914007743572,78.48154392841428,3.8284043229721383,8.068698795586581,5.776715388086297,0.0,8.619114352631007e-11,7.3091879819437075e-09,2.9566609556423163e-09,1.4058320627651973e-10,2.6308711194344923e-10,2.6093202610419034e-10,3.3784854227763373e-09,1.4683801717877641e-09,1.3660429091896282e-10,1.0180227389849123e-10,7.478818199737686e-10,5.424153063731379e-10,4.5635400376254673e-10,4.300264222614388e-10,1.3133924441294658e-07,5.6065697499416356e-08,2.569141417447273e-10,8.675854414556714e-10,6.013370754681755e-10,2.496899250634941e-10,4.2998426479434296e-09,1.881868683241194e-14,1.2387561214395334e-09,0.005767374133579906,8.356894362838696e-10,281.4875079719845
403204,5.3333333333332575,28118.450505050507,26.66425794573106,72.63371616123722,20.74242244832751,7.7881348401956405,5.999732484306563,0.0,2.2336913443671042e-10,1.8031208202932e-08,6.238402215294509e-09,1.5178172413391098e-09,2.798369305485084e-09,4.103963036871045e-09,1.3824455799804858e-08,9.750256707193239e-09,2.468931505776815e-10,3.759574323157143e-10,2.991442783804401e-09,1.3836106110897215e-09,2.810274028678096e-09,1.2586972322425967e-09,2.2915934778989227e-07,5.087878663402279e-08,1.3964999961626189e-09,3.226110589251169e-09,2.4659667100371097e-09,3.4088458222482834e-09,9.50551120798674e-09,5.701195512857897e-14,1.9334997043212927e-09,0.01581979994416578,9.301790958028133e-09,298.9357302873004
406e1c,11.000000000000076,18398.138188976376,6.905509660992817,33.63820076258522,4.023439449015883,7.83067987179539,9.244033813230054,0.0044087635638406855,5.230565293252136e-11,4.375485346641638e-09,1.7446103527457168e-09,2.1251145051918784e-10,3.588088216304623e-10,1.4386044177733078e-10,9.028729454523144e-09,5.859121027526627e-09,2.9132706894583456e-10,4.5122679893583784e-10,2.245661494704943e-09,9.515648565538377e-10,8.112105822305352e-10,4.040438488020106e-09,2.046914943050167e-07,5.411235724879137e-08,4.313075719519363e-10,2.0729422629656557e-09,1.6941537997590755e-09,4.7845373880696875e-09,1.6012262109196264e-08,2.893102026777671e-14,2.1702756895847037e-09,0.008112438337098994,8.375216748619658e-09,287.17559645085845
41ef34,2.499999999999924,25994.113999999998,27.04041790587561,70.03903120705382,20.228874657151067,5.296175207945103,2.1770241749018924,0.0,6.635800118300621e-11,5.246954631204984e-09,1.4078463550576986e-09,2.5399864399030514e-09,4.712436265317705e-09,4.6382509489172666e-09,9.494504123456564e-08,6.837479444649594e-08,1.1556998766259604e-09,2.0222045574883376e-09,1.2562786371502433e-08,5.029311108153469e-09,1.7071431424214446e-09,8.005343095774693e-09,1.1863305561261629e-06,5.5855684459445394e-08,1.3351306553472765e-09,4.596997341829089e-09,4.574154143133516e-09,1.1064130755463075e-08,2.8943455143865402e-08,5.368553597660562e-14,2.691009786466134e-09,0.015582552424565901,3.085677126237599e-08,299.02852991550026
427021,9.25,34924.76563421829,26.548170611962348,75.94335272443452,21.645835587690662,5.612648889461805,5.649940441921976,0.0,1.1367998773692139e-10,9.208132676869457e-09,3.4986115629336077e-09,2.3543843936544886e-10,4.044371132733776e-10,2.4937140010037327e-10,1.5810356778585887e-08,1.1722091084678231e-08,3.223871584347422e-10,5.938265338473485e-10,8.86552157541325e-09,1.2141968352076884e-09,1.0216071291824062e-09,1.1342918499466488e-08,2.3626427867750685e-07,4.82874223244386e-08,9.947071782528018e-10,3.3410205061006e-09,9.142549112175052e-10,2.516526408517257e-09,1.1109005076347353e-08,4.010439378111069e-14,1.5801846949796333e-09,0.01629012835141642,2.922458372496643e-08,298.1257514158813
428bf4,2.75,24039.475925925926,15.581290571665102,73.57734034010187,10.14676842021386,6.243209816117218,5.849478047551949,0.0,5.7624747799242546e-11,4.8202358137834315e-09,1.9640383861608015e-09,7.490105668216563e-10,1.4009006046493903e-09,1.6496942989019866e-09,6.842242631785725e-09,3.6792332623444486e-09,2.1197869683901614e-10,1.443128276179697e-10,1.596606415564046e-09,6.331236025998983e-10,6.317426531495724e-10,3.8721427592757195e-09,1.78018912726315e-07,5.491275455481357e-08,5.421282042650806e-10,1.6971546300457644e-09,1.1017632568238206e-09,2.0209668632855006e-09,1.0140841218973216e-08,3.0330134994579904e-14,1.5758192391186498e-09,0.008466902205796144,2.9910888094328193e-09,288.4653700214676
42fb8e,3.999999999999924,29603.606701030927,12.073327034991127,79.42401262198325,8.147042611015168,7.871914062721136,5.719300644565187,0.0,1.666866087367446e-10,1.412137277801956e-08,6.213916068976211e-09,3.13909652376725e-10,5.920515806223202e-10,6.662446305725868e-10,4.591887447342711e-09,2.357004734966726e-09,1.566792074133885e-10,1.3353264869857707e-10,1.196497413937377e-09,5.322536140495013e-10,5.900340251436679e-10,6.080165620402217e-10,1.4205465293689924e-07,4.756359886522519e-08,3.1731760606984426e-10,8.929831204052562e-10,7.797225804328646e-10,2.2743727327977145e-09,1.1328522179162043e-08,2.5950767247996178e-14,7.988275879465321e-10,0.0071996862616316845,2.409821510573023e-09,285.08283751636816
43ff13,8.666666666666591,25549.554239766083,7.4245195995222,26.83034107693994,5.1885065548064055,7.027879020496509,9.327467457108673,0.007285604015141691,6.616889816006696e-11,5.396774551894627e-09,2.0464273709553506e-09,6.094829644894047e-10,1.0703834977332588e-09,4.2345426804732334e-10,6.50871441033926e-09,3.7007675064579854e-09,1.8714218219232026e-10,2.0311375165229187e-10,1.9035621316183315e-09,6.032949073039173e-10,3.7697359262764443e-10,5.2027241450367195e-09,1.5279970890690194e-07,5.344440875197835e-08,7.462056498247754e-10,1.9914610211935485e-09,1.124768568192457e-09,1.299015560382853e-09,1.0555397549081263e-08,4.0755821699394426e-14,1.5552055249053168e-09,0.011119368321609703,4.9053729723413126e-09,292.1409878088901
44e11f,8.166666666666666,25427.77890855457,7.058068282098642,26.797474099233444,4.796369989818365,7.11823104509786,9.323739694025559,0.006191068636801878,5.938133113553762e-11,4.8426855901621604e-09,1.801407629667776e-09,5.718369543797282e-10,1.0112006196151326e-09,4.2452586514365777e-10,6.661647027657536e-09,3.844797538605782e-09,1.8514728008948386e-10,2.1211358594207305e-10,1.938097316628976e-09,6.138712751147169e-10,3.845732010249701e-10,5.215196108034889e-09,1.5541136503825184e-07,5.406785561051351e-08,7.309130422750724e-10,2.0003773155297374e-09,1.1866340880672233e-09,1.3375801764513418e-09,1.0650370822797455e-08,4.0843699839785716e-14,1.6266378235272523e-09,0.01080420657838916,4.9930963008191674e-09,291.7320720845079
4635b3,3.833333333333409,25315.960135135138,16.62573497840047,68.02950704560803,9.736163807320455,7.501244321900635,5.931987591140587,0.0,5.5147202439163666e-11,4.612555894049707e-09,1.943643209133695e-09,1.087548829096381e-09,1.977520743594624e-09,2.2039362298197124e-09,6.0995727435758e-09,2.9296166424332705e-09,1.7785156750688311e-10,1.2837599456647252e-10,2.488798126857533e-09,7.321825856285835e-10,8.38557367536993e-10,4.876672364338503e-09,1.5701965991706565e-07,5.3291443572842734e-08,5.721491267346627e-10,1.7367122733855976e-09,9.363857186288684e-10,1.8234112160098562e-09,9.07738422500139e-09,2.8478739877886315e-14,1.4160646089650006e-09,0.007898353773033114,4.394219158331481e-09,288.87862870495985
464918,5.583333333333409,27263.459635416668,16.53934176857768,72.7407727325924,12.075724586159293,8.71330024230604,6.828170392590979,0.0004992677001866306,2.1674327766494435e-10,1.8194505972124797e-08,9.104161439648492e-09,5.165836216575765e-10,9.492010227473776e-10,8.005814091285623e-10,3.178855746667619e-09,1.373319538671423e-09,1.2305950402732933e-10,8.33154881909546e-11,1.2493568797095348e-09,4.686321456777672e-10,2.2735080670612183e-10,1.0069875557292633e-09,1.191728360131693e-07,6.25402184302982e-08,6.032569037134778e-10,7.982479922971812e-10,8.765401635999312e-10,6.230382758722133e-10,4.957776056432436e-09,4.683259823058232e-14,7.650697407515891e-10,0.009448706584639597,2.2166163059281224e-09,290.25248354323935
468795,9.333333333333334,29414.4484423676,15.62650925864355,69.9266428076447,9.373339546220809,9.187327662424527,5.892832923382684,0.0,7.190471394717712e-11,6.030399816318562e-09,2.6370491004007022e-09,1.073168883096643e-09,2.0549253002230945e-09,2.637182546654049e-09,7.2302233367610315e-09,4.044722760958837e-09,1.8903535830579861e-10,1.8211901295550464e-10,2.6296183601654332e-09,7.443989916820486e-10,1.059814798345944e-09,2.240619577200691e-09,1.7371027638034268e-07,5.550388596096861e-08,5.88906782128314e-10,1.7334297624256514e-09,1.190153125523808e-09,2.336450406776739e-09,1.0393707747382998e-08,3.1707430999925576e-14,1.4230608377693924e-09,0.007913233672801806,5.585181449336223e-09,288.69336413440453
46d6d7,5.916666666666591,31707.485162601624,8.906697240086606,78.26982879436389,4.871338692043138,8.21086326821453,5.781147512450413,0.0,1.0005176361348589e-10,8.486606741249339e-09,3.411039330610889e-09,1.4152448857547265e-10,2.6344553523732475e-10,2.496134762858734e-10,3.798670940691265e-09,1.6984700732123426e-09,1.5149547099588289e-10,1.1661268681692782e-10,8.0388446440357e-10,5.894470572232606e-10,6.213494672088337e-10,3.671436469929343e-10,1.357845162255908e-07,5.3355624989416106e-08,2.3577865910839036e-10,9.55883727427805e-10,5.879145462762016e-10,6.488604987608367e-10,6.640239420256242e-09,1.9717083720162134e-14,1.209581412853919e-09,0.006023423062024489,1.1163897017399974e-09,282.26952723628455
471f4d,5.7499999999999245,31665.416666666668,13.695518658190924,73.89158360794181,8.421617988086016,6.899907455012301,5.800576156643242,0.0,9.093522066654567e-11,7.678876868527529e-09,3.2237740884043233e-09,4.92287404665369e-10,9.083181696159586e-10,9.29431337380468e-10,6.692847166290596e-09,3.7252038062065023e-09,1.9194129217370703e-10,1.793942432435349e-10,1.4853094100589668e-09,5.95867450772428e-10,4.5277866735187503e-10,2.2650430741893527e-09,1.7068858724631513e-07,4.767662416647963e-08,3.650956931815038e-10,1.1944083916005722e-09,9.281364381204365e-10,2.735382507716684e-09,1.108099756901498e-08,2.8032737393684346e-14,1.2241213924480808e-09,0.0073405334827125746,2.9008104454911234e-09,286.1336207641757
4788c4,5.416666666666667,31604.050925925923,8.670307420738894,78.27514484068458,4.672335912937604,8.330480335077734,5.818301449341338,0.0,9.9169582858048e-11,8.421958654916608e-09,3.649365490425013e-09,1.8540998257877358e-10,3.463087213773743e-10,3.2928214224467623e-10,3.619422017155151e-09,1.6667026191816195e-09,1.3584645316873328e-10,1.0292772820639082e-10,7.803334733611465e-10,6.402388435865221e-10,7.919675661075953e-10,4.1843882483538025e-10,1.3655164374812456e-07,5.320103657353053e-08,2.3245948125183557e-10,1.1264143013562405e-09,5.254361529459129e-10,4.076949862161695e-10,6.214247715422066e-09,2.1056339720946586e-14,1.3268452069106595e-09,0.005904908433060987,1.2519901330433851e-09,281.536048880619
478a74,6.583333333333333,30575.55036231884,27.31168855160399,82.61665585430697,23.88938363232498,3.226969057005571,5.670214182010113,0.0,7.826088276092855e-11,6.197503859085925e-09,1.1351749541981607e-09,2.260232661063779e-10,3.6583042675066614e-10,1.1690301812600755e-10,1.9440107736921366e-08,1.2515002506258883e-08,4.2073781861986176e-10,6.400623653294357e-10,4.582477312990591e-09,2.5460844342285825e-09,3.637855595432981e-09,2.896748045620244e-08,3.0913583673621595e-07,4.7455702009015695e-08,1.5068044696895904e-09,7.50713898090758e-09,8.077322713359789e-10,2.5112587319222406e-09,1.1831681171973411e-08,2.846252193906874e-14,3.354829928837266e-09,0.01786219638392087,6.383879366378579e-09,299.47456777516715
47c099,5.9166666666667425,31671.798333333332,15.950967015647938,72.47963112643423,10.581999032039962,6.256017227248167,6.107273184239661,0.0,8.453994632034414e-11,7.1222347362688965e-09,3.449217401506192e-09,6.025192860864347e-10,1.1244783875279768e-09,1.206224796998801e-09,4.218816962922385e-09,1.991838113340073e-09,1.4544226442714333e-10,1.2857094822798623e-10,1.481110934588061e-09,5.503691343702152e-10,3.1161616081855034e-10,1.6224009151670884e-09,1.4393020617354651e-07,6.093799027209447e-08,4.031825528253169e-10,1.270375148176421e-09,2.066958465109792e-09,1.742103871287483e-09,1.1120711418569859e-08,3.1386005643724975e-14,1.5907556454964667e-09,0.008950930972212771,2.3827194547001627e-09,289.547420419169
47d09d,6.5,35499.94074074074,23.337488004569742,71.62423218074552,17.53323286487538,7.984547025880568,5.763648929198233,0.0,7.762195417435092e-11,6.367044086645742e-09,3.253471567060476e-09,5.871150671351263e-10,1.0351076114221671e-09,7.928279474255163e-10,5.539247977607322e-08,4.3099713440222696e-08,1.7130724220572495e-09,3.939068527590334e-09,1.692449843840089e-08,4.054011016498286e-09,1.8562859945128405e-09,3.374473008541281e-09,7.627814586737059e-07,4.102033275820801e-08,8.526127177640479e-10,3.590239526373531e-09,6.5759870543968716e-09,3.307263186008228e-08,4.362342100452711e-08,4.361412378091679e-14,3.0325474271390897e-09,0.014057473935826417,4.877461745361531e-08,295.1428622466952
48647e,5.833333333333409,20153.970402298848,9.730009972943977,38.328893834793504,6.9043653185033165,8.054890521425849,8.925591551127953,0.0063537082716038544,7.282268155341515e-11,5.976492188924147e-09,2.358563117154465e-09,5.407448502123693e-10,9.702479085358066e-10,4.5819987979050763e-10,7.079855107025651e-09,4.190907387795813e-09,2.020119310844685e-10,2.3101469098267795e-10,1.8040270121586109e-09,6.903861577819611e-10,4.941487764941798e-10,4.126716176020773e-09,1.6075646015027094e-07,5.6565194753278907e-08,6.450013734411878e-10,1.8328770722108786e-09,1.1611969849877794e-09,1.4127418544593365e-09,1.097066973065472e-08,3.775978454071181e-14,1.7673218825616954e-09,0.010285212522784524,4.936436376460523e-09,290.0049809272096
48bfd8,3.666666666666591,37530.04744623656,23.748601806892772,78.11340758382896,19.443728457231803,8.47271707676885,5.486290679263779,1.6845092096045968e-05,1.4234145463801616e-10,1.1829844880638373e-08,7.429087632389513e-09,5.453120556871761e-10,1.0126305451133786e-09,8.747038002710184e-10,1.9728997665732536e-08,1.3588243415719638e-08,6.223579240498409e-10,1.1060158041566785e-09,7.53122250727306e-09,1.8448132739119584e-09,1.0169700620150162e-09,3.6926646820245375e-09,3.0853293834929017e-07,6.55744129859827e-08,9.293161122635487e-10,3.1461355798045424e-09,4.417109151931508e-09,7.0298465340911585e-09,2.0339828071889083e-08,5.557211589275268e-14,3.1486243290234817e-09,0.014231302796496743,1.6661713772676294e-08,295.22264315202216
49ab2f,1.9166666666667425,5738.315873015873,11.827582871573384,62.475453547429936,3.268809402316254,7.600067176105249,5.759549393870457,0.0,1.754193559506676e-11,1.449256257903459e-09,1.861603790803023e-10,5.169592737311295e-09,1.1808383607733975e-08,3.060661980703306e-08,6.976123252105307e-09,3.482313182648836e-09,2.1516391784845662e-10,1.586555636301276e-10,1.821434699306547e-09,5.992229939557857e-10,9.729676906065468e-10,2.5451212702651268e-09,1.6290447590166108e-07,4.8357648319837803e-08,4.743555003196948e-10,1.6434410568125691e-09,8.511345443572578e-10,6.716345247472006e-09,1.3377140587438375e-08,3.341648784349704e-14,1.2715905356731502e-09,0.005239210498341948,5.7566929471850204e-09,285.12261269139753
49b10a,5.916666666666591,31766.96535580524,14.24774566206973,74.07677023664908,9.012647283386885,6.915515427885012,5.851786987284719,0.0,9.481064895190481e-11,8.005420073266447e-09,3.3558049675070236e-09,4.960111829358728e-10,9.142736599210272e-10,9.124580823296254e-10,6.1828617116234605e-09,3.3417286162619955e-09,1.8163810656426881e-10,1.697358348758294e-10,1.3785704302489172e-09,5.806215610294593e-10,3.9032805212978156e-10,2.2205641845362155e-09,1.630136070117098e-07,4.949416453013047e-08,4.0957115817616214e-10,1.2133782790675383e-09,9.216465850208658e-10,2.1753853732163708e-09,1.026625165956937e-08,2.8199354857293903e-14,1.2358049586661704e-09,0.007699893817707683,2.2798772712289913e-09,286.778620467121
4a0f59,5.8333333333332575,28868.322916666668,9.24451689051762,34.640905018415516,6.103592855214972,6.618140088354821,9.35097269248592,0.002871372959354432,1.0323076209977781e-10,8.590205176590773e-09,4.016009100274143e-09,6.014896936015127e-11,1.1072883704180388e-10,5.600180471224202e-11,6.499967532978774e-09,4.577077443742042e-09,2.1801696704890814e-10,3.8404450732845284e-10,2.726554306218926e-09,9.065233841208406e-10,7.076891750495963e-10,3.6874185716484743e-09,1.9076287783281966e-07,4.625372246527711e-08,5.15862464053082e-10,1.7524692736250776e-09,1.0228433982404528e-09,5.0059034230969284e-09,1.4171968723040358e-08,3.865163665057338e-14,1.2948131916926282e-09,0.009631948222572915,9.247962959632416e-09,290.24319651307724
4a7118,7.916666666666667,35824.851739130434,22.329597460791106,76.39517832139043,17.50577458119018,8.356583681616042,5.631429164590714,0.0,7.894518677229235e-11,6.490243715195655e-09,3.5270726465915224e-09,7.05160823744972e-10,1.2864073182140134e-09,1.3792233943310676e-09,4.787305601503639e-08,3.5877966725814566e-08,1.4524938899706762e-09,3.0672893185127482e-09,1.4965013216985667e-08,3.829371303335957e-09,1.8152916030792325e-09,3.420713883346791e-09,6.771124107003721e-07,4.847309731773718e-08,8.901837955967582e-10,3.6578166030613188e-09,6.623806014085401e-09,2.5579623172721698e-08,3.660047527112489e-08,4.683553836935638e-14,3.2145183462288187e-09,0.013483475221827511,4.284194036295485e-08,294.73881890160897
4b1b0a,5.916666666666667,28861.479437229435,11.85618468318968,80.05537960014712,8.098545494449167,7.607747992315061,5.766944342148647,0.0,1.7891358316857883e-10,1.5182086279961542e-08,6.673432815357734e-09,3.1439811870071636e-10,5.962431154481925e-10,6.517918174215888e-10,4.3797637599514776e-09,2.1063446225747187e-09,1.5745185473866022e-10,1.18963157730283e-10,1.0230967201827895e-09,5.280569025265546e-10,5.758036024249976e-10,6.63920428516938e-10,1.3690111490768882e-07,4.917645396674707e-08,2.891990911840648e-10,8.800237528941673e-10,7.35830326063322e-10,1.9168304742996068e-09,1.067898632698676e-08,2.43190925981483e-14,8.184078472585492e-10,0.007067645299858909,1.727133464958451e-09,284.93073585769685
4b3253,4.0000000000000755,32345.644086021504,21.328208111593906,77.86413593784309,16.788713365661057,5.579611036190387,5.774891630843115,0.0,6.641246917091522e-11,5.411195706317696e-09,1.7113727629094072e-09,1.3514521225201083e-10,2.124359874047044e-10,4.50855031947661e-11,1.9678104964104242e-08,1.4976148255413526e-08,4.5630572189736265e-10,8.847006656412545e-10,2.5242202577336944e-09,1.2194688002266317e-09,1.5774140560730042e-09,1.3124375196263615e-08,2.6995058246800275e-07,3.8948640322866207e-08,7.17235079099004e-10,3.9590823997159775e-09,8.09657390907366e-10,3.4758480397629086e-09,1.2159000157830726e-08,3.8042755992948206e-14,2.2734479372565014e-09,0.012535649140630305,1.0779564359853912e-08,294.2769805136289
4b387a,6.1666666666667425,29490.1071197411,27.322366329205646,80.35626633995052,23.407326951889118,3.7225067358639747,5.582872354039828,0.0,6.951607540864829e-11,5.505011860059965e-09,1.0582381311714675e-09,2.888774354197092e-10,4.80087073276451e-10,2.024634097677674e-10,2.6771951841340734e-08,1.8559927766918995e-08,5.656778637432597e-10,9.983790891035187e-10,5.359822295629844e-09,3.3553564337468754e-09,4.9406235964897045e-09,2.77609423551718e-08,4.001889951279258e-07,4.959729821405655e-08,1.5431459496830409e-09,8.895645227078699e-09,1.414676382726915e-09,4.722491034636902e-09,1.7165586705421373e-08,3.2498436727029985e-14,4.0586712291898766e-09,0.01748632103100714,8.208183390266917e-09,299.262543092284
4ba581,4.583333333333409,30561.642142857145,19.269800207268702,76.55553095085807,14.777958023018005,7.306912540250967,5.830857619382599,4.591393356514245e-05,7.450240792872528e-11,6.142775744874838e-09,2.765440062227734e-09,1.3965720734257254e-10,1.8694393419028593e-10,4.0652843566209565e-11,1.4996957966117208e-08,1.0243319621348377e-08,3.453590887841752e-10,5.689067757175878e-10,3.98504943312715e-09,7.77513824689873e-10,7.063275852685632e-10,6.259095379515868e-09,2.030548866428434e-07,3.6716483828491225e-08,3.992156540085991e-10,1.7566929597494267e-09,7.623212861512864e-10,1.5669285430330782e-09,8.793563318513434e-09,7.698505007230427e-14,1.74052654562248e-09,0.011004139557503729,9.831524966143301e-09,291.11478821214405
4bd4b6,2.749999999999924,27476.30299145299,9.760890387629283,79.41996552036919,5.916374323542324,8.166204742002302,5.760290379287792,0.0,9.459836517684506e-11,8.01456449413067e-09,3.2200845149888863e-09,2.069902162995545e-10,3.815412923010577e-10,3.4934154302160903e-10,3.744348165110781e-09,1.6178925322215463e-09,1.6367223874479495e-10,1.0903566037632912e-10,8.253324492989604e-10,5.593961165282213e-10,4.2771049462288257e-10,4.775865275902091e-10,1.3456197300591697e-07,5.6756959560341934e-08,2.6788668336772766e-10,8.602233881453937e-10,5.90566962925592e-10,5.770717184112867e-10,6.0862266358037974e-09,1.9817514585925094e-14,1.180899287868452e-09,0.006516269839547159,1.0687616790429375e-09,283.18119550261224
4e401f,4.8333333333332575,30688.244636015323,28.265275198692965,40.94255840243729,10.603623166195423,6.421087812070454,5.878527500515157,0.0,3.522762884277347e-11,2.783008401445739e-09,8.696266793366735e-10,9.51779697911797e-09,1.9869324254162782e-08,4.047589864319833e-08,8.063954114578088e-09,3.684068007252686e-09,2.1964892368256198e-10,1.5213455831133902e-10,7.451771821574546e-09,8.231184020738413e-10,3.6093271743546055e-09,7.404371140160342e-10,1.7234262578121427e-07,7.772258065922491e-08,1.3497732450519187e-09,3.909318633328805e-09,5.387013648945795e-09,1.6025467822473111e-09,1.5309047061015095e-08,8.974992097075562e-14,2.1855406572798107e-09,0.01013338097788769,2.3477793751247762e-08,300.51651990397966
4fb111,9.833333333333258,29966.71515151515,20.10249992658082,59.79836478046533,11.492867329426817,5.235810567911685,8.139245919564486,0.00038355866126040466,3.69465978051436e-11,2.9841351302130888e-09,8.671193031491547e-10,6.263157014933335e-10,1.0863361948652497e-09,4.546500311893142e-10,1.683391879054647e-08,1.2745690407735816e-08,3.286391008055807e-10,6.061754274929806e-10,3.201905902320945e-08,1.3313420336201084e-09,1.86332737974168e-09,1.9925780250683026e-08,2.8668397859117627e-07,4.524574409572361e-08,8.04397108387304e-10,3.8768928455337346e-09,1.0491684382947098e-09,7.923987358332024e-09,1.4113432697961123e-08,3.9853462211696785e-14,2.413496624017961e-09,0.010486960513726523,1.4594829270256018e-07,292.88871439095357
4fe318,2.833333333333409,30298.87037037037,23.31255022691168,81.4496347983831,19.703347198391086,9.788615527938582,5.705292168906118,0.0,1.6696620829766764e-10,1.3923908542588588e-08,9.553052231029341e-09,4.3747522036492177e-10,8.175780131345168e-10,6.394890868082615e-10,1.6119451333693178e-08,1.1101475360269196e-08,5.272177163761768e-10,9.40829454033504e-10,6.735659438643661e-09,1.7744923770060156e-09,1.0089622446820154e-09,3.1937034878872404e-09,2.652545978537209e-07,6.858069679977708e-08,9.605159472528249e-10,3.537836334425271e-09,4.269147946579521e-09,3.873427214869181e-09,2.067432477667543e-08,5.494905344024516e-14,3.5908535154421623e-09,0.01420910880866336,1.685216127163791e-08,294.77792136254607
5042cc,6.333333333333333,25988.418855218857,27.70759119251479,79.26863500778587,23.508695501018178,5.363379656271407,4.443130351464256,0.0,7.641776691435168e-11,6.0088205327529485e-09,9.622659800628026e-10,3.220610206077776e-10,5.344288549197733e-10,1.9264540576004361e-10,2.5061830287760943e-08,1.627599262974637e-08,4.100969294448412e-10,4.713097855936386e-10,9.75736170047148e-09,1.5713036253973816e-09,2.3642914503791795e-09,1.0466847648787408e-08,3.261531291135127e-07,6.366004120896708e-08,1.918923419488982e-09,6.153326810187921e-09,2.274598665196179e-09,6.944125945967543e-10,1.223075444325571e-08,5.13677723698944e-14,4.1251274225527905e-09,0.017441247756317002,1.702603754429995e-08,299.8782558273113
505a7f,4.9999999999999245,28151.50507246377,27.648780452231136,81.70964812293153,24.02767278109589,3.0839290486952233,5.618913449339592,0.0,7.55268218866437e-11,5.977782524404885e-09,1.1526697583070842e-09,2.454994758298397e-10,4.1215980489567703e-10,1.504848993800866e-10,1.6566206003029493e-08,1.0908322913049561e-08,3.453753388595219e-10,5.275008893449641e-10,3.907445649048571e-09,2.259754889385733e-09,3.346074550647804e-09,2.780836673606574e-08,2.7018860645169396e-07,4.525318370143342e-08,1.301111240346946e-09,7.1950295627829675e-09,6.331382814075146e-10,1.5763477215975164e-09,1.0909511440892201e-08,2.4283994540280382e-14,3.044980252037297e-09,0.018252241006900295,4.7411749310649395e-09,299.75903963558284
511908,6.166666666666591,30748.05285714286,16.326280962062974,75.24700052782802,11.361871772250796,7.846854132218041,5.99398499619043,0.0,1.7338571048599461e-10,1.4589243331465715e-08,7.01574750809127e-09,6.106959079750084e-10,1.1430850588721764e-09,1.0839734220830586e-09,3.5824483604422466e-09,1.82360991484763e-09,1.3799700840191573e-10,1.357058987791465e-10,1.4063852823353918e-09,5.070633500009918e-10,2.568878848287969e-10,1.4044730377308915e-09,1.2977321528197123e-07,5.522342378425756e-08,4.4521352196392925e-10,9.141232069533219e-10,1.204854720341573e-09,1.1692418565854187e-09,8.17143004915426e-09,3.487395768060113e-14,8.523838998011362e-10,0.008873017888516195,3.4608383095017324e-09,289.3287203128588
51b0a1,7.4999999999999245,27470.936524822693,16.256545496971732,69.38453868486629,9.733247279901626,7.359531660341808,5.921470088271789,0.0,5.737975544683698e-11,4.81021244780638e-09,2.117376373756509e-09,1.2069573508597805e-09,2.2182137445542237e-09,2.538329737476854e-09,6.062133217089033e-09,2.976963290180252e-09,1.6876838389207418e-10,1.1391096927676881e-10,2.550961720899894e-09,7.192655448937147e-10,7.450808435668152e-10,4.584369622013702e-09,1.5669306880866322e-07,5.189990465658177e-08,5.307553524264495e-10,1.5835760340459636e-09,8.941165180241981e-10,1.5881578783242116e-09,9.511202471481363e-09,2.7833358572207582e-14,1.3401138275079668e-09,0.008018893234088784,4.550603141020496e-09,288.7389488770551
523576,5.916666666666591,31351.406593406595,14.233680684546766,74.64123799180757,9.190583022550003,6.701875964933502,5.826181730839768,0.0,1.0149738588832959e-10,8.562655513199291e-09,3.7791985734379e-09,5.309757716327118e-10,9.767251731919857e-10,1.0142736467280027e-09,6.0709563362463674e-09,3.2147543478413295e-09,1.8273429946066937e-10,1.5909704750120944e-10,1.2309881361990915e-09,5.577328644827846e-10,4.1069955770876444e-10,1.936739037464884e-09,1.6152108169667405e-07,4.906473570075251e-08,3.7507895601423645e-10,1.1065788969067657e-09,9.723790725035e-10,2.3383481572527503e-09,1.0440526404015646e-08,2.7901195654734816e-14,1.1836980636993905e-09,0.007622880871296976,1.8367943510618232e-09,286.6038406586402
524cec,7.833333333333409,30732.98429118774,14.037638412263481,74.67978305807294,8.992012802457909,6.702576758628178,5.85231441492873,0.0,8.546632662561481e-11,7.208271183845678e-09,2.8685339630283315e-09,5.36880185479788e-10,1.0029891043108464e-09,9.932843340019144e-10,5.772529983689492e-09,3.0545309560173565e-09,1.7666779675184957e-10,1.6777617177612835e-10,1.2755617193935195e-09,5.598522130310428e-10,3.813168739033429e-10,2.099484178036287e-09,1.5794230106931067e-07,4.974919405843177e-08,3.893247133390632e-10,1.142651586465772e-09,9.912816537625423e-10,1.841969540278793e-09,9.852490073095681e-09,2.820985364178167e-14,1.2249946342701244e-09,0.007644692844383331,1.9498950999522458e-09,286.5314024718732
529397,5.9166666666667425,30269.722659176034,16.05190534516711,71.84947031169284,11.678124259448161,8.77993247490925,6.641578334070926,0.002807523045825758,2.1014837399844909e-10,1.7656779141207145e-08,8.8115234977319e-09,3.640656720877655e-10,6.695845285201511e-10,6.16267842049877e-10,3.3476647625963935e-09,1.5182142749213965e-09,1.2871528093802138e-10,9.269362917687087e-11,1.2648309003032907e-09,4.843087517762279e-10,2.1040691818497032e-10,1.1236982531210344e-09,1.226734264063634e-07,6.321747239189687e-08,5.977879755576315e-10,8.250517947102262e-10,9.349144031794912e-10,5.291863495004825e-10,5.145387379806291e-09,4.5098038973816676e-14,8.2613905887145e-10,0.009302324077254297,2.3702675944714784e-09,289.81864728885125
52ab65,6.333333333333409,24901.847417840378,9.336796344033907,68.91744460512817,6.121341175100557,9.035236952160691,6.691755956290093,0.001090840296537848,2.1541912924106062e-10,1.832260489464971e-08,8.789022468529233e-09,1.0190648892279264e-10,1.8178228955069478e-10,1.4099865939620347e-10,3.5033005402617253e-09,1.434700745076521e-09,1.376422511138631e-10,8.097421972782134e-11,9.620309786649465e-10,5.128679000117044e-10,2.5775504829239344e-10,7.217319355966377e-10,1.2805317518712156e-07,6.152847917142083e-08,2.748657131134782e-10,6.516447602642445e-10,6.396694001693355e-10,4.190748644924364e-10,4.436075414720489e-09,2.7772127695336358e-14,1.0082811039787591e-09,0.006723005277165053,1.5344711711569699e-09,284.58405962360433
52f310,5.5,34015.16161202185,16.96737507445585,65.24993339828066,9.583950367515042,7.120568806955591,6.085778330312886,1.462254112549376e-08,4.814623915810061e-11,4.03002746574398e-09,1.3662148417274669e-09,8.443588775242642e-10,1.5581959340732668e-09,1.7330671641485346e-09,5.172864461709971e-09,2.5723035048909847e-09,1.7356771779952886e-10,1.8460539743072765e-10,2.3539640966737683e-09,5.711887212707179e-10,3.445902662129225e-10,2.3149964122608843e-09,1.5152066014315736e-07,6.154730874963109e-08,5.58749202462709e-10,1.4288511790156234e-09,9.463900526215966e-10,1.0200724138254011e-09,6.433602124803743e-09,3.122294688271564e-14,1.4075731561946637e-09,0.009201869963296153,3.0914549262021528e-09,290.29639039420226
53ac3e,3.9166666666667425,33391.02227564102,7.636386615693175,77.71293966533177,3.4392792601059727,7.730820384031029,5.762545809620628,0.0,8.912647595833566e-11,7.566611142316576e-09,3.109833116265139e-09,1.2336598897159355e-10,2.2789702027802613e-10,2.157386587170397e-10,3.506789788476192e-09,1.6118403556116956e-09,1.3640907564100223e-10,1.0652072535779543e-10,7.254506857151426e-10,5.974240089428097e-10,6.744383035050684e-10,4.790599867261482e-10,1.3381723383872656e-07,5.4564285577568546e-08,2.2830765636795256e-10,1.0506049180714624e-09,5.659598580003722e-10,3.348748834479901e-10,5.064581722860154e-09,1.839274906961134e-14,1.3258726687404579e-09,0.005567496636015722,9.711605236972418e-10,281.0715405332731
53e727,3.8333333333332575,32192.210344827585,22.503001531377773,70.27765197329997,15.281859181369885,5.6684911195164585,7.534556242070098,1.299693954301207e-05,5.925612363743306e-11,4.817689089792674e-09,1.5062762412761723e-09,1.3674753344679125e-10,2.1982097056943075e-10,6.804662783584451e-11,1.7535284333735894e-08,1.299595131850422e-08,4.408138140681383e-10,8.139806723881574e-10,2.1238406941063507e-09,1.1433381600256393e-09,1.2383154988701273e-09,1.378380145550404e-08,2.6974598355787414e-07,4.006722193337481e-08,7.426144261556524e-10,3.6262392764295946e-09,8.74348040654602e-10,3.1529251219404184e-09,1.068069060067378e-08,3.745305382545776e-14,2.0326471847981425e-09,0.01153614803577513,8.931784572325416e-09,294.4155681618191
53fa23,7.5833333333332575,33026.761413043474,22.405074394783064,71.23894400965695,16.35794044978644,5.750069785721889,5.6455987432875965,0.0,3.3672499232903746e-11,2.7092147246211644e-09,7.838150091920198e-10,7.157694301146472e-10,1.3316818931073402e-09,1.5693274070851779e-09,7.340733038768703e-08,5.813252429756446e-08,1.8032164226536898e-09,4.045403826231875e-09,1.5575561059716656e-08,5.313137192218611e-09,2.376209917632895e-09,9.613459405003447e-09,1.0367028922419258e-06,3.776567137950112e-08,6.98327240802183e-10,4.921358585174276e-09,5.276280404054653e-09,4.6746599459595315e-08,3.9515479341042296e-08,4.321626177417082e-14,3.279118303152694e-09,0.013006931938976951,5.544644245504435e-08,293.9978120468175
540bd5,7.7499999999999245,7831.883333333334,28.39796079274248,80.41281765348053,24.39961475138305,5.537337716059497,6.050808177967694,0.0,4.3187912367409386e-11,3.442976849327828e-09,1.264762850696361e-09,2.0888910506290428e-10,3.3672446964633956e-10,9.168356903061044e-11,1.7327638316722148e-08,1.2424689690512853e-08,4.755611114828624e-10,9.33438958499335e-10,5.761322164782931e-09,1.0803261144017783e-09,4.5303153787539287e-10,8.200283968821765e-09,2.5863054704621264e-07,5.5204012318727314e-08,9.356439381309635e-10,3.468187098295379e-09,2.518216031632479e-09,2.259359381527913e-09,1.4280546190514389e-08,6.44642814138534e-14,2.035100063763203e-09,0.0183814621251215,1.2542428646664008e-08,299.73160576917235
543d48,6.333333333333409,33910.71873156342,15.982628465159376,73.2040461086206,10.67750742591895,7.213007439885069,5.96203911911284,6.116960331126371e-05,9.971158550046907e-11,8.398543421909961e-09,3.848135797237263e-09,6.482402361552757e-10,1.1982704908590088e-09,1.2579670900101034e-09,6.147032242116667e-09,3.4741850811525326e-09,2.026654815500128e-10,2.423676833217229e-10,1.5173129970355507e-09,5.977969407832213e-10,3.409306454510922e-10,1.851321872389485e-09,1.5889947947865704e-07,5.283502885610376e-08,4.859036207460975e-10,1.0819592476749064e-09,1.177879629546249e-09,1.9648635432743413e-09,9.20014351162624e-09,3.49295992430307e-14,1.0805019134740295e-09,0.008652572821985968,3.0824764504265245e-09,288.75016077730794
54ca10,4.4166666666667425,33943.5891025641,9.119952483550886,82.10871081082736,5.964846649273103,10.120216851709039,5.686291537329132,0.0,3.13791494302449e-10,2.676242360965175e-08,1.637221122108088e-08,1.7305726878931083e-10,3.247772594762332e-10,3.400434421782276e-10,2.7552194888502242e-09,1.0061438082554172e-09,1.1660532943490787e-10,6.861140624441183e-11,7.833886595343673e-10,5.034334707133497e-10,2.761342172911031e-10,1.2275966142745543e-10,1.22793238981965e-07,6.038110031257272e-08,2.1243328556394076e-10,4.381465357852232e-10,4.720384458348853e-10,2.1140486535009372e-10,3.3226925363555845e-09,1.8521231057881232e-14,8.533740037350575e-10,0.0061254577103241675,6.362300585782388e-10,282.5939704727903
552803,4.916666666666667,32870.51346153846,11.909792280281975,75.44768961504155,7.142579575442933,6.902949094620663,5.893241670075132,0.0,9.804414493026332e-11,8.295621500827173e-09,3.0553513985986413e-09,3.254441251846365e-10,6.220814535377676e-10,6.450034326133008e-10,5.593093369137299e-09,2.764637828080524e-09,1.9295714468384035e-10,1.6977904319666863e-10,1.0999502846708374e-09,5.186448882264357e-10,3.3153064457589734e-10,1.4525107593845252e-09,1.5170671102410116e-07,4.667139746111963e-08,2.85914276398875e-10,9.752495347106167e-10,7.14653749519055e-10,1.629440280995858e-09,1.0658021675928891e-08,2.5220618712656602e-14,1.1433452373415032e-09,0.006762205707392507,1.834698444040811e-09,284.72407062178814
553c0f,5.5,20641.302380952377,16.987437581861883,71.73717080928655,11.18139994082507,5.840524476945455,6.121367525164553,0.0,6.673804900382465e-11,5.57625451172403e-09,1.4228786797126053e-09,3.430285453641613e-10,6.711554124509043e-10,7.54291859394843e-10,5.6805695396151914e-09,2.204612220052806e-09,2.7933084626296614e-10,1.4279769160764619e-10,1.2059035957688058e-09,5.103466038982205e-10,2.1340347230785325e-10,1.926076601028716e-09,1.388933470149818e-07,6.252708040648096e-08,6.556743623151306e-10,1.2410208303160726e-09,9.67253650813631e-10,8.48551464324754e-10,8.345747767215272e-09,3.635510052582238e-14,1.421553669797285e-09,0.00898808296410383,1.09194192644002e-09,289.8326704684222
562123,5.666666666666591,33280.276402640266,8.57995745262403,78.22684075958614,4.522573793073368,8.152356931395293,5.7789989030825835,0.0,9.646927916902541e-11,8.189359860042311e-09,3.357570620787678e-09,1.3678893535214571e-10,2.5193114963203075e-10,2.431011700426781e-10,3.5319810492202627e-09,1.583143893557096e-09,1.3848988725111856e-10,1.0387416890352896e-10,7.570378887362815e-10,5.814626048019755e-10,6.151270110353582e-10,4.256558571489234e-10,1.32650801657109e-07,5.3925785364921716e-08,2.2961101855109182e-10,9.847604845847467e-10,5.437249731740179e-10,3.7045935324767107e-10,5.480179090036901e-09,1.984095737147771e-14,1.2421368285847036e-09,0.005868739190536592,1.0678935503819625e-09,281.7714130438393
564c90,6.0000000000000755,30883.090957446813,13.442238773431535,75.35977768316685,8.550200914444572,7.257946687116775,5.763373143928062,0.0,1.0623547264193513e-10,8.978712910127137e-09,3.8271109510021086e-09,4.5690168318345565e-10,8.581977322024784e-10,9.019390902775529e-10,6.037879654160021e-09,3.315598067375455e-09,1.7765042002374927e-10,1.6537757629771724e-10,1.2345874720829368e-09,5.779108864193851e-10,4.1169474805462554e-10,1.6798581160091103e-09,1.6168557034590524e-07,4.77313115886009e-08,3.351292601194194e-10,1.07575772934107e-09,8.715516402901537e-10,2.19300340898347e-09,1.0206200566947995e-08,2.775049391087669e-14,1.1583916403556956e-09,0.007332172328209075,1.943025388583407e-09,285.9513754266882
565994,5.916666666666667,28752.966666666667,17.342367567035673,72.89544410814432,11.998664143190135,7.419147482790711,6.054590332660179,0.0,9.11080485214497e-11,7.651516989237789e-09,3.9669280507915484e-09,5.496078442193321e-10,1.0380667353916776e-09,1.166713802475848e-09,4.262534250136337e-09,1.9893489144389054e-09,1.6636459526779593e-10,1.307127672702059e-10,1.5248893081021843e-09,5.288555488876748e-10,3.013295806772227e-10,2.3369479919152104e-09,1.423049229794879e-07,6.510555161085028e-08,6.288646839685089e-10,1.1376158373559514e-09,1.3501396006416907e-09,6.695555702994367e-10,7.170172757707323e-09,3.7578555456988477e-14,1.248557046355754e-09,0.009490402315068548,2.5147321313502857e-09,290.3589041006952
565f25,10.166666666666591,34144.45663716814,16.318159592526033,72.68478399426964,10.940251704307155,7.23045931471547,6.047856912154379,7.448868518250619e-05,9.45782570417685e-11,7.961883053769539e-09,3.6841848792288454e-09,6.135152431910713e-10,1.1685865047277203e-09,1.352656842474337e-09,5.380954304262196e-09,2.9642638810933005e-09,1.7762839016924875e-10,2.054017436564184e-10,1.4828830026147966e-09,5.512735194595937e-10,3.443453830822405e-10,2.0364505888556426e-09,1.5180725020023648e-07,5.289892754514818e-08,4.610180640462793e-10,1.1203191323054785e-09,1.1801852207483836e-09,1.8205836750201496e-09,9.487379359540602e-09,3.470516774891961e-14,1.1237119873615433e-09,0.008711149892389176,2.6768400042155246e-09,288.9322447549514
568b4f,5.4999999999999245,27447.994336569584,15.127792614795641,71.71969309380019,9.238488219792398,9.32151152854768,5.813769209496576,0.0,7.75440497483801e-11,6.4967185597805975e-09,2.850453856979128e-09,1.1701999410954281e-09,2.2489651480534112e-09,3.1804383424464643e-09,6.654048711476161e-09,3.6269733401221625e-09,1.7948291424220089e-10,1.638215049609019e-10,2.5136672799586575e-09,7.552355119179764e-10,1.0534390065660612e-09,1.7125403684924064e-09,1.678789220634685e-07,5.3889718763567516e-08,5.704986699570768e-10,1.6384287541943609e-09,1.1516784139116334e-09,2.315959656601512e-09,1.0702880648214854e-08,3.3169698898725724e-14,1.375716640046557e-09,0.007881210158040886,5.2757939084745175e-09,288.1692045332342
56942f,6.166666666666667,31416.831555555556,17.130965234090123,72.09274885681585,11.404805175901213,7.294608687030022,6.046520498012198,0.0,9.990539421541931e-11,8.385778990471447e-09,4.000697706861758e-09,8.081364409188773e-10,1.5180678479036533e-09,1.657138186135726e-09,4.321635723191337e-09,2.0154883540992684e-09,1.56163242907475e-10,1.3818733096331752e-10,1.4771702900232194e-09,4.917857444531921e-10,2.819820094451602e-10,2.5173821369852264e-09,1.3736262496375263e-07,5.9116245345196664e-08,5.69983036160877e-10,1.0914635867081497e-09,1.2382562344719464e-09,8.885253714175449e-10,7.089199419290983e-09,3.609539005697714e-14,1.1147281744448886e-09,0.009022590363753987,2.3013717448640186e-09,290.1957507356966
569aba,7.833333333333409,33542.23853046595,21.530928287017847,75.30090209743148,16.413148823948934,7.867547949008145,5.633322563457225,0.0,6.968643031212995e-11,5.723117383270249e-09,3.0544897281251225e-09,1.0732173796001782e-09,2.089599912354123e-09,2.9833063965342214e-09,4.832186278180028e-08,3.662086076714593e-08,1.3907351591811498e-09,2.9388510059881304e-09,1.4135016490425344e-08,3.89066258897906e-09,1.7437565514658268e-09,3.889139796708823e-09,7.099771516899263e-07,4.719084647337529e-08,8.531188096696454e-10,3.492080461269262e-09,6.212357379789446e-09,2.7511975646122814e-08,3.729301067331505e-08,4.195954997544662e-14,3.260238270983774e-09,0.01280308871119068,4.392154672770463e-08,293.8175757683699
56be25,9.500000000000076,32463.429326923077,12.214134350170196,75.39683580235638,7.412086158553118,7.058228314902293,5.924976832406779,0.0,9.441640245138553e-11,7.984003420247967e-09,2.8830024677063093e-09,2.847600766024999e-10,5.430219248230901e-10,5.481745170757113e-10,5.630179624791046e-09,2.81461559163872e-09,1.929313255945179e-10,1.773427984087148e-10,1.0533447012853713e-09,5.197782591961025e-10,3.1927924705125567e-10,1.5351837871314729e-09,1.530948612968725e-07,4.630216584011668e-08,2.901006410333889e-10,9.690895483873823e-10,7.378509096770603e-10,1.8038500468608177e-09,1.0939705843212262e-08,2.5290611514795836e-14,1.128985404143802e-09,0.0068716916531187215,1.4521927450462508e-09,285.004815959525
57572b,10.416666666666742,33093.63596491228,12.682133599877673,68.9786281121239,7.833527481505324,7.830302380723955,12.199850348440519,0.004008670881321382,5.605604927794124e-11,4.588083318944021e-09,1.766471508146567e-09,5.057505690153144e-10,8.988086989789435e-10,4.0614050111878583e-10,6.692771557744911e-09,3.757359023596741e-09,1.892597529344451e-10,1.6760013316398883e-10,1.5829377278091074e-09,5.741234128810546e-10,6.154244450278862e-10,2.0473887043670578e-09,1.5476542282707306e-07,5.222763888898123e-08,5.448720443826655e-10,1.5098887121802964e-09,8.347112819790686e-10,1.3629836011093736e-09,8.903763436720523e-09,3.6038752033315446e-14,1.2899361315764496e-09,0.009035841790940158,3.6193323586842467e-09,287.41781979995716
57e70f,5.5833333333332575,32606.132700421942,17.112982384815822,77.36197883357855,12.729861381834352,7.297688028114631,5.730843419536756,0.0,1.243251045079827e-10,1.0342705568675665e-08,5.579932602073183e-09,5.209431506448899e-10,9.646433557557972e-10,9.837977817036751e-10,7.583415594967821e-09,3.990918333972269e-09,3.307509875672476e-10,4.1571125150459267e-10,2.9689963635818925e-09,7.145022045211144e-10,5.138748428024827e-10,2.581622690118053e-09,1.6361326292680433e-07,6.135094481796286e-08,5.550411749408774e-10,1.6873255046302674e-09,1.1805953053443351e-09,1.9960060321606192e-09,1.1146334361567313e-08,4.1270280795666664e-14,1.76352425895351e-09,0.01058046097206512,6.179708554782289e-09,290.67949959549253
58607a,3.000000000000076,30474.542018779342,15.21057422131293,77.5088460189605,10.917904161445472,9.255817318917403,5.964736433826656,0.0,2.167296079998629e-10,1.8281057483339593e-08,8.526487398426872e-09,4.857418752802472e-11,1.0073303737561525e-10,1.5562837803952521e-10,1.7974200424211045e-09,1.026667847484504e-09,6.61670040320117e-11,8.75092353210167e-11,8.358403246810985e-10,3.089756878073633e-10,1.606987279169509e-10,4.981827658058366e-09,7.110405206977604e-08,4.2232365929944706e-08,2.639850236984422e-10,8.918171750205973e-10,1.6232791647040346e-10,7.08962854747296e-10,3.7550973741290015e-09,1.647034295458903e-14,5.823821427041579e-10,0.00829262385592297,1.3357777425407177e-09,288.14513568074045
5863fc,5.5833333333332575,31241.309356725145,11.836863629116422,75.13375301409796,6.8156743969956946,6.743472156552897,5.554965954585558,0.0,5.668555607814291e-11,4.787517908058087e-09,1.608336309561111e-09,3.664125673174355e-10,6.973008881071207e-10,7.42936884858643e-10,6.784003140654992e-09,3.8621822664422945e-09,1.7963755135988904e-10,1.716586145374508e-10,1.7088745285421378e-09,6.179112942947578e-10,8.823551932235889e-10,2.1860669045010304e-09,1.734823747290595e-07,4.353063381683048e-08,3.305322564961521e-10,1.5444724510048442e-09,7.141652345697325e-10,1.7498693171966871e-09,1.0386321577390994e-08,2.6774225796169464e-14,1.3775420183394408e-09,0.006751720417439657,4.640129718418203e-09,284.8623670592804
5872ba,6.4999999999999245,31021.91130952381,27.930145611120487,57.6005149465659,17.231940315408032,7.135228273428141,5.240686904701291,0.0,4.917408453245281e-11,3.9157906624939316e-09,1.0025156551074085e-09,6.7165603466361025e-09,1.2680939457310244e-08,1.702059890597558e-08,2.0013093037755427e-08,1.1713201588978343e-08,4.715690433625197e-10,5.626660309074795e-10,6.320339792841285e-09,2.668589074331156e-09,8.505281893438912e-09,2.405076579879246e-09,3.066918470943939e-07,9.249447830467194e-08,1.9870294617842377e-09,7.0123245211739115e-09,8.422342887095576e-09,1.7022661809864593e-09,1.8032742023264525e-08,8.636520799167674e-14,5.730845012055927e-09,0.013444740682232326,9.392708195569814e-09,300.31469936230286
5889de,8.666666666666742,28701.992628205127,16.067989332115214,69.18244105896888,9.51512772896329,7.27402512164825,5.903136804677667,0.0,5.8077804034838424e-11,4.86580877544136e-09,2.0821369137455417e-09,1.1490708581233259e-09,2.0961170894097906e-09,2.344265760343015e-09,6.540606064191197e-09,3.3914702335514785e-09,1.7702765279677187e-10,1.4439275221853987e-10,2.5408915223473178e-09,7.597292019395441e-10,7.906641204022472e-10,4.774161258526188e-09,1.6095567523639585e-07,5.062982572230247e-08,5.240786217114033e-10,1.6961416829969502e-09,8.633964679928574e-10,1.7063862167234266e-09,1.0065336422357943e-08,2.7838250971126596e-14,1.3890500190031938e-09,0.007938593340862983,4.895823643249375e-09,288.58112096098967
588bd9,5.9999999999999245,28027.722633744856,11.716326478072164,80.03974278911171,7.943201860602333,7.6135464656039895,5.745299551648697,0.0,1.7126121607697504e-10,1.4531330966162863e-08,6.305930107122207e-09,2.412747735068121e-10,4.6180014901097565e-10,5.477340823424738e-10,4.4951048857839435e-09,2.2982539414238754e-09,1.5239060082525436e-10,1.2632205648470962e-10,1.1372671336301433e-09,5.422076509936909e-10,6.169865595584981e-10,5.986186504993005e-10,1.4138257246415095e-07,4.7612897360473414e-08,2.933612884654334e-10,8.992171449824449e-10,7.795277825215446e-10,2.6046928690190546e-09,1.163306700317272e-08,2.3830524142552055e-14,7.988521628210243e-10,0.007023108695027824,2.1352155061164185e-09,284.8282021826041
58b70f,7.333333333333409,30823.45425531915,27.710600786189886,78.518544253778,23.22581151476538,6.156472727332013,5.654063692121601,0.0,1.443839161416321e-10,1.1629380414202635e-08,4.290540014470321e-09,1.482211745939957e-09,2.8063206876429537e-09,3.117559741707091e-09,2.305472027433444e-08,1.5092644600930347e-08,4.3993316819598315e-10,6.689568427164998e-10,6.584219970239757e-09,1.9084799401732238e-09,1.2996427265954026e-09,8.437949601636216e-09,3.2114539989921724e-07,5.5152680030630705e-08,1.4798120652483536e-09,3.4638781652429014e-09,1.7507865304319954e-09,2.622659833277599e-09,9.513364089261822e-09,6.17108571345421e-14,1.6611391730754486e-09,0.016895480342077843,1.2261504251205557e-08,299.74175693480413
58e831,5.75,25769.114999999998,8.306105312946078,31.23115828052266,5.762961433608625,7.0932112164244865,9.332328957888219,0.0061251321243088195,6.625992421915302e-11,5.418677146907548e-09,2.1650903393236573e-09,5.528784298194029e-10,9.636275192978037e-10,3.717161147979031e-10,6.5296357101370025e-09,3.6554748781202075e-09,1.9421627433853197e-10,2.0678284123221024e-10,1.9650986105072958e-09,6.114123663904194e-10,3.8521391709249064e-10,4.6326367007728506e-09,1.5348730210806562e-07,5.403828704807337e-08,7.066229444002107e-10,1.907936214243967e-09,1.168112273483592e-09,1.2569930579917866e-09,1.0420683869830694e-08,4.044702507419644e-14,1.5922330157479746e-09,0.010840920059289027,4.886030075214429e-09,291.7099569802313
59244b,7.333333333333333,28410.66956521739,12.423164260514806,75.88242674077327,7.759883316816225,5.126559993322782,5.8494064402594415,0.0,4.665620868915829e-11,3.926063493297235e-09,1.3200652761958752e-09,4.2677650968877796e-10,8.003566188711437e-10,7.648252332480776e-10,6.148557731620136e-09,3.67312310212003e-09,1.7954840763951474e-10,1.3588905952057688e-10,7.931551758311061e-10,6.275716591491611e-10,3.660472676893126e-10,4.266398103053232e-09,1.7465049420771295e-07,4.749938422578383e-08,3.0331710921732723e-10,1.267052474908991e-09,5.15003545101076e-10,8.533466096838697e-10,8.955489665599966e-09,2.2194708673363827e-14,1.3986179743442758e-09,0.006730536265587152,1.028769814067368e-09,283.7525098187604
5a3386,5.666666666666667,32240.25734126984,27.94244816016504,78.8450930201466,23.385707016716612,6.017279186133664,5.8236102323543175,0.0,1.4559882318404789e-10,1.1730954622545613e-08,4.410434666593316e-09,1.4600753713865733e-09,2.7985443382002763e-09,3.0526616834757436e-09,2.1193587328086504e-08,1.3707011988638241e-08,4.0855307259071156e-10,6.070043050782717e-10,6.471679195281364e-09,1.8273071525651126e-09,1.402487926038013e-09,8.388498017127018e-09,2.9830454157073607e-07,5.612864043459733e-08,1.525976225128544e-09,3.759791531511123e-09,1.790478214245711e-09,1.8166818087276583e-09,9.588565882237576e-09,6.077552342936259e-14,1.6661166027160345e-09,0.017003132146734285,1.2593227451010075e-08,300.0313824414763
5a5b01,5.916666666666591,35236.74652173913,12.078993195228248,79.02524247744739,8.113451460166681,7.896425895151679,5.807343327367293,0.0,1.6872340158508693e-10,1.430208773775176e-08,6.0563058427067184e-09,2.3008587638219017e-10,4.263073063246758e-10,4.5155623061646514e-10,4.622970418340817e-09,2.33404448898981e-09,1.6156808880716132e-10,1.4174983327711784e-10,1.1363849581902801e-09,5.291350240083456e-10,5.694879988852146e-10,7.277754109662092e-10,1.4080480060415253e-07,4.791712782911884e-08,3.0560028512595126e-10,9.073803731427889e-10,8.163285362875832e-10,2.1363702017478717e-09,1.1292324587865095e-08,2.6127799255663912e-14,8.649504226860723e-10,0.007103050393048297,2.0001781818920546e-09,284.96116867624653
5a7547,9.583333333333334,34193.11265432098,11.654757955153068,74.94105228878793,6.691417543889163,6.836035880424654,5.875345098329639,0.0,7.61771572218533e-11,6.437283782241998e-09,2.1541108267549356e-09,3.3912809026729087e-10,6.439608249933406e-10,6.254574378179781e-10,5.988467310978224e-09,3.144871615786423e-09,1.8848952065713926e-10,1.7332211457845996e-10,1.0155882520590733e-09,5.278906175722687e-10,3.273045182939803e-10,2.082565488566642e-09,1.6212032103093991e-07,4.60133052498479e-08,3.0377209215669083e-10,1.1117424066630847e-09,6.758758174716835e-10,1.797320576308183e-09,1.1208090512003163e-08,2.6060032096983562e-14,1.2673858892791994e-09,0.0066364323053350344,1.5920018505662042e-09,284.41048545779284
5acf5c,8.333333333333258,28513.609615384616,27.35935596202675,81.24099785072134,23.626342086664724,5.266520423725944,4.529650225252019,0.0,7.718625443475354e-11,6.075666022689565e-09,1.024812144743973e-09,2.843897490060386e-10,4.675852647249149e-10,1.5257884350240912e-10,2.3767658461542203e-08,1.5395133329394347e-08,3.8227471647116355e-10,4.369472756074083e-10,9.073759378595598e-09,1.4610268129124094e-09,2.2479780771102347e-09,1.1849147095137902e-08,3.0532216730796885e-07,5.913722376294734e-08,1.7333675771463408e-09,5.806506493056657e-09,2.1944831097060263e-09,7.039025396548387e-10,1.2146660462773667e-08,4.501659249861735e-14,3.6935995737440483e-09,0.017588494101400988,1.5162565721527852e-08,299.6924195069344
5b6c97,1.999999999999924,32920.2443977591,15.111281206527662,79.29457492641382,11.273074435757152,9.033288920476485,5.989603404911121,0.0,2.170203990772546e-10,1.830648422438786e-08,8.384255253030046e-09,7.447840876032291e-11,1.3190426935184456e-10,8.330266323672987e-11,1.7886434974196033e-09,8.848612214521799e-10,6.385759264156306e-11,7.150986725721018e-11,8.925676995736069e-10,3.010777582037797e-10,1.4089929075108322e-10,2.3229490728015527e-09,6.908023940507069e-08,4.029415350100921e-08,2.7940918956498073e-10,6.357328537207343e-10,1.185678276047267e-10,2.0244448490489447e-10,2.1704844824587073e-09,2.000171204995081e-14,3.830141568081157e-10,0.008440004940669663,9.421381245719291e-10,287.9184901640466
5b9f5b,5.7500000000000755,29559.16641791045,12.469185877849144,79.2137831126156,8.474200193990608,7.174727954963762,5.786194161595898,0.0,1.7221250651457562e-10,1.4604353016947235e-08,6.3646769844587e-09,2.8093126925121853e-10,5.336788368290244e-10,5.983068689357861e-10,4.434750107901128e-09,2.166118750800438e-09,1.5695610160945081e-10,1.3302602985475836e-10,1.06820917621365e-09,5.443835842382149e-10,6.035931816913273e-10,7.426261956832032e-10,1.3817066250769616e-07,4.82352076318049e-08,3.17470242012698e-10,9.496754313992187e-10,7.735804688538401e-10,2.105532290238378e-09,1.1884432911767663e-08,2.6580858133948732e-14,8.330953601254733e-10,0.007286574933447991,1.749157275937322e-09,285.71596680390854
5bbf12,5.666666666666667,29430.896428571432,11.470224495974412,80.2969050620168,7.7696761507982375,7.736060792746085,5.762728871228504,0.0,1.8194548268067715e-10,1.5454230744646736e-08,6.983496205533775e-09,2.1664611450801718e-10,4.1301718289021976e-10,4.413978780770631e-10,4.25618449438182e-09,2.115345182078038e-09,1.475593345433541e-10,1.1800747154426983e-10,9.756607628365473e-10,5.251849201872325e-10,5.387921061851537e-10,6.763650863846832e-10,1.3857727174819978e-07,4.87114844830388e-08,2.646582218148587e-10,8.373844000131896e-10,6.734392638347674e-10,1.9284504625347137e-09,1.0453734703269356e-08,2.276690652922897e-14,8.173349588546094e-10,0.00690376851560557,1.7489224708133769e-09,284.6057483679377
5c104a,7.4999999999999245,26227.333146067416,6.835824285969755,23.918053336545828,3.2283545045849444,6.628998742470382,9.50750754303228,0.0055900914788433245,4.2510434725832204e-11,3.477022200097165e-09,1.2024538556051068e-09,4.2002844427100334e-10,7.556852812724233e-10,5.127227931387174e-10,6.740463208833545e-09,3.805752021024363e-09,1.9945052341080562e-10,1.9930498139613661e-10,1.6360452273783857e-09,6.303193498099315e-10,3.7840171631468043e-10,5.709411529028463e-09,1.6140603192197375e-07,5.365151241047538e-08,6.036990941547091e-10,2.0768632949060187e-09,9.838377863906961e-10,1.5507868525116824e-09,1.1418582498500148e-08,4.062400963162467e-14,1.6542819595046243e-09,0.00849928764327136,4.642446933733817e-09,289.9681955560467
5d4c4c,5.9166666666667425,22993.13740740741,13.560884773543528,69.89573936967905,7.0644156750138105,6.528577279361196,5.7743325298231625,0.0,4.017884135149682e-11,3.3735261164319226e-09,1.044381623493682e-09,7.884928508399636e-10,1.482274413502052e-09,1.5441791612614812e-09,5.8377054055910315e-09,2.906190909448866e-09,1.7128024364324547e-10,1.2948038591613925e-10,1.8547636244463312e-09,6.191084754853788e-10,7.356687310983988e-10,2.6160133875931587e-09,1.6309673193547266e-07,5.1458580011497085e-08,4.953489368274546e-10,1.5308368802568969e-09,6.818922925630012e-10,9.287757770249251e-10,6.848198520398795e-09,3.1229240400243185e-14,1.3622732291505562e-09,0.007031285432752808,5.019943083209865e-09,286.3574377939301
5d9174,3.75,37484.379781420765,23.421507282887653,77.86111158666726,19.05966458568388,8.523465660065085,5.543014952524805,0.0,1.4152176462792255e-10,1.1758112729704347e-08,7.4096733500473445e-09,5.055411297531348e-10,9.248019026516064e-10,6.95799818502994e-10,2.1323139788932638e-08,1.5098970834432454e-08,6.945383183295911e-10,1.3281762614298095e-09,8.272047470077764e-09,2.06008267269595e-09,1.1214887029132675e-09,3.5960487271100366e-09,3.2890764936971235e-07,6.499126608307997e-08,9.211457940607258e-10,3.3570916045018467e-09,4.3160920596080676e-09,9.90126457580075e-09,2.1757477710553653e-08,5.5825014501692617e-14,3.394407913349758e-09,0.014046899520723528,1.99809297791746e-08,294.7897024375382
5dc541,6.0833333333332575,23201.45984848485,11.726689754686085,74.9175627603218,6.614827510694028,5.835034018528796,5.745943801913137,0.0,4.218190874689783e-11,3.546164811136229e-09,1.3296986913585017e-09,5.084078084790619e-10,9.78624676355173e-10,1.1303135622767817e-09,5.612098715200772e-09,3.079319853266959e-09,1.6907424850548626e-10,1.2834987699080408e-10,1.3764072687476443e-09,6.461858746399389e-10,6.296989139652867e-10,2.6172727139811664e-09,1.6760239131775336e-07,4.924996483174712e-08,3.783758726776414e-10,1.4316988606060238e-09,5.697951402860396e-10,1.1799450091903136e-09,8.711588535117053e-09,2.2539331668656737e-14,1.4291667538751384e-09,0.006710178635728304,4.724951227448609e-09,284.8598698495445
5e2bd1,3.4166666666666665,32133.18767361111,7.608668634611046,78.65604825418221,3.628310450863143,7.9718498892779905,5.7331960059241425,0.0,8.386673016476921e-11,7.115622287076559e-09,2.888312960592439e-09,1.8463395501475977e-10,3.5758341264730166e-10,3.9514759645482025e-10,3.4397883498538563e-09,1.530213703120599e-09,1.3596154866651983e-10,1.0505721480721735e-10,7.274089327477593e-10,5.591962045837245e-10,4.920654549597223e-10,4.1640326158135553e-10,1.329516874291075e-07,5.528563037829613e-08,2.3473553724070817e-10,8.553875877485042e-10,5.924184138967753e-10,2.976666092701036e-10,4.4887374950399665e-09,1.7638741132119365e-14,1.248426372265167e-09,0.005666545224470853,7.979072503666979e-10,281.298805303547
5e62a0,5.9166666666667425,27031.79393939394,16.589088556126207,69.83636359357659,10.220957613506819,7.332722531147476,5.932287915711895,0.0,5.705352543039124e-11,4.775430233658514e-09,2.092796506939903e-09,1.103915265874068e-09,2.0072503367255203e-09,2.2278379607749603e-09,6.0853874156830845e-09,3.0270115279844395e-09,1.6687451374786087e-10,1.1754095714776663e-10,2.510496006683216e-09,7.202645676848848e-10,7.333759772497612e-10,4.849359328892667e-09,1.5736150319255642e-07,5.345194415730832e-08,5.694938142749975e-10,1.7046790807068333e-09,8.854445183754763e-10,1.6030182731430635e-09,9.326504708934941e-09,2.800194971654761e-14,1.4156162820405372e-09,0.008320543318389377,4.763264024459397e-09,289.1507065880856
5ea36b,3.666666666666591,25461.195833333335,27.496199917305315,72.19431446672303,21.684906409052775,6.26675414069454,5.943214808807819,0.0,7.454712045038242e-11,5.955124618285009e-09,1.7893400847617486e-09,5.925250165670777e-10,1.0493281240936439e-09,5.784249007196104e-10,3.166196345923074e-08,2.3189403018582427e-08,5.106573455578201e-10,8.177463418675711e-10,7.117846094068685e-09,1.47198762162338e-09,1.6913909482159625e-09,1.3353311643743879e-08,4.227635136069547e-07,4.4527864794748717e-08,1.0367290951762126e-09,4.605418120120051e-09,1.5012667188787664e-09,4.099475874055534e-09,1.6359044349265187e-08,4.5249083772773214e-14,2.2685814412319836e-09,0.01629295052864706,2.0684202747213086e-08,299.28151839892774
5eaf08,5.9166666666667425,28381.73881578947,11.948822210997958,80.30692950694622,8.176135242176557,7.5204457524019555,5.766216359915138,0.0,1.780616174480086e-10,1.510522365391549e-08,6.8349408941747235e-09,2.5602032346119395e-10,4.9366972080822e-10,5.459009207537954e-10,4.359036068613719e-09,2.2068665659529776e-09,1.4882103694873616e-10,1.240244008516616e-10,9.875793271977995e-10,5.286655875222721e-10,6.010099028460554e-10,7.575650485700264e-10,1.3827788856738103e-07,4.8042403478759725e-08,2.868391398034911e-10,9.121948573419809e-10,7.476266734574189e-10,2.271798583022903e-09,1.1250594104031499e-08,2.449335001956699e-14,8.000785658110304e-10,0.007111985785281654,1.8010959033872104e-09,285.00143792906425
5ed258,7.5833333333332575,29973.450809061487,11.654337760876041,73.94605833802443,6.393033896257081,6.612841620062677,5.658986792118752,0.0,5.0389248454468886e-11,4.252055186701281e-09,1.4193799136472731e-09,4.877286348810033e-10,9.263134434287303e-10,1.0140377201950175e-09,6.243561713863456e-09,3.4961920760937337e-09,1.6908920592087736e-10,1.5206027257255585e-10,1.8985718352827167e-09,6.295127377455162e-10,7.806823878650448e-10,2.8083424519897435e-09,1.6748021008945193e-07,4.5951009190214396e-08,3.6007197379083285e-10,1.597233878911204e-09,7.116273049723459e-10,1.2384312023810247e-09,9.259429843434988e-09,2.6439436139446266e-14,1.5047920971543953e-09,0.006722529088425202,7.378313951549297e-09,284.61518020779295
5ef5b2,5.75,28323.350490196077,11.50995616607919,76.98073138703009,7.11152509080588,6.84506187363228,5.891345473550752,0.0,7.143448000879304e-11,6.022985042790283e-09,2.2194535368767967e-09,3.075202727768465e-10,5.869832022156187e-10,6.264593642969523e-10,5.129417847285164e-09,2.602249757636845e-09,1.924753336553215e-10,1.561486714338744e-10,9.65084477739885e-10,5.680612324323454e-10,3.271243764466654e-10,1.0456134280599127e-09,1.5524771552624713e-07,5.522929223456425e-08,3.93583773303504e-10,9.239219619030226e-10,7.472092149787573e-10,1.3918943118649397e-09,8.603527507885727e-09,2.4524560476803124e-14,1.2156587518022193e-09,0.0070376386324508735,1.0962282430454524e-09,284.46123453306
5f492b,5.25,32791.59040880503,11.860253396500452,76.11799439325752,7.259492470426907,7.2865711009673735,5.87708651001217,0.0,1.0057239597345573e-10,8.510472061637825e-09,3.1670336876419807e-09,3.0939147959282244e-10,5.920378723846427e-10,5.8131537986777e-10,5.3503636752735044e-09,2.6331941658547736e-09,1.8527606976853953e-10,1.6390892757386902e-10,1.1024277002730405e-09,5.174928380204851e-10,3.126059487805278e-10,1.3375460953618717e-09,1.5033897203776963e-07,4.7157289415732604e-08,2.873784003588456e-10,9.335511905219721e-10,7.254964120411694e-10,1.4437903648188895e-09,1.0339574669730745e-08,2.4961731570509264e-14,1.1127586851103017e-09,0.006801338434969094,1.5104828291184452e-09,284.71947739576694
5fe65d,2.8333333333333335,22600.472023809525,17.333486230967527,69.35853916332017,10.858508497892954,7.914055643482646,5.967917867045652,0.0,6.842974536420304e-11,5.7139820107257085e-09,2.6133925838079174e-09,1.0336248082306138e-09,1.94889036754254e-09,2.2818705033383093e-09,5.624006391488343e-09,2.951851638808393e-09,1.703757408770935e-10,1.2649235554565322e-10,2.2071518077280154e-09,7.81029775620696e-10,1.1021186629991689e-09,3.4501607690235095e-09,1.6166105079131372e-07,5.497901737477876e-08,6.295015039910095e-10,2.0683765641259904e-09,1.1838096853067918e-09,1.4202850289990821e-09,1.0565183332360849e-08,2.888684356477532e-14,1.3835770281888429e-09,0.009023492655246075,4.923222944524542e-09,289.7262411395213
5fee07,4.9166666666667425,28515.448397435895,27.44391534380383,80.93794693651873,23.61697619553412,5.314311075276365,4.482460905181702,0.0,7.530756103899799e-11,5.925705891955416e-09,1.0331253820190013e-09,2.791097938483775e-10,4.612366429976827e-10,1.6053457207803605e-10,2.5080199878018935e-08,1.6285548130345026e-08,4.027789258782978e-10,4.687934879273521e-10,9.999721628947967e-09,1.5463539169049727e-09,2.32717253051405e-09,1.2511573702433447e-08,3.183485642823963e-07,6.050362032693012e-08,1.7821405659045271e-09,6.0630872235260265e-09,2.2497757390352647e-09,7.196233042223315e-10,1.228998678441286e-08,4.6109650156545564e-14,3.9818237578096245e-09,0.017559389124952127,1.751840765464585e-08,299.7110143318681
602581,6.0,32395.962437810947,12.942053378552094,74.54986626313668,7.989155862604086,7.332757153244609,5.955561215445424,0.0,1.5260622980802762e-10,1.2935596384489063e-08,5.402111118755241e-09,2.9792003612335185e-10,5.626071403521233e-10,6.376382338588482e-10,6.300441410121619e-09,3.6729624257848927e-09,1.772122453592054e-10,1.757906395685001e-10,1.2178745067450868e-09,6.180136848949032e-10,8.494696465799786e-10,9.125523215066478e-10,1.611890341401137e-07,4.635853260488108e-08,3.01026382925888e-10,1.3676706304889605e-09,8.887645036836803e-10,2.5759370618502643e-09,1.3405965291196222e-08,2.351611545114906e-14,9.545017790150207e-10,0.007103462145953436,3.4629879484830947e-09,285.43583295066657
60665b,5.4999999999999245,33860.603212851405,16.775141809110725,72.37559025289085,11.382386059379321,9.020161032236974,5.925377399275213,7.027702210246203e-06,9.258872201813513e-11,7.703283732463402e-09,3.9579483511223e-09,5.524494054648513e-10,1.0197657711757236e-09,1.1349244971866035e-09,9.452714409115127e-09,5.2457947310062434e-09,4.004657412548187e-10,5.484360384418394e-10,3.3311761745331257e-09,8.326176566406459e-10,5.76313319770226e-10,2.8498147973991514e-09,1.8890846960680045e-07,5.775500644393615e-08,4.642353842355851e-10,1.8600698241726274e-09,1.2768508325223733e-09,3.0217129243532506e-09,1.274185662869592e-08,3.643719736285063e-14,1.9792627284019235e-09,0.009612482262918472,7.404103681663131e-09,288.8658561341451
6080c9,5.6666666666667425,28642.211574074074,11.587746242818731,80.61369190560826,7.920990687323583,7.542574621071708,5.774216761975914,0.0,1.7358548489327862e-10,1.4733868621517718e-08,6.550114375173559e-09,2.3538322057443035e-10,4.428095392544655e-10,4.856638052823764e-10,4.270342484819448e-09,2.173805777868554e-09,1.3860029944894684e-10,1.1284010694746502e-10,9.687241336415203e-10,5.289473182162665e-10,5.826998481291299e-10,5.77279696025575e-10,1.3879549793019384e-07,4.79572228493691e-08,2.767536132467866e-10,8.383757481039394e-10,7.126959227268419e-10,2.1354853261587702e-09,1.0911996521276413e-08,2.3773476778838296e-14,7.801133951415754e-10,0.007033216838296435,1.719942634825212e-09,284.6112502650828
60e96d,9.916666666666742,31848.398989898986,8.851605592920958,39.16412667460066,5.200444819256633,6.537385472450016,9.209687783219334,0.008186853515193519,4.3899281900761504e-11,3.5734776100214768e-09,1.296858876789586e-09,4.828151859925462e-10,8.678353354143354e-10,4.972099283480535e-10,5.799343176981913e-09,2.8778154333467517e-09,1.8516246837886603e-10,1.2152631586793618e-10,1.653470783748009e-09,5.872954308414605e-10,3.027861908979888e-10,2.669433762752496e-09,1.5187094933205295e-07,5.669450748340657e-08,6.876053587439015e-10,1.4626479347760217e-09,9.953266358699609e-10,6.398448471017063e-10,8.258920526894572e-09,3.6448114028837344e-14,1.3957095877297895e-09,0.009452915794918392,3.3020432056094373e-09,288.76326409489013
60ef5c,4.0,36162.82548076923,23.47953707261145,78.17268715540676,19.180059873141385,8.84078659488638,5.628814784787088,0.0,1.4931729023504408e-10,1.2422243769862467e-08,8.024086292068205e-09,4.503548831746341e-10,8.40239856430501e-10,6.799843170225598e-10,1.7170313777353418e-08,1.1786844883479254e-08,5.702826917490831e-10,1.0233748448983948e-09,6.976590327984129e-09,1.750302182487405e-09,1.0018546563847743e-09,3.208512928307365e-09,2.761996259905084e-07,6.931629472470081e-08,9.849694776964006e-10,3.2615525806173395e-09,4.170565368785569e-09,4.6080846205567546e-09,1.8702272648238545e-08,5.5569416338005884e-14,3.3851651682491932e-09,0.014095361925573906,1.6069974363903052e-08,294.93548807633465
614c8b,4.5,30921.155615942032,27.2778452912393,41.29508367769738,9.959314384566216,6.2318539452781865,5.886230562269534,0.0,3.206387079403627e-11,2.5240543099529534e-09,7.222422862160944e-10,9.459522168906832e-09,1.960754746571049e-08,3.925228931496034e-08,8.230725653276585e-09,3.822411974504314e-09,2.2442959372323372e-10,1.606727490287283e-10,7.776450752778907e-09,7.515550318514058e-10,3.4211282934312695e-09,1.0381260903955069e-09,1.7531108286432135e-07,7.523217642027357e-08,1.331485835102303e-09,3.989227208712958e-09,5.014298604604732e-09,1.7828428401739648e-09,1.520030902277109e-08,8.872261755898688e-14,2.1223311783254278e-09,0.009870402233615072,2.620943052582455e-08,299.61369611046763
6172bf,4.25,24583.54304029304,6.536518659749832,23.839705464896245,4.349988833659537,7.028181439793785,9.405566083293644,0.006614390006307097,6.295989221752999e-11,5.1371353767956334e-09,1.988418545144289e-09,5.856629320821624e-10,1.0355579186012797e-09,4.2819430932753366e-10,6.30741450575673e-09,3.574368606055761e-09,1.8368807335324216e-10,2.039006093637965e-10,1.830237253148211e-09,5.948488916257902e-10,3.665442272063261e-10,4.394799352772682e-09,1.5081736878682744e-07,5.398996863438836e-08,7.294381388151472e-10,1.9001410855314786e-09,1.1562580415434544e-09,1.169229046145719e-09,1.035812038156811e-08,4.198617584685814e-14,1.5111394939915485e-09,0.01085265176327161,4.7266513666512405e-09,291.9989348190814
619f29,5.7499999999999245,32469.60185185185,9.91109420474159,77.67133281526404,5.70741026849473,8.280168444133583,5.793532270564919,0.0,1.0085142405527328e-10,8.549533118775004e-09,3.346408092218392e-09,1.72721764114831e-10,3.202346457155841e-10,2.997277532165804e-10,3.8322073948809886e-09,1.700126507465589e-09,1.527121563345901e-10,1.1865674972783745e-10,8.786736058292411e-10,5.679204594382915e-10,5.686063869415368e-10,4.2917082268815683e-10,1.3500107268920819e-07,5.2574801266591396e-08,2.543439717200576e-10,9.33901420618003e-10,6.407103207551361e-10,7.760946951606752e-10,7.234466566476133e-09,2.1697500619903295e-14,1.1597069783798656e-09,0.006298574957035432,1.2420603466996278e-09,283.0707517723762
61b64d,4.6666666666667425,30289.23111111111,28.217048926560757,41.538487438934396,10.752477280324738,6.491079699409768,5.86742878804363,0.0,3.423791934074117e-11,2.7059781350688995e-09,8.028533303531365e-10,9.820172701720827e-09,2.058807761013211e-08,4.1919037929427477e-08,8.24180433218623e-09,3.851763715350279e-09,2.3015713825263112e-10,1.7666093747016773e-10,7.50333480340448e-09,7.927629201936959e-10,3.395619942411467e-09,7.599941042046373e-10,1.738060408282224e-07,7.769439981749991e-08,1.3519670605573493e-09,3.848005438938263e-09,5.673188087489128e-09,1.5239875217892141e-09,1.5321419552141312e-08,8.928078195228084e-14,2.0620775376511315e-09,0.01043852221375884,2.3446267152015937e-08,300.4088253949937
61d91d,5.0833333333332575,29881.206340579713,27.643047360110472,42.16710012910852,10.875345373123213,6.464796371846824,5.860613221122494,0.0,3.7678122750430706e-11,2.988999744114939e-09,9.444387081106454e-10,8.86801699275402e-09,1.8469613104044222e-08,3.72316454027821e-08,8.147992378664152e-09,3.824986205281384e-09,2.2447697951515005e-10,1.6538046010989946e-10,7.540059513283097e-09,7.62102449037056e-10,3.2959301226575567e-09,1.101260156941813e-09,1.7487205497550176e-07,7.652145170371048e-08,1.2938844590379578e-09,3.845333703467136e-09,5.657296808431838e-09,1.7070413728440068e-09,1.5400250092097597e-08,8.699391618157654e-14,2.1469247473805995e-09,0.010420877048288691,2.3616721350470155e-08,299.8702049333098
6242f5,6.5,31878.316666666666,15.617040478342028,72.03488657336455,10.03459950961982,10.613156591354572,5.903011370779439,0.0,8.495741006444622e-11,7.135245646914168e-09,3.410365056977529e-09,8.854371663596509e-10,1.6630886197462015e-09,1.9886633472355933e-09,5.137668309341056e-09,2.447833124513204e-09,1.5426957874604976e-10,1.1097773651754772e-10,2.354233776988401e-09,6.998413145743809e-10,7.997631236429895e-10,1.6119345746036662e-09,1.4971404489506767e-07,5.6749101715737364e-08,6.189217525826518e-10,1.388370347088729e-09,1.0373913819858235e-09,1.6345198168598515e-09,9.095647467211481e-09,3.080951474164754e-14,1.260584102977128e-09,0.008242266889758957,3.733965945739803e-09,288.7812587511648
62441f,3.9166666666667425,26447.329814814813,7.887428068611496,27.205619769890767,5.553170063376655,7.033169464099443,9.330366495698245,0.006984152648798603,6.459387302735721e-11,5.261848558874948e-09,1.9973250128172834e-09,6.603935829922566e-10,1.1665646148616929e-09,4.530816734342458e-10,6.3719559354583956e-09,3.54642181903095e-09,1.8746804058954316e-10,1.8939749071526597e-10,1.8676023467106215e-09,5.934166025804666e-10,3.4648754879515954e-10,5.082689834752311e-09,1.5042943230416957e-07,5.547184171331422e-08,8.02071999235864e-10,1.9643901839697862e-09,1.126110504247563e-09,9.611941823494809e-10,9.733822227390398e-09,4.2749884463351245e-14,1.5597382480098755e-09,0.011339443053434085,4.521490672232272e-09,292.48083225600544
6333d1,7.416666666666591,31268.316319444446,26.123347655607365,67.23137565061509,18.386209521833656,5.047556466040189,2.3135954618791374,0.0,6.812965757676557e-11,5.413052493528664e-09,1.3682778582262437e-09,2.9217863058358326e-09,5.434610000135829e-09,6.145997814278369e-09,9.107099515286555e-08,6.52407960578679e-08,1.2041913579461087e-09,2.1698158423376123e-09,1.194723515996893e-08,5.685588858491719e-09,2.1370473363520912e-09,7.590928638282417e-09,1.1671921622459275e-06,5.590337910150705e-08,1.3508682576231571e-09,4.858995443134777e-09,4.481551965844313e-09,1.505004952060701e-08,2.803969650860774e-08,6.497655624335376e-14,2.8272322099532284e-09,0.01361972408810041,3.2973243149589746e-08,298.4245537558786
637578,3.75,34945.598381877026,23.21474955956133,78.24037298569166,18.962844430826706,8.50423882350556,5.700028212448777,0.0,1.4238892551605116e-10,1.1833826455867282e-08,7.395482446870517e-09,4.311965933665278e-10,7.967891418501532e-10,5.962613261803407e-10,1.6017492378596313e-08,1.0963381987332218e-08,5.343942321013629e-10,9.53024983921444e-10,6.5790670018752445e-09,1.6137013921391704e-09,9.68292144006136e-10,3.1605681113635407e-09,2.5968349005177035e-07,6.88691380870517e-08,9.456403678272582e-10,3.257842418756081e-09,4.019540415756936e-09,3.729785411915395e-09,1.839109025626077e-08,5.594774701139503e-14,3.3402865949469054e-09,0.013909265590480883,1.5021340628000403e-08,294.69019852711597
6380b6,6.0,30488.385267857142,26.66748714527563,78.86723525532763,22.345985909078674,5.337863616473956,5.465313141808161,0.0,7.489273900834865e-11,5.992490251743667e-09,1.8080481049539994e-09,4.75793015925647e-10,8.203026834945891e-10,4.3425626800580303e-10,3.2946265165669484e-08,2.4019388054964722e-08,7.411445499703169e-10,1.3728231927889203e-09,4.536327447478688e-09,1.88278429622157e-09,1.0894783359497634e-09,1.572577551179012e-08,4.5587804863055604e-07,4.7970164610409454e-08,1.1177941830296778e-09,4.187702998329747e-09,1.3448734603040572e-09,3.739129524807738e-09,1.335769484323433e-08,4.1252935924030634e-14,2.541259004204129e-09,0.016429024679047593,7.642468522783847e-09,298.4919457003594
639f3e,7.666666666666667,33029.337535014005,11.175041576961622,80.13663623734237,7.454935399700908,7.658607685872013,5.722427566713323,0.0,1.671112766790635e-10,1.4191333293778422e-08,6.470491914932768e-09,2.618399760299855e-10,4.94311347481471e-10,5.704027556430101e-10,5.077691768347744e-09,2.798797090982973e-09,1.5605017044018282e-10,1.5123228000803268e-10,1.362244024996694e-09,5.616537225028832e-10,5.704262285251351e-10,8.070654806087803e-10,1.5088546847624414e-07,4.653680680204819e-08,2.728367412573535e-10,8.689924283243066e-10,7.846713967901814e-10,2.6868755596269124e-09,1.1265980679076395e-08,2.124842987549102e-14,8.278314046875824e-10,0.0068000465725026734,3.5421349758031845e-09,284.27844066987666
63b9bf,5.916666666666591,26121.95194805195,16.747546533278896,68.52138338476708,9.9693325580667,7.420742362813832,5.948820702518966,0.0,5.563936977314197e-11,4.652053492696264e-09,1.9338078810110827e-09,1.1696584714231345e-09,2.142847393943045e-09,2.3811495806205223e-09,6.014638183129146e-09,2.919549111335279e-09,1.663858604929533e-10,1.1401381914230114e-10,2.4941204486847694e-09,7.088936914164114e-10,7.123150329873926e-10,5.3616851064181035e-09,1.5538077683834495e-07,5.28371067047567e-08,5.530830003881998e-10,1.7000244410303432e-09,8.408172232008965e-10,1.4837929387779976e-09,9.154198677977376e-09,2.7710877874112405e-14,1.4045751848599375e-09,0.008088816111985905,4.573615711828335e-09,289.12328462182643
63f2f2,6.0000000000000755,29000.313374485595,11.586728545661943,80.19190689373075,7.86410360212435,7.687488735195639,5.764570994374265,0.0,1.7265852720799672e-10,1.4654631111842695e-08,6.392842683058299e-09,2.1765299888097114e-10,4.081828139704368e-10,4.185654873471239e-10,4.405168612282887e-09,2.198004716319236e-09,1.5353580099783774e-10,1.2552017444241805e-10,9.932517311819626e-10,5.364216946454658e-10,5.898321322588132e-10,6.701717320179819e-10,1.4020087530696074e-07,4.760789495101389e-08,2.682800238049377e-10,8.88704274719996e-10,7.189523675976092e-10,2.0613562704882646e-09,1.114102840419566e-08,2.2932159444722332e-14,8.189949086029463e-10,0.006955592448851036,1.7885480174598483e-09,284.66361166729877
6406b0,3.8333333333332575,30237.235606060607,20.4740741141554,60.59179339650239,12.097843337976379,5.346171693532887,8.340459422485464,0.00025639068754911,4.025641816337185e-11,3.251934440780666e-09,9.49465320411616e-10,6.480770650444052e-10,1.1423831650981045e-09,5.341545042687892e-10,1.4227013821636347e-08,1.0559432895857148e-08,2.643207704033509e-10,4.469572515569699e-10,2.314497493838076e-08,1.1209804968847947e-09,1.5352254825616026e-09,2.0598265225913602e-08,2.510096403830664e-07,4.3908387299406645e-08,8.385244902634935e-10,3.617153144806182e-09,7.75616337295644e-10,6.047628070795339e-09,1.1770055263065494e-08,3.619115294468914e-14,2.1371391014567875e-09,0.010786592196298963,1.0596535101993427e-07,293.27117238348814
64605e,6.083333333333333,34561.836345381525,27.167766571129476,85.24635475995316,24.251155581011098,4.559327484111142,5.840356519461605,0.0,6.480719386996419e-11,5.125879817032833e-09,8.692774686919312e-10,2.5330088422657187e-10,4.457184652337743e-10,3.823269575354562e-10,1.1640730684791088e-08,6.5529805212958505e-09,2.5901295816700914e-10,3.129342136446255e-10,2.829885822939008e-09,2.1015204524043937e-09,2.5067398697134804e-09,3.626414352300968e-08,2.161848288491435e-07,4.204590750039163e-08,1.5805903016503026e-09,5.8379419048327246e-09,6.273204227219379e-10,1.1244084297788207e-09,5.614704437179066e-09,1.727855690790702e-14,2.2670196340106895e-09,0.017485311308203046,4.324283367157454e-09,299.05720488828655
649be8,5.333333333333409,30285.1312962963,28.11150289652017,41.10787153518205,10.617349751640061,6.401726523806437,5.888961567112038,0.0,3.377629814253699e-11,2.666359294016904e-09,7.933677235159094e-10,9.759252904735673e-09,2.0425311501989016e-08,4.176220606302294e-08,8.051977929976026e-09,3.7113347125720287e-09,2.1886129569754974e-10,1.540134871614909e-10,7.404392475793716e-09,7.921516703728926e-10,3.5490409208079784e-09,7.656302693027732e-10,1.7226891007736443e-07,7.731140905669505e-08,1.3447705451741016e-09,3.9118577828304584e-09,5.350386320227955e-09,1.653718890110251e-09,1.523702699029847e-08,8.955998603163395e-14,2.236216409008626e-09,0.010229984403861412,2.3389118332616775e-08,300.3088822945368
64a71f,9.833333333333334,28577.81994047619,18.027391689196836,56.754216742925045,9.29977709548788,4.880770598076192,8.219089779936603,0.0003902519112260456,2.6106004061509575e-11,2.1279313262359982e-09,5.673263136882368e-10,3.2161794571241366e-10,5.567241969424098e-10,2.774498941485762e-10,1.7521773909550514e-08,1.3592081776794771e-08,3.111111582290607e-10,6.192524417543617e-10,3.6238354025840597e-08,1.3670574060198514e-09,2.013695408094062e-09,2.25952679320296e-08,2.9881128566698775e-07,4.590796063682522e-08,7.171474441785188e-10,4.03342363347488e-09,1.158858939810555e-09,7.936945230126028e-09,1.558575587350055e-08,4.388066801432098e-14,2.7364313985586922e-09,0.009480695798543154,1.5647680705490771e-07,291.36499490230483
64ace5,5.7500000000000755,25978.87142857143,19.30472636150174,60.584953226391406,10.350342467387149,5.2619479017907125,7.917071314426897,8.588211654991981e-06,3.12608170809382e-11,2.5303411654441305e-09,6.38000555971134e-10,5.179761985031544e-10,9.113483003490858e-10,4.735635230629292e-10,1.9223041890561616e-08,1.4897474937192562e-08,3.04995787972449e-10,5.435107926659688e-10,3.7152396585501064e-08,1.4570381075752512e-09,2.2514269022893173e-09,1.936012235494015e-08,3.1751642240644187e-07,4.464801581447516e-08,7.758800516071619e-10,4.080611507619755e-09,9.502282509806106e-10,9.672555408415647e-09,1.5598724205613924e-08,4.1530961375991124e-14,2.4457406940593676e-09,0.009613394684754396,1.8970454269980602e-07,291.6055761817413
655394,5.916666666666591,31655.30851851852,14.031198782182049,74.67400266210001,8.992206870189111,6.635361053708338,5.841233662675435,0.0,9.504810328040943e-11,8.018326798242879e-09,3.377592456680384e-09,4.3257502812350284e-10,7.935065951851017e-10,8.317945404573282e-10,6.162364633175487e-09,3.4751700886219356e-09,1.8083554953525167e-10,1.8842664060332746e-10,1.242682807526115e-09,5.882024859066624e-10,4.208836988375853e-10,1.932237569015272e-09,1.665156888685688e-07,4.9692904022818766e-08,3.7268010338961165e-10,1.1222970513449566e-09,1.0082773455618089e-09,2.3742333048563933e-09,1.0178469796787187e-08,2.974374261325021e-14,1.1910120545624975e-09,0.007614198265926868,2.1026462695771574e-09,286.4003418798757
655e38,4.5,29559.28566666667,17.778429416005213,75.29012068831611,13.075836500466114,8.503143186760576,5.907189861167043,0.0,1.0484811528220648e-10,8.714081607322748e-09,4.576499565958661e-09,5.149953985230953e-10,9.419200947049442e-10,9.160352611054276e-10,9.766148146702292e-09,5.609641949702428e-09,3.772511441050917e-10,5.160216446499201e-10,3.367224925644967e-09,8.154475573579762e-10,7.379888892729133e-10,2.989468940081333e-09,1.8627134781629256e-07,5.995598776899472e-08,5.809732877736781e-10,2.0281814680589087e-09,1.3799918740352325e-09,2.241793388211503e-09,1.242793170309496e-08,4.125076653262017e-14,2.056173149281435e-09,0.010571576521953457,7.086663001591859e-09,290.0858703093314
657a2b,4.916666666666667,26978.239583333332,13.145877079935,76.01328698181551,8.47641163990231,7.179408265619081,5.84475213185798,0.0,6.751638113853655e-11,5.680382961301564e-09,2.0136688150603647e-09,4.3585822054253196e-10,8.130888520986526e-10,7.94194505075806e-10,6.28613467002919e-09,3.101315238702464e-09,2.23703924022913e-10,1.6328888125805327e-10,1.6993039754895748e-09,5.959476471739901e-10,3.4699732710111803e-10,1.9628153653838697e-09,1.623693674386187e-07,5.147811080462882e-08,3.9905545078928283e-10,1.2229144352547564e-09,7.034105393762402e-10,1.0399987734752761e-09,1.0193326569826361e-08,2.5587420816771103e-14,1.3314535192000816e-09,0.007585764113580283,2.1918308784079367e-09,286.22408629677415
65f7d4,3.8333333333333335,26150.38383084577,7.66997375679769,27.812340910707313,4.816937112633701,6.610677321704801,9.42502435542581,0.0063861050122456416,5.187803904393732e-11,4.245468954838595e-09,1.5683435420331537e-09,4.965431042550935e-10,8.703901074754505e-10,3.6462322964311287e-10,6.378617607779576e-09,3.432838194446673e-09,1.8674285147024659e-10,1.7705638475128334e-10,1.9159649456876986e-09,6.185217997459807e-10,3.77699357080106e-10,5.494220269952088e-09,1.57506554353865e-07,5.560807177687241e-08,7.002829426413792e-10,2.1231703953684147e-09,1.1235557447903696e-09,1.545111905781333e-09,1.0036861143924872e-08,3.729922231356716e-14,1.7635952719862118e-09,0.00998040176626062,4.7785535130861215e-09,291.37643424883026
661e37,5.666666666666591,30678.150374531833,11.92265786271056,79.62521674160993,8.06628782006206,7.6465827636377295,5.776425573412071,0.0,1.6610336693497023e-10,1.4099990949208686e-08,6.195025033556984e-09,2.095746169697428e-10,3.9671140159974637e-10,4.1023228549889867e-10,4.631608334022115e-09,2.3281242139149726e-09,1.5995593564550202e-10,1.3567000488834766e-10,1.0631808343234098e-09,5.415214199231268e-10,5.736496245978462e-10,5.673082718212354e-10,1.4239997688059234e-07,4.821983435406414e-08,2.970953903182173e-10,8.980690956550219e-10,7.517055108856e-10,2.077967538026618e-09,1.0871900080118374e-08,2.4107337984176252e-14,8.511340646393162e-10,0.00714491297097033,1.747277669319216e-09,284.9124821124632
662d46,5.5000000000000755,25775.897872340425,6.979680058548841,25.055019475770923,3.1398469759582497,6.7675415329178765,9.504774131073711,0.005783708998188876,4.2562737346761864e-11,3.4866349112826214e-09,1.2377423147401972e-09,4.110353423776034e-10,7.442516571605924e-10,5.252214828989425e-10,6.744903010143977e-09,3.831055103720249e-09,2.0645029546110376e-10,2.170812139759998e-10,1.6297189022817747e-09,6.458962208852876e-10,3.828554604349949e-10,5.131450301789437e-09,1.6422576696325098e-07,5.252256333412429e-08,5.762656637751733e-10,2.0099475581394028e-09,9.479808394344788e-10,1.5723710835666738e-09,1.1585173718347773e-08,3.8743833932707904e-14,1.5761108662215709e-09,0.008238360619406696,4.62546247039494e-09,289.13466667662374
66727d,3.0833333333332575,31565.468,9.838853154881754,68.45647519529918,5.090470775519925,7.50333370355269,11.79621483886888,0.0009574848038632379,3.3786196928227815e-11,2.7799281919480967e-09,9.735254108014543e-10,1.817104053310849e-10,3.239947925504308e-10,1.795333825577009e-10,7.016241853849125e-09,3.5229826525091347e-09,2.097287408757048e-10,1.26755806125054e-10,1.4550954461302635e-09,5.801502463855864e-10,5.589020935409057e-10,2.200585386387588e-09,1.5620387207016212e-07,5.109983252934571e-08,4.254249511052519e-10,1.3994500969241733e-09,6.369967245792323e-10,9.345260149322814e-10,7.629061723702794e-09,2.704098520282073e-14,1.3639739793180803e-09,0.007350985637860188,3.02764671793541e-09,284.5358579503755
668d0f,1.9166666666665908,30838.10922330097,21.189410703614012,76.26076392648525,16.294820030541388,5.953648273574375,5.793233490086207,0.0,8.023080423606705e-11,6.542613771504265e-09,2.2477494409685944e-09,1.3161655360691257e-10,2.0650777242651927e-10,5.3137459630520784e-11,1.9691001932467424e-08,1.4957900192305098e-08,4.1029977122512136e-10,7.833790235402959e-10,2.5149998053468335e-09,1.1975247050506933e-09,1.4606921879195703e-09,1.2599123591910955e-08,2.892495209261168e-07,3.9276325588635443e-08,7.122869642665717e-10,3.6435887768088904e-09,7.785788196276113e-10,3.595784983273393e-09,1.2218146097820782e-08,3.9073382162280724e-14,2.157994197996736e-09,0.012187307923449861,1.2420859400506429e-08,293.8790377423506
66ba8f,8.916666666666742,29151.648245614033,10.618069029015736,78.64533724144452,6.60650213867283,8.681084365966088,5.746416199336274,0.0,9.931998838739526e-11,8.397021330090821e-09,3.4568934116839695e-09,2.682228081230792e-10,5.09797797579738e-10,5.40944856949202e-10,3.867529988429198e-09,1.7267422545440204e-09,1.5832067186901916e-10,1.0083691451967998e-10,9.39209836912313e-10,5.93952344064285e-10,5.454908167549584e-10,5.458608212546403e-10,1.3607161485384627e-07,5.714417193064472e-08,3.245135104789045e-10,9.256790307448204e-10,6.059019831623913e-10,6.898971168978513e-10,6.53916805930905e-09,2.921811745073324e-14,1.1591330477892976e-09,0.0068298874312144155,1.6355966828738954e-09,283.57866454464073
66bc02,5.75,28937.41547619048,16.091525377261835,69.76718528801011,9.705468456190241,7.389172310069315,5.9143002807186855,0.0,6.047351892036493e-11,5.060107423698965e-09,2.194737788407764e-09,1.1977541203488432e-09,2.1676666655683183e-09,2.3609568013778164e-09,6.218998773183951e-09,3.0981120910907007e-09,1.7235168192938267e-10,1.241938403232997e-10,2.536140437090669e-09,7.310029444261843e-10,7.53129467283658e-10,4.184594067262812e-09,1.5769542194210313e-07,5.174242345498266e-08,5.346649895867535e-10,1.595077328089772e-09,8.864085121183892e-10,1.5445492904003386e-09,9.604539265124366e-09,2.8542364059733237e-14,1.3657169428107805e-09,0.008057642200393402,4.74243463383661e-09,288.6285057085919
66d112,6.0,30924.72584269663,14.705699210548719,74.3834822897778,9.56273959325521,7.073688080979712,5.832855327060613,0.0,9.983946680942243e-11,8.413920952123049e-09,3.68577830502425e-09,4.942657870503041e-10,9.20347666981547e-10,9.407326268762918e-10,5.705924226065981e-09,3.0529871628954076e-09,1.6809450759509982e-10,1.4908285424475147e-10,1.2516147575913955e-09,5.665943960249244e-10,3.69761452998586e-10,1.9605222990501593e-09,1.5772865749316756e-07,5.1463139873117086e-08,4.377432568556024e-10,1.1056919383629303e-09,1.0583702812493868e-09,1.7999837597909632e-09,9.550577332973244e-09,2.920479073284585e-14,1.1772488703638345e-09,0.007916322954517087,1.8671428578587067e-09,287.1282661403488
675487,6.0000000000000755,27383.29071729958,12.015519877181795,79.73113433615245,8.141683187599927,7.622058610635305,5.76427257640799,0.0,1.6938953327910269e-10,1.4369324879884854e-08,6.159003599332965e-09,3.100426422834066e-10,5.999832813717915e-10,7.208832994555043e-10,4.5519152758999864e-09,2.2470826978444646e-09,1.5764027433386633e-10,1.2471282340373728e-10,1.1126208341276164e-09,5.40770754227889e-10,6.061728029060364e-10,6.674550458475385e-10,1.4046304837602677e-07,4.814269205487495e-08,2.95156973296831e-10,9.126266891700201e-10,7.623327732535352e-10,2.181311921586574e-09,1.1359104383397558e-08,2.379961808393152e-14,8.288050081054564e-10,0.007124419667331452,1.9780177659280454e-09,285.17005607946373
68181f,5.6666666666667425,31933.268264840186,17.81747668561522,80.20698067269096,14.175228724962803,4.992535481539028,5.869907560440513,5.4791277901920596e-05,5.693396008398936e-11,4.566466604701017e-09,1.3466670989793323e-09,9.980099666922208e-10,1.4740086123990105e-09,2.871541435908594e-10,1.701468979828458e-08,1.086795710858063e-08,4.3154082932928553e-10,4.235711440938696e-10,1.864409332763616e-09,1.353209281075549e-09,2.4657450051209897e-09,2.0228722929362488e-08,2.525024901067772e-07,2.6936170540975692e-08,7.989060768797932e-10,3.36161745837947e-09,1.9611759287360855e-10,2.6713744540371144e-09,6.576607891469191e-09,2.4083473337640687e-14,1.7344081343486812e-09,0.013215604238257886,6.1421267611090525e-09,292.02504640029673
6852d4,3.9166666666667425,33994.64911111112,17.203371082306013,72.61618475191894,11.774423296139542,7.495291650072268,6.059344364064391,0.0,9.854372723708973e-11,8.272161667631185e-09,4.235944508252601e-09,8.173089280342787e-10,1.5258443481311487e-09,1.5975150347576741e-09,4.325857166734754e-09,2.041144834736806e-09,1.564243556347552e-10,1.4329611197443458e-10,1.5354918758038256e-09,4.929157418790532e-10,2.7764474824238487e-10,2.2203842625122886e-09,1.388795232243096e-07,5.8818274100372033e-08,5.638460059796351e-10,1.0920170825451309e-09,1.3044872697819744e-09,1.0792024151361238e-09,7.425015308012897e-09,3.809253517240906e-14,1.1202056373169911e-09,0.009334439901108093,2.416913831794423e-09,290.20736445750816
68560c,6.333333333333333,32242.955081300817,12.527653540807636,75.61503526391864,7.827452296027747,7.407868959298397,5.9069524156652,0.0,1.6185109513621915e-10,1.3727975171153538e-08,5.851288415547214e-09,2.735715243372353e-10,5.138697257797334e-10,5.905619062309537e-10,5.6853705734463095e-09,3.201129526630547e-09,1.7324180624719583e-10,1.6833085124478335e-10,1.163253542445496e-09,5.882687858516434e-10,7.740949106174199e-10,8.200545951504958e-10,1.5475842775986368e-07,4.5614154865948043e-08,2.7944736003969503e-10,1.2161820564643229e-09,8.36465439100318e-10,2.5980467590002647e-09,1.323155783156432e-08,2.2143125721550178e-14,9.124219700889665e-10,0.006983920849552782,3.1198948313475127e-09,285.0305752055886
686a52,6.2499999999999245,29223.463571428572,15.382891484965885,72.19735148770927,9.815610354272403,10.432095461785021,5.878789457634538,0.0,8.285930029628286e-11,6.95962756900286e-09,3.359296091595439e-09,8.903769681518672e-10,1.6752769501765806e-09,2.032698691432207e-09,5.345215306928973e-09,2.69567298138113e-09,1.4999409887285062e-10,1.143143371063161e-10,2.335246852935426e-09,7.313568466174329e-10,9.50013343973385e-10,1.3060234521571051e-09,1.557475876660109e-07,5.596732726520236e-08,6.14874305006407e-10,1.4771633274880099e-09,1.0583843149971228e-09,1.947474395253687e-09,9.642193506447064e-09,2.997435889328388e-14,1.289731379251458e-09,0.008163185846494494,4.2026477233185935e-09,288.5415384683189
68860b,7.4999999999999245,30593.74501718213,27.272506852180243,81.38566793664536,23.594161634638482,3.5747793404653687,5.731736249960861,0.0,6.809987609990688e-11,5.387808276144712e-09,9.838884065115134e-10,2.645518897564049e-10,4.3292509729353107e-10,1.8861531230798754e-10,2.2815075176503005e-08,1.5567983250312955e-08,4.795867863113058e-10,8.143180383701279e-10,4.086432138956478e-09,2.9528844845816065e-09,4.4636076122999475e-09,2.9616099620843003e-08,3.491865348305915e-07,4.7502462513443274e-08,1.4926866428723029e-09,8.34289486760383e-09,9.642409141874123e-10,3.6576726637561814e-09,1.4454029551906966e-08,2.853990807954691e-14,3.728723355617211e-09,0.0175321867333488,5.942516286691517e-09,299.12065427805476
68d4e4,5.833333333333409,25147.569047619047,28.838781654987233,53.60561378252051,16.57577715422099,7.830415578651292,5.631550206726479,0.0,4.7063790188166975e-11,3.7214053723029036e-09,1.1063863913128725e-09,6.5663074187769886e-09,1.2884843989139442e-08,1.9552108555248566e-08,1.2420509813316567e-08,6.1650479370619345e-09,3.742618759660539e-10,3.5935461704457757e-10,5.745910016607779e-09,2.284236805186136e-09,8.346088970716044e-09,1.0890260450461868e-09,2.2378450743064648e-07,1.0244251585029924e-07,2.0775653543100114e-09,6.477594735253101e-09,1.1436077450629279e-08,7.978275770718851e-10,1.9637556911315218e-08,8.639135049155064e-14,5.404521273687919e-09,0.013767182431781714,7.382773884715984e-09,301.0474742124311
691916,5.916666666666667,25617.383928571428,13.731740990811076,75.13791281198095,8.801107111990607,7.429395490457558,5.882643829244141,0.0,7.004331961273693e-11,5.885297206328865e-09,2.022424994776081e-09,4.1179052251068116e-10,7.757729607626975e-10,7.667132357164296e-10,6.020723531818897e-09,2.8198782352179084e-09,2.3167965443754237e-10,1.463553516756692e-10,1.1850504707654491e-09,5.681906294287113e-10,2.8518651904506934e-10,2.2552754344311513e-09,1.5956972569715563e-07,5.195826391858021e-08,3.849300230212974e-10,1.2284344811258805e-09,6.925718386397738e-10,1.050876947388583e-09,9.757374490601537e-09,2.4881241441177253e-14,1.304057202706968e-09,0.007647128098978264,1.3319201802440086e-09,286.8916641505998
691b4a,5.8333333333332575,23514.880978260866,16.325706471801332,72.13207984476551,10.539471747100928,5.01767119966785,5.075163073078862,0.0,6.301376128113932e-12,5.121749570484642e-10,1.4745213224507868e-10,2.7642996137846067e-09,5.16649794988091e-09,6.70220434609119e-09,8.499094726185508e-08,6.527036095504547e-08,1.9257381318072144e-09,4.0037172296773915e-09,1.4178626965180788e-08,6.7713257916231696e-09,2.8339375756378566e-09,1.0168089046585946e-08,1.3252361267046783e-06,3.262202556146855e-08,4.851898223504523e-10,5.125743538708984e-09,3.775015008664794e-09,7.111791641648332e-08,4.66871907288436e-08,3.338874206301535e-14,3.75029955433354e-09,0.009565072565569209,6.605799354634253e-08,288.2310933864682
696b08,1.5833333333334092,31215.381818181817,17.549872353615296,76.0509743177146,13.001857692046748,8.291411407793708,5.897796158194014,0.0,1.0894189797537186e-10,9.05629378849524e-09,4.7677992271228385e-09,5.23339959924445e-10,9.65538773598051e-10,9.933947731552703e-10,8.7982471187334e-09,4.852139254615033e-09,3.4798101582523875e-10,4.4523180690081746e-10,3.145259499247356e-09,7.657748054907586e-10,6.566608779499204e-10,2.8943470036015187e-09,1.7665042646241458e-07,6.12228473157608e-08,5.924611493097831e-10,1.9204207055111505e-09,1.284378504038618e-09,2.0660015313747875e-09,1.1433298412881417e-08,4.1218562389228187e-14,1.974309113444276e-09,0.010471398653076981,6.2186800532371e-09,290.09121558377973
6aa7af,3.333333333333409,21522.981372549017,17.702794645152288,74.75414946846661,12.425213228521857,5.953243081172687,5.371263630473433,0.0,6.008021593353602e-11,5.009483319646521e-09,1.8517911989038019e-09,9.949270999716642e-10,1.8482221276945836e-09,2.330652584971998e-09,8.516199167494757e-09,5.9637852672265324e-09,2.2792853344325482e-10,3.4628294164865227e-10,2.088673893379827e-09,7.970223531225534e-10,5.125757907543325e-10,6.1287675007522324e-09,2.0023491366101222e-07,5.770874193513257e-08,5.873501065587922e-10,1.8449932923411635e-09,1.6282818681113903e-09,1.9880991169679393e-09,1.0837554442804116e-08,4.4742986210400884e-14,1.634283920902192e-09,0.009407057204272118,8.093208325713492e-09,291.01280480321344
6ab6d0,9.25,31615.7425093633,13.807559717880615,74.87399749404103,8.812481234580718,6.826900640157311,5.792037397622522,0.0,9.345217074276585e-11,7.888001603225943e-09,3.2037525446465973e-09,4.0900896815587525e-10,7.590070490264902e-10,7.922984905407829e-10,6.26546848326185e-09,3.4254469671707627e-09,1.8142151989977632e-10,1.6878529066324115e-10,1.1546756384260041e-09,5.826025650680308e-10,3.999419370793711e-10,2.3644746621715707e-09,1.6489825295950692e-07,4.6836827031180215e-08,3.43468544083917e-10,1.1617112670321791e-09,9.22800099244008e-10,2.445561915361694e-09,1.086066775349856e-08,2.747481429481563e-14,1.2279407652855274e-09,0.007487231308694263,1.7423635004110757e-09,286.1516412748223
6ab72e,5.416666666666591,32647.20952380952,8.046935083988792,77.60086871397485,3.8031326178852547,7.8424999187664515,5.746086498663559,0.0,8.165462224260424e-11,6.9294494250856265e-09,2.8700227150966033e-09,1.396216439979476e-10,2.594339285070293e-10,2.412546074780424e-10,3.4122595016022486e-09,1.5464640978781005e-09,1.3489628653789457e-10,1.018249240681649e-10,7.548993741885858e-10,5.789668998629666e-10,6.112492396157505e-10,6.125705895919481e-10,1.337706435846746e-07,5.504443231171379e-08,2.45412970588719e-10,1.0460373510415697e-09,5.715436713308044e-10,3.0588486992184944e-10,4.821595420128753e-09,1.847685900449833e-14,1.3099595377706489e-09,0.005727037390424983,9.540880246330306e-10,281.3829253387853
6b230b,6.0000000000000755,31624.219391025643,17.341922968902452,76.03075299267066,12.76874221039236,8.213202622965376,5.821850639853318,1.937632381403077e-05,1.1057832852771554e-10,9.198788389454771e-09,4.86753536413766e-09,4.949444856029607e-10,8.988809559000818e-10,8.383933005366328e-10,8.520152140646967e-09,4.6653084320718344e-09,3.642648427541578e-10,4.845957591752099e-10,3.140456018325013e-09,7.60513164765464e-10,5.946022433452901e-10,2.657764187866208e-09,1.7374058467316667e-07,6.019208880290338e-08,5.640327984542787e-10,1.840093803916835e-09,1.4092037515404928e-09,2.18970968319143e-09,1.2311276784190738e-08,4.053518064964792e-14,1.938893914737478e-09,0.010476957373601412,6.446204872811233e-09,290.16597203327785
6c732f,6.0,30906.34888888889,14.215911364309505,73.86576510694546,9.013242090079334,7.235654158927801,5.858031078141718,0.0,1.0054608507712925e-10,8.483111283320801e-09,3.5848982593947337e-09,4.556564146246578e-10,8.521454067621514e-10,8.60947800546075e-10,6.0553933616511995e-09,3.2549220492586902e-09,1.784416184602981e-10,1.682065565660811e-10,1.3110040292286267e-09,5.772867583141674e-10,4.193991891067342e-10,2.18308757492023e-09,1.6222097514900344e-07,4.9988571226302875e-08,4.093415029311873e-10,1.1742163582455104e-09,9.308033926266614e-10,1.8760084447912395e-09,1.0009030771989534e-08,2.81509243021721e-14,1.2191986937679295e-09,0.007626467552121606,1.8513009164029447e-09,286.6901881649238
6caa2f,5.083333333333409,29561.818224299062,17.442436005710952,74.4104356795133,12.57235562848515,8.542392371060895,5.919107822184415,0.0,1.0632583359213503e-10,8.856021975735109e-09,4.7580334437911735e-09,5.195535278388329e-10,9.535958040881954e-10,9.250461009508859e-10,9.96062911607255e-09,5.650844579050915e-09,3.8444890264862406e-10,5.138793018243772e-10,3.3952106587603147e-09,8.209683754178109e-10,7.413517519086605e-10,2.880300803179868e-09,1.8793210150245842e-07,6.022249035819512e-08,5.734174371044357e-10,2.010134788544963e-09,1.359925140368245e-09,2.2662717162214275e-09,1.2522441215523562e-08,4.085793551150643e-14,2.056729558789025e-09,0.010274420161225914,7.1065455514168895e-09,289.63206011112896
6d31a3,5.8333333333332575,29823.79466666667,12.427036827403153,78.81114953375993,8.374409140079692,7.383012975935711,5.774022093835884,0.0,1.5943497050803892e-10,1.351949074690419e-08,5.923073644227249e-09,3.489992791019786e-10,6.623210474829587e-10,7.81622293356687e-10,5.345134723775621e-09,2.9356965545437302e-09,1.6772609637010213e-10,1.612367921329214e-10,1.46500556045788e-09,5.639859260287954e-10,6.501958588567882e-10,8.36155206844124e-10,1.5184357538837695e-07,4.7770391971462933e-08,3.182944834821225e-10,1.0700771017084402e-09,9.305251638517058e-10,2.854341938435128e-09,1.2338009001168471e-08,2.586960925036907e-14,8.978819484052496e-10,0.007285323835110188,3.5101533552916044e-09,285.43159381295123
6d9880,4.416666666666591,32527.71645299145,27.334328441284807,75.20837608984951,22.30505153270964,5.865965452631836,5.9804386074175,0.0,1.3051700133702753e-10,1.0583501050488078e-08,4.157078508448153e-09,1.7701627241487814e-10,3.07025861329506e-10,1.7023828241055947e-10,1.460663235802989e-08,1.1140073417172459e-08,2.49689557893366e-10,4.714659480640102e-10,6.063857670738995e-09,1.123654730348025e-09,6.164863857111351e-10,1.2300079186907286e-08,2.1861592041372613e-07,4.7543185700119834e-08,1.0023370176868672e-09,3.219697120567859e-09,6.33442060431643e-10,1.8244499429670716e-09,9.643659577488034e-09,3.76023371992959e-14,1.2725939384276103e-09,0.01644805404343563,1.8289831941788928e-08,298.6028555325152
6daa7c,5.7499999999999245,27158.08596491228,5.275904916486713,22.868815110368583,2.9128742313046945,6.778244104472724,9.326065944264515,0.0055767775562940375,3.618561030489717e-11,2.9741953142434303e-09,9.810613818435026e-10,3.252388464067832e-10,5.761087819949251e-10,3.498658760841047e-10,7.153712927033339e-09,4.061399992521208e-09,2.0926464487199157e-10,2.164239965969745e-10,1.8603277870845029e-09,6.711797152432254e-10,4.2281928573841805e-10,6.6559933272724745e-09,1.7055806640426427e-07,5.3779629315135405e-08,5.550197372264967e-10,2.1934134457615845e-09,1.0545815749585876e-09,1.6661549652457299e-09,1.1304939464058772e-08,3.048938592323176e-14,1.97795057736262e-09,0.008410439520404022,5.488541018278564e-09,288.24024028400265
6e036b,5.666666666666591,31074.245263157893,13.727024221741246,75.01722031140397,8.774672037760695,7.166268808002209,5.771505117505664,0.0,9.909910256461888e-11,8.370443351017508e-09,3.5491379686806083e-09,5.067639286578628e-10,9.460759473657034e-10,9.889450572999316e-10,6.383054801857983e-09,3.5194945991693635e-09,1.8098160328699042e-10,1.7209151666733136e-10,1.3127778753492376e-09,5.939693773116619e-10,4.229888345175863e-10,1.8450378707018955e-09,1.6624045766605433e-07,4.834173697829042e-08,3.758929561907455e-10,1.1340925851522759e-09,8.725055178581945e-10,2.1707129425827876e-09,1.0187071335848345e-08,2.727138860297231e-14,1.1770289320116222e-09,0.00755349419251661,2.0191271360854024e-09,286.3264659028621
6e191a,5.4999999999999245,29108.70777777778,16.318395912290264,74.91798600952228,11.250118831923904,7.764252497903969,5.988754610001745,0.0,1.7384453214801727e-10,1.462407162789962e-08,7.154677793602364e-09,6.557944246272012e-10,1.2452963848485223e-09,1.2739858001045672e-09,3.643347041950998e-09,1.825850508024587e-09,1.3998909665956256e-10,1.2851957518108522e-10,1.4108710932254372e-09,5.127809693251675e-10,2.660568315851237e-10,1.4066523581007396e-09,1.3119949234683405e-07,5.506966772151409e-08,4.563910636684755e-10,9.095091363951187e-10,1.1436488663074304e-09,1.2443782519377058e-09,8.214348743432132e-09,3.2860666483891077e-14,8.547683850948485e-10,0.008837057942574344,3.4014090632197026e-09,289.38368302641754
6e309e,6.0000000000000755,23963.93333333333,23.30248187489924,56.889451822225965,13.788086067593678,6.188296924792624,8.486470478560735,3.1800385543088036e-05,3.210928075328253e-11,2.565211915090046e-09,4.886781850909654e-10,8.405761301266618e-10,1.558869963184575e-09,7.651547743862269e-10,1.2509702077035857e-08,8.811515412592237e-09,2.6891257586582835e-10,3.897134178418868e-10,1.6610553832500752e-08,8.453432462780118e-10,1.1473612508396703e-09,2.575804886529513e-08,2.2699148599721052e-07,4.661391026944554e-08,1.1641908460815606e-09,3.933517747571589e-09,6.086672067728753e-10,3.785737305924029e-09,9.387289923680753e-09,3.410090071168225e-14,2.1811761609104702e-09,0.011329591368940387,6.082532739210246e-08,295.8805667586615
6ee9a2,6.4999999999999245,29624.653703703705,11.91235247141487,79.66098602420072,8.056780919340369,7.5770142019871995,5.748132789715565,0.0,1.6819584166297525e-10,1.4265408196426936e-08,6.043055325146842e-09,2.2828609101979347e-10,4.3172596933359885e-10,4.5342181180431415e-10,4.562911238635729e-09,2.3202774633088296e-09,1.5735978951314774e-10,1.3763898101468176e-10,1.0151692190975653e-09,5.400905472409155e-10,5.869487563416071e-10,6.677593025797889e-10,1.4113625816802967e-07,4.722970729771003e-08,2.7429463884688384e-10,9.149122284819969e-10,7.80607568765459e-10,2.244186014274059e-09,1.1585860716853346e-08,2.4040942756886314e-14,8.404731430884504e-10,0.007069954853076653,1.836933772207722e-09,285.0000004439243
6f3fad,5.9999999999999245,25274.46,22.09138415099714,64.270686233271,13.59701788876944,6.033943932227214,7.840653707932605,0.0,3.325659248939024e-11,2.6500384606666876e-09,4.21583322230506e-10,8.562960618170792e-10,1.5347821252916298e-09,7.936561738128283e-10,1.6945634003262596e-08,1.2416783975896741e-08,3.2925305193919597e-10,5.134567328449778e-10,3.160639711007221e-08,1.0569516325503819e-09,1.838538336190451e-09,2.7822776520014714e-08,2.810111711334282e-07,4.476954669125191e-08,1.0046689941123829e-09,4.333931059358855e-09,6.469066259647555e-10,6.513314472042291e-09,1.1803127343625792e-08,3.561879277157619e-14,2.627022473935136e-09,0.01158787493895396,1.2441773227088381e-07,294.06772898253905
6f8f09,9.500000000000076,31744.327528089885,14.189824004018634,72.95313923478008,8.748959750464076,6.839136399788671,5.845872613852087,0.0,8.184243216628058e-11,6.8972544502680385e-09,2.702240193213033e-09,4.052158490643107e-10,7.574238248066252e-10,8.073990520910629e-10,6.311105975711853e-09,3.5736879361415898e-09,2.0013493702999733e-10,2.4220459596854097e-10,1.2616961804052331e-09,6.082056005996231e-10,4.1041159961728837e-10,2.2228636763483237e-09,1.695447354612653e-07,4.899067868294793e-08,3.874059859661545e-10,1.2211982968305877e-09,9.493214780289088e-10,2.0879105715826318e-09,1.0160142340432961e-08,2.850700402842301e-14,1.2441387135545893e-09,0.007537392155952954,2.318373248535077e-09,286.57419394769363
6f9752,3.6666666666667425,33121.0275,8.78898419376453,78.76004455109884,4.840704940112341,8.346523672561258,5.750684481321025,0.0,9.409509147890674e-11,7.983929213199532e-09,3.2546173954539176e-09,1.457346243821084e-10,2.674025835755499e-10,2.4094239627121666e-10,3.592811600476372e-09,1.5535191531269859e-09,1.4323988715133177e-10,1.0699115283578453e-10,8.05807882382131e-10,5.648187268211372e-10,5.335227818630655e-10,4.282837264272505e-10,1.3309742471434944e-07,5.440925858995658e-08,2.402732186616502e-10,8.89626736595398e-10,5.792383722784381e-10,3.466100111724708e-10,5.29628682589124e-09,2.0336895670464078e-14,1.2188424697355201e-09,0.006010093306025186,9.768124438184688e-10,282.0595623279281
6fa2ee,5.2499999999999245,32777.82720125786,12.344326214119317,75.22134732229074,7.51317078905893,7.2222658943690075,5.901250493388826,0.0,9.524025949817197e-11,8.050439225335044e-09,2.9508887574379596e-09,4.1190288066480734e-10,8.13560687126783e-10,9.545835894241786e-10,5.2671243978955475e-09,2.5913337483582673e-09,1.8174408174296655e-10,1.6286839827001948e-10,1.098746470134536e-09,5.210256613620699e-10,3.4024700839114974e-10,1.3782006780302956e-09,1.502592446962781e-07,4.802730182744882e-08,3.380819094503158e-10,9.587100132715226e-10,7.296661300598649e-10,1.6045342107947224e-09,1.031615128078756e-08,2.6486745299167624e-14,1.0965616868238412e-09,0.007019895859435903,1.5022155035535704e-09,285.17514218109056
6fccd5,2.5833333333332575,33353.79221014493,23.18252818925246,79.07658721383964,19.106648387740563,8.636599923952199,5.708267330586182,0.0,1.4733135856284635e-10,1.2258789612171112e-08,7.812317836000662e-09,4.03729180590398e-10,7.44058574086835e-10,5.583047462950986e-10,1.5502543820453927e-08,1.0577259690341145e-08,5.218761703026362e-10,9.216598915166486e-10,6.459126188336055e-09,1.6704174793209083e-09,9.729371702555524e-10,3.108776166685898e-09,2.5808865160896707e-07,7.010087397960642e-08,9.56850476050846e-10,3.222585255840661e-09,4.066301538001063e-09,3.434498395912384e-09,1.8197334629192062e-08,5.437297433830357e-14,3.3810772866683103e-09,0.013858144397442748,1.498446082111329e-08,294.64408278635966
707744,3.75,30969.846666666668,16.833807649242647,73.18675433252368,11.493127314736169,7.623111426708158,6.033249029888671,0.0,1.088636187068487e-10,9.13673199786812e-09,4.400896522833842e-09,8.027513267627616e-10,1.4928778030732715e-09,1.567498280622863e-09,4.223403788605811e-09,2.005545821367553e-09,1.4773971523016466e-10,1.3045941026686115e-10,1.4816774754830905e-09,4.914508615853016e-10,2.8863873809887365e-10,2.187031195722891e-09,1.3786292987385758e-07,5.8209810234508465e-08,5.580141700436166e-10,1.0692848541268917e-09,1.2257170228965532e-09,1.0161079367078677e-09,7.4476021501584585e-09,3.415544822792906e-14,1.0729249908243437e-09,0.009206243698524422,2.3269216493474692e-09,289.8862106982579
707b15,5.416666666666591,25318.057894736845,25.938113020312766,76.32789665083772,21.057521618745728,5.951299674752732,5.5822538279200336,0.0,8.359118267994642e-11,6.724985720188901e-09,2.187174265100423e-09,4.6339079995044086e-10,8.099677890070826e-10,4.262717491915728e-10,2.8757335496978422e-08,2.0719869161895234e-08,6.727009049239106e-10,1.2272031911479679e-09,4.342480501795236e-09,1.6950312339911988e-09,8.918099070182059e-10,1.2789415678130344e-08,4.0405035991942515e-07,4.9755160793181884e-08,1.0838845470111013e-09,3.6592968157686885e-09,1.2957779357014366e-09,2.678952338571628e-09,1.1852045065416717e-08,4.15156271118747e-14,2.392673212132025e-09,0.015646556829494014,6.760481110022713e-09,297.7371265606165
70861f,5.8333333333332575,26961.580482456142,5.4239007177628835,23.15604013164188,3.0417830733527804,6.7400610644107575,9.352037530915098,0.006679642689794003,3.402463423248087e-11,2.79022667874176e-09,9.092713103081077e-10,3.2097650383114086e-10,5.705072049798753e-10,3.6174291187125726e-10,7.42869496491062e-09,4.192448276062386e-09,2.340128501451536e-10,2.7370969748531504e-10,1.873567715355936e-09,6.923548318282531e-10,4.201329919630677e-10,7.412558859297174e-09,1.7561173927594762e-07,5.587160166562047e-08,6.403171992505413e-10,2.4035393591424492e-09,1.0173800298132358e-09,1.7745296766547707e-09,1.0849884573002364e-08,3.171192158573732e-14,2.0672623244816523e-09,0.008610651866386782,5.270116174848652e-09,288.84531443446696
70977e,5.7499999999999245,29813.56981981982,26.619965350423,68.14111679439095,19.39383318669187,7.552965255987618,5.876961968444505,2.0046961234e-06,1.813755268782692e-10,1.463008516740939e-08,4.955911468197049e-09,2.8783419695159534e-09,5.433235187075407e-09,7.703770391781948e-09,1.4396897890655257e-08,9.648311278438644e-09,2.8248548188658877e-10,3.9892961318361454e-10,3.7925104438961655e-09,1.6408499285218356e-09,5.7801712423809985e-09,8.168950741257301e-10,2.421667901363015e-07,6.476364660391693e-08,1.5831238635045912e-09,5.737963985570592e-09,5.5891559293198954e-09,2.4221866420389272e-09,1.513486759402234e-08,6.539135273910065e-14,3.847786105628444e-09,0.015017684077542049,9.592101075559905e-09,298.95726646857645
71a424,3.916666666666591,29204.672222222223,23.567026389447797,79.40921453303355,19.54357895644679,8.98596901278971,5.805404659315559,0.0,1.425191255303576e-10,1.1848755849596817e-08,7.741661789139658e-09,4.3192576062645894e-10,8.049526785788057e-10,6.593588358703298e-10,1.682227041556415e-08,1.1794540540745196e-08,5.508314926440231e-10,1.0361069805111338e-09,6.81853808160023e-09,1.6672663566331283e-09,9.861755297858545e-10,3.482604653227844e-09,2.7076875290659345e-07,6.845752100193362e-08,1.0118916301081095e-09,3.4624039003443106e-09,4.165032830082395e-09,4.3497136958268215e-09,1.9431286521184662e-08,5.351731473820472e-14,3.428302073753123e-09,0.014466783174715685,1.666161722535437e-08,295.1368968396376
71d73e,7.4166666666667425,34381.91177777778,27.467904331525865,79.4907212791569,23.292382445021875,6.084453636424106,5.784840583403025,0.0,1.5075173709895433e-10,1.215570774327927e-08,4.574997745217627e-09,1.317605293510727e-09,2.4883408267278558e-09,2.594084194101686e-09,2.2794824409427765e-08,1.4873840107427683e-08,4.4275538866567575e-10,6.823554214812013e-10,6.4441347490369645e-09,1.893448983115075e-09,9.78455766772687e-10,8.366857647213283e-09,3.162013937915602e-07,5.405143718964825e-08,1.4630459304033172e-09,3.0405939537777936e-09,1.46741162514169e-09,2.5181683306883987e-09,8.77416279440599e-09,5.909432574534176e-14,1.5166083628465712e-09,0.016977594921336103,1.2045776859004888e-08,299.5500792636249
7253db,1.9166666666666667,37205.06726190476,23.55198045277204,76.19582317664775,18.817835425472367,8.380264959153374,5.673729691621672,0.0,1.3846670603720993e-10,1.150691623187873e-08,7.181264244716289e-09,4.045831570152295e-10,7.476195925360712e-10,6.080811015780468e-10,1.6540839406905106e-08,1.1401497708693568e-08,5.49590221671502e-10,9.93967794032017e-10,6.8259962419340285e-09,1.654241570321843e-09,9.749483596884287e-10,4.235397134319559e-09,2.6596947847557226e-07,6.764082465144982e-08,9.498561127765807e-10,3.3873835537785133e-09,4.178107097159425e-09,4.642696812978916e-09,1.9691731625821014e-08,5.87396597579482e-14,3.408254084406162e-09,0.01402446860661023,1.604352239355323e-08,294.83630020157625
729344,7.9999999999999245,27905.336084142396,15.95796279120429,69.9617721561,9.513697411252187,9.409504601546805,5.831597587816323,0.0,7.129914993438154e-11,5.980736574810612e-09,2.726173224409195e-09,1.5054436028380584e-09,2.8561657245257475e-09,3.7094398822318556e-09,7.211379818589455e-09,3.923831278590832e-09,1.96210799033254e-10,1.874094469646043e-10,2.8035066578665655e-09,7.932688038741913e-10,1.3236274231030276e-09,1.7175431351002643e-09,1.7411181265903094e-07,5.59524741434396e-08,6.501927966031907e-10,1.9551839932100597e-09,1.8406161668572215e-09,2.254994391209489e-09,1.2000307205027571e-08,3.489414113374956e-14,1.51182362584173e-09,0.008163955562662178,6.004387974601087e-09,288.9224041996719
7331dc,8.916666666666666,30285.84929971989,16.62512204808288,72.99521231299893,10.858929752166738,4.743601063835951,5.015206339101027,1.5083037232300841e-05,1.6451869107324767e-11,1.33741866926316e-09,4.802159894770318e-10,2.39484382668537e-09,4.474241446556925e-09,5.985842712872364e-09,7.207699801992894e-08,5.462859233791324e-08,1.7088323077065693e-09,3.4787877881311277e-09,1.2696218059047861e-08,5.697363223880572e-09,2.358689735810609e-09,6.861100060511291e-09,1.0954655392972554e-06,3.892787161582306e-08,5.542775133837056e-10,4.3707106769811496e-09,4.107741282431933e-09,4.685923943201837e-08,4.0491249770187576e-08,3.5125977742255365e-14,3.9265785138272725e-09,0.009279525477853965,4.868124661164589e-08,288.1620623004651
7390db,5.666666666666667,34211.95144927536,14.589599625343626,72.62317825575644,9.101512180518242,7.559054528061647,5.898802814506097,0.0,1.0717273284426551e-10,9.024087600566142e-09,3.6125916540782378e-09,5.641306914328374e-10,1.0818021556487374e-09,1.2317175389410216e-09,5.3594682709192155e-09,2.640988506521308e-09,1.7535919648781382e-10,1.4488123466641397e-10,1.3734945131834135e-09,5.361583349563655e-10,3.6304350796389336e-10,1.6080132866163795e-09,1.504826095285837e-07,5.43102967669015e-08,4.437538678323861e-10,1.0587253784284017e-09,9.436953999654356e-10,1.5518661992755494e-09,8.356109968749438e-09,3.298337848642442e-14,1.1357619423082655e-09,0.007858234823738815,1.8818643602074035e-09,287.19094293689676
7419df,5.916666666666667,31082.460077519383,15.308314220075225,75.22411981644751,10.388129913793485,7.335922101303206,5.893776113918677,0.0,1.0151929738691536e-10,8.565124958903804e-09,3.956453709831086e-09,6.677288198170556e-10,1.2643331914904505e-09,1.385682915996907e-09,5.225191829660377e-09,2.6292986727275856e-09,1.6877154830460584e-10,1.3946510444041526e-10,1.2680580572327888e-09,5.528751842735429e-10,4.738638132748281e-10,1.9148023528817128e-09,1.5243698449322585e-07,5.5777002905738813e-08,4.2783726990278206e-10,1.1238152223406583e-09,1.0446787317257106e-09,1.884405389612482e-09,9.060333919102463e-09,3.2707172642225394e-14,1.2586186096642912e-09,0.00821224195734293,1.66246630708974e-09,287.8068078845081
743031,5.9166666666667425,29076.488993710693,15.969651077206446,69.9358987296033,9.629184253144162,7.233900469266555,5.857600422975655,0.0,5.7985657791490876e-11,4.85012386197474e-09,2.0632894258408622e-09,1.4593680546356828e-09,2.627904701117615e-09,2.8083271827335542e-09,6.317552445857929e-09,3.0672681191133623e-09,1.8224462673820672e-10,1.3090239138802388e-10,2.750475286669493e-09,8.10436606976745e-10,1.02503318072293e-09,4.092323430786979e-09,1.5829037267643392e-07,5.367343763163101e-08,6.052733279965797e-10,1.6504625403721015e-09,1.590785655526372e-09,1.4920200026877216e-09,9.633789409522144e-09,3.0849897599454924e-14,1.4852941910022902e-09,0.00824869390930614,4.474616915601256e-09,288.4290235466377
744c24,5.6666666666667425,30402.681359649123,7.737987729341669,78.44101986903426,3.7105692441593843,7.8183230856116355,5.78175131388282,0.0,8.397413180064767e-11,7.1213905866947876e-09,2.889885979722318e-09,1.3417069936776676e-10,2.5121448576454e-10,2.442498612960905e-10,3.396968490132202e-09,1.489226138955037e-09,1.3486819316309097e-10,9.965349083358376e-11,6.952435018404229e-10,5.599680063364798e-10,5.084812482877914e-10,4.708889780276633e-10,1.309988815065095e-07,5.5901527867851506e-08,2.406679552901667e-10,9.314966823279162e-10,5.337899972490526e-10,2.655830754655162e-10,4.336838155347662e-09,1.7951135075837234e-14,1.2450364480191164e-09,0.005740182932867538,8.577553321793832e-10,281.4401160671494
747ab8,7.8333333333332575,30409.879749103944,8.046859992714499,78.90546742089826,4.071280851214292,7.729408463133296,5.759122519865586,0.0,7.016750192874708e-11,5.942660599877431e-09,2.227848887872812e-09,1.7284120055052338e-10,3.1331668240164535e-10,2.9976355362995453e-10,4.398106498685695e-09,2.2684198955381885e-09,1.4778440953469587e-10,1.2244322418420306e-10,8.659817726573093e-10,5.137818976008083e-10,3.088220443286105e-10,7.036993051286395e-10,1.451998128593101e-07,4.372654855113798e-08,2.149005718117916e-10,7.121814672991728e-10,7.280950831736784e-10,3.893544347258384e-09,1.4287098080341618e-08,1.6272838490705376e-14,1.1043507372822915e-09,0.005905119263969667,1.4962601839274766e-09,281.3432530981921
7486cf,2.8333333333333335,28560.316666666666,8.81177522691221,78.41716731266327,4.7463837910847255,8.119153289531546,5.775637696462919,0.0,8.921277664977516e-11,7.561695812760474e-09,2.9247260730790543e-09,1.7493656342823097e-10,3.320510335572237e-10,3.4347122991647947e-10,3.6861890781049674e-09,1.5745996677492108e-09,1.5645657369199568e-10,1.0783537617062415e-10,8.018532376599533e-10,5.594183380969585e-10,4.089834230135083e-10,4.5617983640267354e-10,1.339296551855948e-07,5.729742817015902e-08,2.584845373428406e-10,8.30801692747674e-10,5.733437102184457e-10,4.921890150108687e-10,5.566009030440132e-09,1.903967569073863e-14,1.1934169587809179e-09,0.006060381023873842,8.819591334477049e-10,282.4187569358131
749fd0,1.999999999999924,31616.334935897437,14.332178686410689,79.1061430850885,10.47264204819501,9.354566503723877,5.972622511787904,0.0,2.3157418867920627e-10,1.9584836859311597e-08,9.29779315516272e-09,2.7931784188066543e-11,5.564942804191654e-11,7.919677817369616e-11,1.3266486444394973e-09,7.317773562147046e-10,4.6494748735762136e-11,6.263810905046448e-11,7.229307044156812e-10,2.736079691626833e-10,1.201834110800437e-10,1.8816146123632837e-09,6.450511238441299e-08,4.152823143408973e-08,2.1844501448223002e-10,5.527635597437907e-10,8.747519430750894e-11,1.594116766411572e-10,1.9716537481512074e-09,1.7756908879305997e-14,3.5796250276282594e-10,0.007920724009709152,6.941448777334917e-10,287.35474046285293
75342b,1.6666666666665908,34305.6727124183,23.508713748221886,78.10041003235236,19.21789378120136,9.080929532340829,5.705314503873137,0.0,1.5277234418618167e-10,1.271287573801494e-08,8.186599417303709e-09,4.316785480216694e-10,7.959681944832448e-10,5.833743948677107e-10,1.5805890522618965e-08,1.0755383394297735e-08,5.302686733730492e-10,9.345165944849324e-10,6.639467596593286e-09,1.6500577785571296e-09,9.589356324228945e-10,3.157647246300126e-09,2.5941138398895973e-07,7.00212667467462e-08,9.766369281227699e-10,3.245761750035693e-09,4.183783842134397e-09,3.575474187512005e-09,1.8201107165856287e-08,5.687705338883527e-14,3.3517740961513056e-09,0.014075822352610817,1.5162092004814535e-08,294.91852553356244
754667,5.833333333333409,31031.702131782946,11.101554842320693,39.656138032286776,5.516352018676153,6.166876613924066,9.470598690328819,0.005948398154513082,3.745422264202797e-11,3.0458508654461533e-09,9.352006988845108e-10,6.376453352490575e-10,1.1405754629059815e-09,8.432047651229214e-10,7.136155689625267e-09,4.092941741734085e-09,2.1471539938122068e-10,2.64795839435371e-10,1.6371246178210337e-09,5.932820792998164e-10,3.026103903520191e-10,8.508226767579103e-09,1.6224018036309644e-07,5.285415417988275e-08,6.650215425641174e-10,2.3997505363036794e-09,8.903436791273444e-10,1.143497923838327e-09,9.448713737738061e-09,3.60571723258432e-14,1.7227578435121988e-09,0.009335325207278698,3.9013884674196745e-09,290.62394186433045
758e87,6.0000000000000755,32082.335740740742,14.383636304186458,73.63922842237854,9.127395273763321,7.0590957465666735,5.8963352829113695,0.0,8.906315152438656e-11,7.515323810074428e-09,3.11506550558712e-09,5.118594464827578e-10,9.70041955339617e-10,1.0613884273797371e-09,6.022497906935027e-09,3.238795012151073e-09,1.8037162510759507e-10,1.5979986880371506e-10,1.2212740958594398e-09,5.804068710058479e-10,3.689659482075748e-10,2.277480107545294e-09,1.6102477187394765e-07,4.972350012853701e-08,4.027260457988742e-10,1.176180613525553e-09,9.644977158494086e-10,1.8806485391916413e-09,9.897109725394894e-09,2.8380434602779534e-14,1.2466938261482455e-09,0.007723918296851917,1.7712208865216193e-09,286.7479736734536
759149,5.8333333333332575,33093.25372023809,12.056040627179764,79.59445866153796,8.213114697035287,7.5451261306889945,5.7644803172769175,0.0,1.547390299229426e-10,1.3132199097882499e-08,5.7298932320070976e-09,2.554978122857482e-10,4.777575567460233e-10,5.196377004697731e-10,4.7913608460919295e-09,2.4629148746137753e-09,1.5851513979974805e-10,1.3629305092986117e-10,1.1534038573629676e-09,5.278769390675929e-10,5.564097402022584e-10,1.0560964319864262e-09,1.4430862207929388e-07,4.742687155633069e-08,3.141287335123279e-10,9.309311504435793e-10,8.322090467254184e-10,2.1088544994200157e-09,1.1263941597757816e-08,2.4173456094978224e-14,8.964226045265458e-10,0.0071868912934874764,2.1021845716703855e-09,284.9672180544315
75c4ac,5.833333333333409,33185.68947368421,16.844485489333234,72.08585935256488,11.22152532457558,6.771007393761585,6.031850466808847,0.0,8.805629186490345e-11,7.401347077185933e-09,3.509020297327809e-09,6.944484341379926e-10,1.284589054478014e-09,1.3660199259931256e-09,4.4888253784517865e-09,2.269854235375953e-09,1.5274581456058585e-10,1.496947220070506e-10,1.5597899114726783e-09,5.024097282997662e-10,3.0792346524254645e-10,2.7526321297586515e-09,1.441454873058956e-07,5.780204257414004e-08,5.438583481306572e-10,1.1840198419351956e-09,1.2686773210351798e-09,1.0971824898812595e-09,7.487988563862797e-09,3.600216234756132e-14,1.2338744061987591e-09,0.008890048454930336,2.8377416139514903e-09,289.7012967694914
75f2e5,8.083333333333334,26475.025089605737,14.792694200972393,70.52513017934234,9.012316739554267,6.97853319916709,5.4808928153072065,0.0,5.3497806054951285e-11,4.447527642511284e-09,2.2155068859561555e-09,7.168795489904883e-10,1.3219215145868813e-09,1.5836863657284742e-09,4.461174577354649e-08,3.3253489795040146e-08,1.0031166992647346e-09,1.9473703116858375e-09,8.088280430737396e-09,2.677715278424934e-09,8.808336103479967e-09,2.6442661868708405e-09,5.835475457263592e-07,5.93562004325847e-08,5.807580639358477e-10,5.589401960197457e-09,2.9956389233475056e-09,1.016285002968746e-08,3.419043046370363e-08,4.461108949631354e-14,4.931486058550657e-09,0.009112405395971235,3.3397941500499384e-08,287.4484325092251
76be3d,7.416666666666667,33682.781067961165,16.76470186522,72.08338250515833,11.29833503655018,8.845748664140398,5.90119395545254,1.643214467859888e-05,9.659468769713368e-11,8.035902928722585e-09,4.040058528745327e-09,5.194210080485731e-10,9.388238430603909e-10,8.939588101396495e-10,8.788918480712579e-09,4.5249473335609266e-09,4.0232842932411784e-10,5.087000447249786e-10,3.1606060346626006e-09,8.36125714171515e-10,5.749178292441235e-10,3.1590016249574437e-09,1.8756368799597342e-07,5.9022933900074515e-08,4.621272783604712e-10,1.874924965530284e-09,1.1440799776693553e-09,3.2795877187266477e-09,1.203798181470877e-08,3.660910469877419e-14,2.0378232927392238e-09,0.009677541284075525,6.315894821558322e-09,289.02925173240027
77151b,2.916666666666591,30504.84176954732,17.901408263941644,74.17275028863097,12.571504584809482,6.749057263876541,5.6939412498744675,0.0,5.993138105995337e-11,4.956766022043392e-09,2.1358645823189767e-09,1.0461518632809348e-10,1.355771822607254e-10,1.9938293140409813e-11,1.980546819523967e-08,1.4599625230956342e-08,4.01353905697708e-10,7.58111589707728e-10,3.0244955907716897e-09,1.0194728294935477e-09,9.283643286340156e-10,8.263796306662951e-09,2.9438597118225394e-07,3.6947441259453165e-08,3.533790296548677e-10,1.957833956834068e-09,8.721710755292685e-10,3.4023315794731383e-09,1.1832669450880165e-08,6.620038453056638e-14,2.1347228012407514e-09,0.009540168208485736,1.5255258301489224e-08,289.26382673276396
774010,5.7499999999999245,25923.46351851852,16.7413829465842,68.95291328578817,10.084077113638589,7.3109701121535835,5.940672330632894,0.0,5.565043318775966e-11,4.654256319709748e-09,1.9483944849605664e-09,1.1887149130210957e-09,2.185382257958689e-09,2.5575319765458618e-09,6.23046944917712e-09,3.063007174571325e-09,1.7030482429551926e-10,1.1751219206501548e-10,2.618258088640901e-09,7.231805064726001e-10,7.579686653123436e-10,5.0412902932040985e-09,1.5799669189537148e-07,5.308935783650579e-08,5.65914691574324e-10,1.7036717846366561e-09,9.36730318173959e-10,1.5433051318389968e-09,9.566336406108463e-09,2.9588271968539614e-14,1.4330241905082716e-09,0.008214956948349084,4.842513939184359e-09,289.2030434770257
77b3ce,9.833333333333334,27499.16650485437,17.828526385078874,55.62214000062103,8.75645637169638,4.877936155089036,8.198296625899758,0.0004547096478777082,2.7383655573694668e-11,2.2318148388029125e-09,5.977217129988128e-10,3.7128911950515396e-10,6.520488059712709e-10,3.615118651517371e-10,1.6618241031082285e-08,1.2838124504189197e-08,3.4880163792352643e-10,7.207414857019233e-10,2.6746073980474353e-08,1.347847532571969e-09,1.7483305112223226e-09,2.229485836644167e-08,2.972801822008448e-07,4.6129944589747304e-08,7.2319938774487e-10,4.012495387428853e-09,1.081582845786672e-09,7.11209873235452e-09,1.5591342093142536e-08,4.048955336330654e-14,2.5544093146710845e-09,0.009156165886911587,1.198123757604907e-07,291.53424369344066
77ee55,2.0,34917.89717514125,11.271101402289277,77.58733706976662,6.900497293022935,4.703035297993139,5.7521799698655425,0.0,4.464623431823704e-11,3.757184536577978e-09,1.1816610442207002e-09,5.470969395700534e-10,1.021569728938507e-09,1.0629168363766039e-09,6.283464413488998e-09,3.4520071269697746e-09,1.776270920981826e-10,1.4314378142645352e-10,1.0262494917761791e-09,5.662507216676509e-10,5.048110774282721e-10,3.7177109178868777e-09,1.7039503452247555e-07,4.7470029228277715e-08,3.4716054928666724e-10,1.4346604366978468e-09,5.895453912297487e-10,1.1308807052433084e-09,9.290801614419634e-09,2.3769056043997608e-14,1.5792561451260186e-09,0.0067791844404102445,1.38207785919627e-09,283.3347026850276
780f16,4.833333333333409,25965.32831858407,7.854543205964169,28.00016462472191,5.472557157664666,6.9553075721415984,9.361951712445169,0.00687455849770318,6.161134999495009e-11,5.0216725899133365e-09,1.873690399012198e-09,5.634013336953125e-10,9.896049034501863e-10,3.906348564124558e-10,6.6308872913279654e-09,3.725319157657565e-09,1.935456850738664e-10,2.0099406398025224e-10,1.951012787801997e-09,6.142150300426488e-10,3.8545360469364625e-10,5.582522972652368e-09,1.5479006700797138e-07,5.425236692779653e-08,7.328364878608813e-10,2.0454149309614437e-09,1.183117121874151e-09,1.3931525638798819e-09,1.0714078017313187e-08,4.0221831120554244e-14,1.634990065741101e-09,0.011024823545903607,5.065122425180501e-09,292.21082059567135
7939dd,8.583333333333258,32214.27032520325,16.20620078695727,69.167281917753,9.675419201923543,7.501865055984575,5.921916636145088,0.0,6.416343525179685e-11,5.368623492209977e-09,2.293328159481032e-09,1.1277195430901035e-09,2.048604344187901e-09,2.2325829064962384e-09,5.626939650088275e-09,2.6256474693125534e-09,1.6645649647043592e-10,1.1436257014535434e-10,2.5902540887281172e-09,7.080418240598069e-10,6.29876389918229e-10,4.058972410967824e-09,1.501330105090496e-07,5.218591464104763e-08,5.419587802940549e-10,1.3851217563405297e-09,8.978910157099787e-10,1.3117903677106423e-09,8.50829560714615e-09,2.7798610852048244e-14,1.2766063017227946e-09,0.00819203008852918,4.201612226851107e-09,288.69358412899896
79bfa6,5.666666666666591,32253.66796296296,14.3393874427259,73.4185892294389,8.958247184343755,6.552783198921523,5.801082365900795,0.0,8.614277878331202e-11,7.264254157469164e-09,2.901884442309374e-09,4.5259228925660007e-10,8.309372195804465e-10,8.457389044571276e-10,7.1586022198094424e-09,4.1091266116324925e-09,2.1803824036201562e-10,2.642496745332506e-10,1.2293094454901286e-09,6.306410921167287e-10,4.191720466701916e-10,2.0968325393472464e-09,1.7648560421914132e-07,4.7444388238211336e-08,3.775852037427163e-10,1.270458424160482e-09,9.469283647634067e-10,2.6903404983476565e-09,1.0948536441890513e-08,2.93638112390084e-14,1.2323661344810006e-09,0.007595430751918327,1.7993980982860346e-09,286.6679496131286
7a34e0,5.9166666666667425,26970.345021645022,5.939628470363479,24.703718601950193,3.36526729497054,6.776320778425605,9.349873669865126,0.005023679869724268,3.5744570078325376e-11,2.9361227609574896e-09,1.0043813433168249e-09,3.128350562141367e-10,5.638684498212152e-10,3.9515018486778735e-10,7.0019861905652385e-09,3.87105294090878e-09,1.962384228661724e-10,1.784335860240015e-10,1.8337053978054289e-09,6.537828166796448e-10,3.95279707841603e-10,8.161794580506766e-09,1.682637405444712e-07,5.563612111657856e-08,6.005642861469485e-10,2.3046757082383374e-09,1.0208312748572556e-09,1.5170746601571793e-09,1.0655300495083414e-08,3.2529213313447094e-14,2.014835055651284e-09,0.008595120234350146,5.244605189819709e-09,288.8992260340957
7a39fc,5.2500000000000755,29381.48033707865,19.042409728115203,75.25442016993098,14.265807617857696,7.070551832635007,5.890649388260456,0.0002681759917749906,7.264850050665984e-11,5.989311669554256e-09,2.612213870257344e-09,1.3084747389061826e-10,1.7396490129202732e-10,3.482806554220081e-11,1.5939680324516523e-08,1.1115560695635794e-08,3.6719180849002253e-10,6.384915179834492e-10,4.108001008118034e-09,8.976794925829648e-10,8.243388412075454e-10,1.0721752519645922e-08,2.3092296093774742e-07,3.616561935069942e-08,4.2715931017445087e-10,1.9063423502170834e-09,7.827987370102693e-10,2.0427448253199214e-09,9.261791621625947e-09,6.970711217921606e-14,1.7567427913919778e-09,0.010743804662111979,1.1921187737478217e-08,290.9311079778097
7a627f,8.416666666666666,24856.8412,8.203332974840775,29.270950394633353,4.4442360225923405,6.443540982377212,9.418866348744055,0.0053035892429507394,4.078225270896392e-11,3.3542769535946697e-09,1.1202178302617658e-09,3.853136731002192e-10,7.006840031127387e-10,5.307042488306291e-10,7.280682613979573e-09,4.290075886331497e-09,2.0449386714212615e-10,2.440895486012598e-10,1.9559854375618164e-09,6.836274475074786e-10,4.5183833879718107e-10,8.040692391368993e-09,1.7461251369389628e-07,5.344934990697779e-08,6.314990641375424e-10,2.4747820508190153e-09,1.1046831154601553e-09,2.0206422332013312e-09,1.1751374234068789e-08,2.980624887316159e-14,2.0405948296488727e-09,0.008843783594909041,5.444683366630076e-09,290.48514726619845
7aa833,9.666666666666591,31122.05,27.830831664364037,57.36577774265611,17.032218864085465,7.100248478936871,5.343206990743028,0.0,5.294506994740508e-11,4.261619608661013e-09,1.4287472235458655e-09,6.5835835463593134e-09,1.228920347892951e-08,1.6091773060030386e-08,2.122693436462311e-08,1.2402135334882659e-08,4.933332244703555e-10,5.903542893334582e-10,6.4317247959382025e-09,2.845774494175999e-09,8.519159117093495e-09,2.7149761593847996e-09,3.222532427203876e-07,9.197490911538856e-08,1.9505564546823428e-09,6.78491615654046e-09,8.20559195648343e-09,1.816382914387217e-09,1.761614055415801e-08,8.257240334538046e-14,5.512951356262813e-09,0.013299939578124448,9.197344969074822e-09,300.0756950834908
7b0769,6.833333333333333,29962.043365695794,22.838848372963554,73.28304020079209,17.24742493946577,6.809129545011769,5.914113569004166,5.231063158103927e-07,8.910078815591752e-11,7.23143012978122e-09,2.309511555664731e-09,1.7873788874201357e-10,2.8597724893943103e-10,7.017058976146666e-11,1.35684909195738e-08,9.625216102617391e-09,3.348100156314354e-10,5.357744603317458e-10,1.6047939582633495e-09,8.757816787330909e-10,9.635204627156974e-10,1.2335907737005444e-08,2.008226443692063e-07,3.732374059589704e-08,7.851914580959312e-10,3.1066004041626327e-09,5.452951631542533e-10,1.7006702328914573e-09,8.095305125272848e-09,3.803239935971335e-14,1.6369114411664275e-09,0.012844585061072847,4.741431381797533e-09,295.5794753519781
7b3a56,5.5,34072.269672131144,17.573640654812106,72.01173190244737,11.980348979303834,7.437162495266482,6.018586119552338,0.0,9.207258538004352e-11,7.728092146657947e-09,3.7202919777228925e-09,1.0552867442934917e-09,1.9068655733475375e-09,2.0632802602294573e-09,5.494540831456792e-09,2.9452529531777223e-09,1.8876726862969306e-10,2.1597987275498694e-10,1.947726239104203e-09,6.551956504981949e-10,6.301201058738818e-10,2.0569017169202833e-09,1.5591463527239018e-07,5.831069295902058e-08,5.819646106261836e-10,1.2387474262936676e-09,1.6189258512398495e-09,1.655585380733313e-09,8.785198897204496e-09,3.8520758707253515e-14,1.1977173083273884e-09,0.009466362352450382,3.458595006178339e-09,290.2702056217374
7b5150,6.083333333333409,28732.25792682927,11.711148637313961,80.3295137503009,8.014573843041719,7.55377228640995,5.764955727791927,0.0,1.7047668156060112e-10,1.4463991105527995e-08,6.272806761483951e-09,2.1272377359412554e-10,3.984278866769309e-10,4.1705307227684524e-10,4.470068888228591e-09,2.2347284858293375e-09,1.5511653409775445e-10,1.267966978029597e-10,9.966438304999145e-10,5.403704706383433e-10,6.023363464588524e-10,6.849193378975566e-10,1.403574858882612e-07,4.732722464720314e-08,2.7089257290806217e-10,9.036410294461442e-10,7.220972169133212e-10,2.3166416443234392e-09,1.141626340951965e-08,2.3239851339320206e-14,8.19837089950057e-10,0.0070162128184109735,1.7456410642202403e-09,284.78906088376567
7befa2,5.833333333333333,30850.46716666667,11.25502755969067,40.21125816439558,6.496956898160594,6.260022043624893,9.571015357319673,0.005616429401381088,4.7629357783362314e-11,3.872169879451523e-09,1.3982649424961713e-09,6.095905189223147e-10,1.0614613479007258e-09,5.833529521667056e-10,6.279739490853243e-09,3.504725246212953e-09,1.6575618159125996e-10,1.6649664802026497e-10,1.7647250060565369e-09,5.441403619923998e-10,2.895615446939348e-10,6.8141260645673325e-09,1.5196210170232768e-07,5.240706622937444e-08,6.555109407120413e-10,2.228353764659105e-09,8.858701982601934e-10,1.1392430542272724e-09,9.76401712366405e-09,3.4124327374480597e-14,1.7254033843733476e-09,0.009869351433498942,4.2613772856259125e-09,291.0517634767777
7c2a6f,3.750000000000076,32648.136036036038,9.026852231372617,69.2927219607906,4.335097636034587,7.407280909605109,12.645080545386213,0.0005464316118654658,2.984409717243036e-11,2.4647892102203594e-09,8.454075848174273e-10,1.7503714549393105e-10,3.1314642197461053e-10,1.7916452013398186e-10,7.328276474500441e-09,3.789092042012313e-09,2.216646882997143e-10,1.3952627370562673e-10,1.4975290065730766e-09,6.070185778932115e-10,6.332302662740336e-10,2.0560989169653817e-09,1.630101935023187e-07,5.07899928259249e-08,3.9981625978841046e-10,1.4224561599333678e-09,6.914040965496152e-10,1.195510646930725e-09,8.396157507884002e-09,2.7954934947998076e-14,1.4063072250305426e-09,0.006996193095258921,3.3448194436930827e-09,283.63480301580074
7c3960,5.8333333333332575,32597.869858156027,9.241436106541851,78.09025099565305,5.158748820953075,8.414826862883448,5.789695502278693,0.0,1.0502926407080567e-10,8.910313681180783e-09,3.563712102086976e-09,1.504588388825867e-10,2.8021330426929113e-10,2.641319592668366e-10,3.786636891484075e-09,1.6449669018018227e-09,1.508101232948314e-10,1.1330976419255405e-10,8.433105258704462e-10,5.56255212666713e-10,5.20529810389679e-10,3.7998038519194377e-10,1.3419342483824002e-07,5.314435791602562e-08,2.3597793743906616e-10,8.801528141209979e-10,6.048157875445096e-10,5.872254787249696e-10,6.450999925874519e-09,2.0532514937390688e-14,1.143623917586914e-09,0.006080169653920266,1.1248317110543692e-09,282.50735671979317
7c4455,5.833333333333333,28415.273125,23.06892629703369,73.58745693019183,17.51402299840468,6.747508415799665,5.934908443024643,0.0,7.678177072809024e-11,6.21614843409079e-09,1.8442599489765021e-09,1.9313697495511197e-10,3.067313883668348e-10,6.85868145490582e-11,1.3679950412532557e-08,9.517626019510725e-09,3.4919593132159604e-10,5.270682863725505e-10,1.4832227944685934e-09,8.977920541984141e-10,9.40062965020625e-10,1.4818496867114792e-08,2.0513902709424397e-07,3.628591838337076e-08,8.107397361345351e-10,3.1701480125636704e-09,4.650143613827408e-10,1.8196209726680694e-09,7.595830243620658e-09,3.434186673178985e-14,1.5524281318943103e-09,0.012769007500827434,4.384682645964163e-09,295.79628272728553
7c74e5,5.6666666666667425,25753.276793248944,16.670831933183354,68.55674184531492,9.945497572381264,7.32144796393138,5.957109878730128,0.0,5.489642155538088e-11,4.590835809687168e-09,1.881578916139815e-09,1.2129050978173578e-09,2.226113597177985e-09,2.5247132306536482e-09,6.341455795576575e-09,3.1718302841571457e-09,1.7225090028032032e-10,1.2843866876900017e-10,2.465670780993649e-09,7.329497476110021e-10,8.198230751594742e-10,5.2598113068703015e-09,1.6013557018829045e-07,5.336432673956216e-08,5.614582551263619e-10,1.7865488488565178e-09,8.71694719043205e-10,1.6114032594623002e-09,9.256593829113226e-09,2.7507770104575092e-14,1.4446566946179138e-09,0.008054194999350754,4.7105890820760835e-09,289.11740095253083
7c9771,5.916666666666667,31535.54745762712,27.918374848949735,77.1619971192827,23.29235698129315,5.4944578184844675,6.003512653593912,8.194337508202541e-06,1.2752062848984464e-10,1.026845573266117e-08,3.455541167431831e-09,1.6246435273810777e-10,2.7303326739612097e-10,1.029396467918805e-10,1.399144130876872e-08,1.0470290308673007e-08,2.4332073016205434e-10,4.433300002411133e-10,6.080033472349096e-09,1.1023583609293087e-09,5.90296397802014e-10,1.0771859647136811e-08,2.1397325317135325e-07,4.6188055791887116e-08,1.1008480807767366e-09,3.1265871927929085e-09,5.574791547073506e-10,1.6969004095003258e-09,8.196906654745219e-09,3.6654738096786234e-14,1.1969948813959023e-09,0.017251430974221358,1.7581125763418484e-08,299.36661247548085
7cb758,9.916666666666742,30817.574462365592,27.215650855650967,56.52034387233312,16.35802913338912,6.156496705002432,5.345595619891666,4.944342835484411e-07,5.163388487898681e-11,4.108599698008056e-09,1.1114754016610026e-09,7.084924651445004e-09,1.3006278476201501e-08,1.96444614846434e-08,2.195972846820097e-08,1.377763688578912e-08,5.087500786504499e-10,7.052176725718271e-10,7.498694734226012e-09,2.8682614855709656e-09,1.6860810946132265e-08,3.486796675724183e-09,3.471057693385067e-07,1.0762719232196932e-07,2.3630081619791216e-09,1.594707531475859e-08,1.4375701421252389e-08,1.285938762004562e-09,3.68968887236838e-08,9.203132564026934e-14,1.4329268292817195e-08,0.014115879559452853,1.5312286408186723e-08,299.23819311311246
7d8018,6.083333333333333,21647.444444444445,21.5789223478703,60.66980671976904,12.58697537361139,6.138258833884174,7.8586114538460246,0.0001777843932471,3.0393946777982644e-11,2.4287553240085115e-09,4.797427220492247e-10,6.334632954299299e-10,1.130722021259328e-09,5.832864819746967e-10,1.5865956922747645e-08,1.1722175283844825e-08,3.253948281935401e-10,5.365179060942485e-10,2.3874765196028754e-08,1.0454436900208176e-09,1.5792195003695619e-09,2.4947947852179866e-08,2.7167785073948035e-07,4.6355274412864963e-08,9.362250755392106e-10,4.021233754016605e-09,6.388681615394446e-10,5.784980410043723e-09,1.1671733986384099e-08,3.362711775683337e-14,2.546237694282471e-09,0.010949490229120633,9.87246604173275e-08,293.75506519494644
7d8956,4.9999999999999245,32430.85641025641,12.697847942878967,74.73932501780574,7.748014853738543,7.005930280543993,5.940943093954242,0.0,9.284141688624558e-11,7.839546180165218e-09,2.8424677157512705e-09,3.9163732819473896e-10,7.509137689207825e-10,7.92697120351093e-10,5.433415501640828e-09,2.6828594406344855e-09,1.8727400300807006e-10,1.7095494959124078e-10,1.1441700469567736e-09,5.187593238987097e-10,3.3493238529819895e-10,1.5095782741481125e-09,1.5141890535070514e-07,4.8278178567978824e-08,3.512674494671452e-10,9.942199620112168e-10,7.757988310094172e-10,1.7796133266179322e-09,1.0596727080556418e-08,2.7994016382459058e-14,1.141067848937652e-09,0.007141578090064201,1.722544453742393e-09,285.4295575354491
7da0d6,8.416666666666742,27881.17944983819,27.425250361824606,80.76323434486262,23.582059162651817,5.23614754193492,4.52299610077217,0.0,7.523715765764795e-11,5.917320766510177e-09,9.496480528614007e-10,2.8767424308454463e-10,4.753652747939288e-10,1.613104034708271e-10,2.4256236836258015e-08,1.5640312062572134e-08,3.8917249998601985e-10,4.4964639768492876e-10,9.50125333971688e-09,1.5168918783363522e-09,2.274029482785772e-09,1.1847533026920531e-08,3.1452381836176043e-07,6.143970460064676e-08,1.8325748338148834e-09,5.933781169355326e-09,2.4210985247007862e-09,6.943500766378433e-10,1.2216472405447644e-08,4.6316583073197755e-14,3.977526925703684e-09,0.017545687647752994,1.5440104816470465e-08,299.7689352205405
7deec3,5.75,28292.865458937198,8.529810051993628,34.20888469767158,5.644822689201004,6.499082097176318,9.399082629950009,0.0030547841106652296,9.040400156693737e-11,7.534139563268102e-09,3.399060082170772e-09,4.4698601711283973e-11,8.046363186990371e-11,4.316008628812639e-11,7.586973864455778e-09,5.49814857466997e-09,2.7940726225403746e-10,5.484978606715192e-10,2.5553603038058128e-09,1.0048794947769616e-09,7.706063400615338e-10,4.4020333085789145e-09,2.085777549608534e-07,4.568086636409182e-08,4.779913900063978e-10,2.0225855712888285e-09,1.1009314324181316e-09,5.51586493241671e-09,1.5310280969411456e-08,3.688509538597345e-14,1.4407681274039988e-09,0.009272446798014942,8.931270772172575e-09,289.9109272228412
7e0040,6.0000000000000755,32016.97765151515,14.201470048214794,74.106786219093,9.044281333982845,6.4330730478361495,5.863569252071939,0.0,8.482869950675774e-11,7.150588790171993e-09,2.876659429811336e-09,4.729861455885476e-10,8.638212333055567e-10,8.680758028618444e-10,6.2383150926009055e-09,3.470641733487506e-09,1.7801814431926226e-10,1.674260912608031e-10,1.245076638263243e-09,5.799833642593972e-10,3.9308422517853546e-10,2.0653082943652147e-09,1.650507075907169e-07,4.867284754003965e-08,3.855184439527097e-10,1.120940589444963e-09,9.35102332827208e-10,2.3273438648926403e-09,1.030170178881559e-08,2.859339528750466e-14,1.1892646906097116e-09,0.007598356453259471,1.8515479736691301e-09,286.4715215054525
7e486e,5.7499999999999245,27619.071732026143,15.666464354775785,70.89065073009684,9.681785116070234,9.544099724669323,5.896685997011743,0.0,7.412872273771281e-11,6.224322963762584e-09,2.8932994256188863e-09,1.0004730918003622e-09,1.877116406565029e-09,2.371620279164632e-09,7.005319330213795e-09,3.987989895190981e-09,1.8182976000558005e-10,1.813912857886099e-10,2.749147092706944e-09,7.947774835623634e-10,1.100638639250695e-09,2.548629115861552e-09,1.781091759282859e-07,5.509064599977711e-08,5.975981817170031e-10,1.8497683557820895e-09,1.2092995011313235e-09,2.800425924731044e-09,1.1075877609756413e-08,2.98372887573652e-14,1.6092303348440053e-09,0.008238568893994033,6.454902014659585e-09,288.6047136155739
7fc77d,5.0833333333332575,31319.64341563786,17.513421981304962,71.53874604619162,11.527140104721186,6.654932221417264,5.673783640030895,0.0,5.1664926781906645e-11,4.2668323982010135e-09,1.7412471796622425e-09,8.706801713079345e-11,1.1396511265564856e-10,2.2996921051709362e-11,2.489278359536847e-08,1.8983473927929094e-08,4.540007087235027e-10,9.488052958922154e-10,4.20729001506216e-09,1.290553499005893e-09,1.2464123752016226e-09,8.253994043791705e-09,3.8455735129492525e-07,4.076342782871428e-08,3.5796855637014494e-10,2.3631949883903385e-09,1.2021063536577746e-09,4.989440482882376e-09,1.4731950447157553e-08,6.739010047293709e-14,2.779610018243161e-09,0.008741594937234167,2.2557665225625756e-08,288.3759898258992
7fdde3,5.916666666666667,30265.422644927537,13.600639663679635,75.0293527930822,8.635403678288913,7.108786472874021,5.826472677368334,0.0,9.59046490727522e-11,8.096199808380191e-09,3.4167478761888574e-09,4.730661570146749e-10,8.848012601944741e-10,9.100463562607749e-10,5.913394427874313e-09,3.1596414073843796e-09,1.7467091642526802e-10,1.569128282525099e-10,1.2787674816475075e-09,5.699695745830287e-10,3.934841099167421e-10,1.909208207907721e-09,1.600614343725516e-07,4.8314674668420024e-08,3.6487296522750634e-10,1.0865735744334497e-09,9.019820514509622e-10,2.1306738538989556e-09,1.0128814646126243e-08,2.7676710491287404e-14,1.1551576473186825e-09,0.007482869075744914,1.7232497436923557e-09,286.1707337782016
80a7f3,7.583333333333333,27173.727368421052,15.765352207333772,69.643628431236,9.223630235705071,9.226777237699075,5.85044615763605,0.0,7.26925629948839e-11,6.1015073190077245e-09,2.7794353028384114e-09,1.0886123099809293e-09,2.1280300289138983e-09,3.044208198151899e-09,6.73379848615544e-09,3.6288198733766083e-09,1.8427379740115648e-10,1.6114380988848805e-10,2.430733638154282e-09,7.249131493201997e-10,9.885044484007065e-10,2.7220478318315025e-09,1.6778377208568104e-07,5.4462308549422436e-08,5.874601532541416e-10,1.889321177054767e-09,1.2155277323874377e-09,2.0686840168603632e-09,1.1076611743932349e-08,3.171575323004909e-14,1.4461093833657425e-09,0.00786881917223017,5.067187231592813e-09,288.75077490121816
8129ec,3.9166666666666665,27766.54632034632,11.924535418334555,80.06535328322916,8.138846940796537,7.544921211642285,5.758476789841692,0.0,1.7247698662982593e-10,1.4632735563067068e-08,6.3309764993343625e-09,2.705244095492289e-10,5.179326235110377e-10,5.829023748894783e-10,4.474318636821382e-09,2.2343303037567356e-09,1.5341091570123816e-10,1.2234227916041776e-10,1.0854261411590742e-09,5.338573533138727e-10,5.887152958176113e-10,6.270359651083493e-10,1.3866787426467908e-07,4.849428459035148e-08,2.9365467682335413e-10,8.946656376225721e-10,7.676032626426947e-10,2.0936363838356446e-09,1.1116319289353078e-08,2.4759326348579738e-14,8.220802206136337e-10,0.007103278541907338,1.9285682882225896e-09,285.01944845695385
815678,5.833333333333333,23504.575543478262,16.060481555858395,71.25848187536434,9.976579132737449,5.203506118098529,5.127501993946314,0.0,5.670148979570505e-12,4.6059369471756474e-10,1.2167544681993136e-10,2.826623639564173e-09,5.3367776484460415e-09,7.604702139018585e-09,8.143401831338195e-08,6.294214436201715e-08,1.8427802744736524e-09,3.879164279029283e-09,1.3072284621408934e-08,6.663563843398167e-09,2.766188949183873e-09,9.425274772822452e-09,1.280886751951569e-06,3.189079446391819e-08,4.4393215523079065e-10,4.8983769773455526e-09,3.271065735210048e-09,6.743892295718725e-08,4.571112070830874e-08,3.0930802830320223e-14,3.735109764161963e-09,0.00907700909190563,6.308509633354133e-08,287.6275570532378
81852c,9.25,29048.62274774775,20.33718320126719,73.80191209365567,14.822084337072388,6.004451850563248,5.7991420058232395,0.0,6.043700142922423e-11,4.934647702248695e-09,1.545413920800708e-09,9.089564952483107e-11,1.432672518007136e-10,3.874323578216914e-11,2.1383493120062674e-08,1.6299940985355245e-08,4.564961483194499e-10,8.710254305314161e-10,2.6791169515241167e-09,1.3468737098994613e-09,1.6316307191635297e-09,1.3363489227425525e-08,3.077278901733303e-07,4.023804248717629e-08,6.801970118527527e-10,4.0616260866928685e-09,8.222942918259311e-10,3.7179659848116145e-09,1.2965837076797348e-08,3.79845461099146e-14,2.5433768178507257e-09,0.011519847086875055,1.3030029049298036e-08,293.3286485498613
818836,6.083333333333333,29063.299822695033,12.118895845434063,79.24616301596649,8.154032965420516,7.444798181593274,5.742789323608089,0.0,1.5771698165233664e-10,1.3371025454608951e-08,5.756445809268427e-09,3.222634373992474e-10,6.145901348921669e-10,7.135957780683573e-10,5.107868009625475e-09,2.7731098151544576e-09,1.5880601916099497e-10,1.4438473484162275e-10,1.4110108938272744e-09,5.544040664117645e-10,6.163281841080985e-10,7.371376273840301e-10,1.5010249339568879e-07,4.7494573828597456e-08,3.240019643118699e-10,9.482861233829883e-10,9.096157463834001e-10,2.5540586875503637e-09,1.1969942877621456e-08,2.6819080395399364e-14,8.390563453270139e-10,0.007222269201791647,3.3626336911683733e-09,285.1421682699272
81f992,6.333333333333333,33182.03008658009,17.707366775585847,69.4513277511667,11.1262900927046,7.163958798965192,6.066826093387188,0.0,9.290543859097816e-11,7.797922362147657e-09,3.7271440349624575e-09,9.368867659335319e-10,1.7708182426565008e-09,1.9655409112605918e-09,4.226347036576228e-09,2.0029536672818035e-09,1.5948697705037808e-10,1.441059599164252e-10,1.399218283384275e-09,4.911794496189697e-10,2.6369060746679667e-10,3.1759734356236696e-09,1.3741454105997982e-07,5.958357628645805e-08,6.085536070196489e-10,1.164979685706024e-09,1.1776160369038244e-09,8.542027642896966e-10,6.890278117579951e-09,3.7294231565113447e-14,1.1094232696825103e-09,0.008945608616741322,2.1690944428242063e-09,290.6806084635997
821d06,5.4166666666667425,31729.3669047619,7.121180166864935,76.50105997089348,2.7239806816206134,7.314878407743943,5.806028641178423,0.0,9.327705709722195e-11,7.926671276132243e-09,3.7106613327752836e-09,9.630874030097474e-11,1.7857366662674306e-10,1.6065150368370025e-10,3.268678594859922e-09,1.6483844853403766e-09,1.1876578507727884e-10,8.598575818858482e-11,6.20086331244867e-10,7.667544428822147e-10,1.3745671179988956e-09,4.034260313932752e-10,1.3739115240552037e-07,5.236577591138263e-08,2.1440397897583013e-10,1.6389179912149212e-09,4.771586854387672e-10,3.7725478284626077e-10,6.5787470853283986e-09,1.959499227646291e-14,1.6686857269232915e-09,0.005293258959311366,1.5531336176464722e-09,279.7678796917396
82c60b,5.7500000000000755,29655.915674603173,12.106735143365194,79.99703052664943,8.31422188698052,7.21702981551001,5.761626632073186,0.0,1.712585318626201e-10,1.4527445716227343e-08,6.313403024927833e-09,2.601697269203965e-10,4.980680287096796e-10,5.500471267202061e-10,4.354334006502317e-09,2.1400771266159435e-09,1.5356206588755558e-10,1.3342447664274546e-10,1.0918227813685087e-09,5.345601777309099e-10,6.136614066164084e-10,7.079979559039867e-10,1.3851395082024365e-07,4.755756518285172e-08,2.9761559473895527e-10,9.19587953024337e-10,7.446858633955934e-10,2.424189905160389e-09,1.2060244683930032e-08,2.4561912655753374e-14,8.136443175926654e-10,0.00718749569744998,1.8119860446264778e-09,285.3143824596769
82c6bc,7.3333333333332575,31616.142295597485,12.349147120279095,74.1734811931034,7.23116214807614,5.329677184895193,5.847179039855689,0.0,5.60403010506517e-11,4.7214572036960406e-09,1.6445013188404993e-09,5.445926366323611e-10,1.0125877747853258e-09,1.0807792170920144e-09,6.8741566268613945e-09,4.1963974868265905e-09,1.6970929500093486e-10,1.6090013924906976e-10,1.0302015140296967e-09,6.160448700241121e-10,3.7342014640999926e-10,3.4505751353868085e-09,1.783114861252307e-07,4.559808837285894e-08,3.146546403351439e-10,1.2059170865899694e-09,6.53176494618449e-10,1.0796612507894115e-09,9.112697142510709e-09,2.7989497692332996e-14,1.3707015766569943e-09,0.006464437641519825,1.412269533373615e-09,283.6046394734467
82d58e,9.833333333333334,24503.70735294118,23.344695509098447,54.401438359904475,11.717714691577491,6.726399641004171,5.596012083827558,0.0,4.9228707343876356e-11,4.023881364143916e-09,1.3654902325422184e-09,4.143917223347008e-09,8.653068464091077e-09,1.6564578816943542e-08,2.742087979496386e-08,2.078892683985484e-08,4.5537279327507504e-10,8.398725361827493e-10,6.159937744622801e-09,1.5353940694200442e-09,5.036110962101964e-09,1.7929076872136047e-09,4.083148503578248e-07,6.549039723015591e-08,1.038311912017265e-09,7.442828346991619e-09,4.638214161113679e-09,5.7102091671470504e-09,2.7766607047891293e-08,8.123735550242577e-14,2.7861503079413334e-09,0.008902210631871818,2.9576727779340635e-08,295.77007790346005
83d8b0,5.5000000000000755,28926.351687763712,9.856335577031896,35.41083683969611,6.7344880789739445,6.602888886155328,9.403843021313724,0.0026729969376825726,1.0227594460024779e-10,8.511781157481848e-09,4.07093071678635e-09,4.663672370046324e-11,8.611840946106359e-11,5.086817738251993e-11,5.403482681574524e-09,3.872661388197163e-09,1.4175559592145116e-10,2.4013678912285973e-10,2.6745369687450976e-09,7.729258540573901e-10,6.205596382005647e-10,4.0644312412741315e-09,1.6607746813398083e-07,4.735891060895249e-08,5.734789721752689e-10,1.6974806453473173e-09,9.297386748455069e-10,4.134997282025917e-09,1.2804893319348198e-08,4.124220306172252e-14,1.1897601848857462e-09,0.01000067176104095,8.67495141372203e-09,290.8865795324986
846c00,6.083333333333333,27304.56925925926,20.664474409660098,60.373367132975325,11.433056589124913,5.582432964126782,8.32855719768343,0.00022223582825133204,3.0584253661069535e-11,2.4609721810000976e-09,6.228287994091084e-10,5.518279345653487e-10,9.937782905547715e-10,5.29806814209874e-10,1.9348573293977895e-08,1.4993738162780913e-08,3.0621203251885804e-10,5.730350644511823e-10,3.650614504167339e-08,1.4716817106432638e-09,2.1902391687064896e-09,2.063555711840579e-08,3.149749980344519e-07,4.2712608308115455e-08,8.345692106961778e-10,4.210276374257519e-09,8.521820075767057e-10,9.716876925743375e-09,1.4669330026266852e-08,3.8978732712784405e-14,2.3002190060273105e-09,0.010131769314856804,1.911594204420035e-07,292.59609451501376
8516ed,2.666666666666591,31188.191414141416,23.092877601832292,79.15522446647347,19.009657791608415,9.330134146348149,5.7999791169938,0.0,1.5123553307485086e-10,1.2589727514306899e-08,8.293707793359368e-09,5.077793439418241e-10,9.497210538746067e-10,7.967042957469009e-10,1.6822746112083525e-08,1.1528620577687956e-08,5.59157394478825e-10,1.0121640664160782e-09,6.994456103545704e-09,1.7540356772440121e-09,1.0404673432606744e-09,3.3762401048963322e-09,2.7460377237416003e-07,7.004712272861982e-08,9.752466440856405e-10,3.482314206703372e-09,4.270486255543479e-09,4.074933781137063e-09,1.924982649389641e-08,5.4341953491778274e-14,3.6160090806782313e-09,0.014053360201797378,1.6154427305165563e-08,294.6386556228897
854d82,1.916666666666591,32301.313301282054,16.195572311417052,69.8951871205961,10.001427120953865,9.877719313295461,6.094706775503975,0.0,1.5291849191277495e-10,1.2891546956956975e-08,5.561476384887738e-09,1.0262246410424529e-10,2.211675388921365e-10,4.1959815133350816e-10,3.524040587133197e-09,2.432719455986215e-09,1.1041175910066447e-10,1.9774974137624428e-10,1.140455654898983e-09,4.0432183941769663e-10,3.033371215364098e-10,1.2471277139019073e-08,9.112633636967045e-08,3.853041722264987e-08,3.0932694695477797e-10,1.6823719996235469e-09,5.093981599976305e-10,4.188007955404987e-09,1.0469308917344959e-08,1.8935985632281377e-14,1.1405674539412387e-09,0.008143131352932171,4.199733230282974e-09,288.76863443045374
857362,5.3333333333332575,24928.402525252524,12.951496043444596,74.6805261139636,7.8145110746829465,5.896060111375046,5.8294924198701255,0.0,4.344850396159101e-11,3.650969518866151e-09,1.2289664878286003e-09,4.913831273234338e-10,9.363368161673275e-10,1.0361191486802568e-09,5.731588896287302e-09,3.1481277502558487e-09,1.6222721991684089e-10,1.199126724557533e-10,1.5730009310519635e-09,6.452663760272531e-10,6.643199936466329e-10,2.790916743918042e-09,1.671959843066147e-07,4.965580577994537e-08,3.8954772751083444e-10,1.4938765234611278e-09,6.996594168630666e-10,1.1676229699951243e-09,8.657608192988309e-09,2.509044059957074e-14,1.4417551704156061e-09,0.0071805251371606215,4.920287032124765e-09,286.137801463848
859586,4.0000000000000755,31235.446703296704,13.560881963350225,74.84022851644582,8.55373956084593,6.910879210219515,5.8130293683774665,0.0,9.010343558436927e-11,7.600215229418946e-09,2.946932270647159e-09,4.282479940192561e-10,7.982511098812249e-10,8.085970193932807e-10,5.861879398756018e-09,3.0962308302908073e-09,1.7948305808519472e-10,1.6056685793996595e-10,1.2337883921905037e-09,5.603762980481056e-10,3.9442250889141754e-10,1.619093800341823e-09,1.6089164024258502e-07,4.869381450311998e-08,3.6232453576417016e-10,1.050968038536059e-09,9.695862860754461e-10,2.2145601263881942e-09,1.0193746076233564e-08,2.7294968369926787e-14,1.150059149047711e-09,0.007436879633260949,1.8349249283993707e-09,286.1543692203592
85df82,5.583333333333409,27277.882608695654,12.621581109815887,76.26638677005171,8.002931678077346,5.217386515272706,5.869974391582243,0.0,4.996468728101785e-11,4.192150313790968e-09,1.421267060822826e-09,4.8236147334217e-10,9.066695867822875e-10,9.367736108052407e-10,6.368958178098623e-09,3.951667222635226e-09,1.677799300485498e-10,1.4335065204119914e-10,8.723183178439126e-10,6.434687926695142e-10,3.741536209512979e-10,3.41473174325716e-09,1.763259870574269e-07,4.874718376069734e-08,3.214693805780652e-10,1.2298537146309622e-09,5.465198433509289e-10,8.202053394540877e-10,8.71897237417441e-09,2.399677827450428e-14,1.338706359345565e-09,0.0067792987909616395,1.3122475117862454e-09,283.9410450894877
85f0b2,3.8333333333332575,25538.3731884058,18.306027442140238,75.5666555993597,13.719513469006888,9.05215288253904,5.995233509160813,0.0,9.578892140093328e-11,7.953614421347322e-09,4.1838578563318325e-09,5.202350492245808e-10,9.49748464604428e-10,9.40257829826618e-10,1.0428144655530486e-08,6.277928793121659e-09,3.544155809780547e-10,4.92419631158075e-10,3.6859750734191038e-09,8.160152426191959e-10,6.546610058858273e-10,3.443233312871747e-09,1.9206520515055777e-07,6.040884657777697e-08,6.11856436636609e-10,2.195894217009163e-09,1.3657442874404304e-09,1.7642920266478316e-09,1.1951726955276382e-08,4.272985873534083e-14,2.0636519011103413e-09,0.010814874722057602,8.204983440274361e-09,290.1007914600756
860939,5.9166666666667425,30763.168106995887,17.08537080618415,75.56218878575012,12.449725787866809,8.467330040030872,5.902724923276406,0.0,1.1011194763516913e-10,9.16226340400795e-09,4.866629374090422e-09,5.184917361652272e-10,9.48466283403139e-10,9.191895213419439e-10,8.680403348093494e-09,4.721600296215855e-09,3.4850146855016463e-10,4.4249575369359843e-10,3.1251301887028664e-09,7.762697830376733e-10,6.489971176834744e-10,2.73468879689715e-09,1.7673763769970839e-07,6.050587817218624e-08,5.504900343085479e-10,1.8481616468574617e-09,1.2303550021610225e-09,1.998142252351004e-09,1.172229953722088e-08,4.0830303500649826e-14,1.984726628218149e-09,0.010171907159630681,6.295503428466349e-09,289.4616588406347
861720,5.333333333333409,29048.733536585365,9.539759196556812,33.95743399894143,6.523937029106642,6.846473583534584,9.479119868326201,0.005583926667377744,1.0683411522660959e-10,8.892775337638093e-09,4.2183835944519325e-09,4.30022345912559e-11,7.868860352684946e-11,4.03542263717029e-11,5.230152016328718e-09,3.755124719769662e-09,1.4164532287352847e-10,2.4747653151003543e-10,2.4718443504796834e-09,7.709471201442271e-10,6.238746107487807e-10,3.885304274775926e-09,1.6535305826341635e-07,4.7159558230884226e-08,5.656876579511875e-10,1.6399705564307677e-09,9.139529412211044e-10,4.17836054895883e-09,1.297046474729148e-08,3.9280558019595606e-14,1.1778428611909685e-09,0.009922943311367255,8.363752079637953e-09,290.78292317282956
86c238,10.583333333333409,31088.666526610647,19.697460117977332,60.20623945591018,10.963852473976198,5.466075066033393,8.208800478545744,0.00016974957421894135,3.5444479556619453e-11,2.867860520375604e-09,8.145278501092688e-10,5.734931446283546e-10,9.915636768790416e-10,5.312820387389324e-10,1.785791197888619e-08,1.357625470299001e-08,3.377593216894727e-10,6.16403355013142e-10,3.6807574290061117e-08,1.364007238621655e-09,2.016607503517805e-09,2.0519569742314214e-08,2.945196868260939e-07,4.3026414023344874e-08,7.810147239192282e-10,3.878554129096404e-09,9.38311070838733e-10,8.829880083106782e-09,1.4165885629947359e-08,4.102819629228911e-14,2.3239688024315047e-09,0.010205153808396743,1.5564825737396285e-07,292.1216521935322
86e116,2.9166666666666665,30347.643073593073,14.891923476426392,78.48017077899297,10.820664146614975,8.992110965260462,5.957139589388526,0.0,2.1363121653604883e-10,1.8011250320513633e-08,8.42791791352006e-09,4.7467813458965644e-11,9.342029003445815e-11,1.3465020537091195e-10,1.91763950721695e-09,1.1352490154845258e-09,6.567168003394428e-11,9.318898379463887e-11,9.047207989211928e-10,3.1686640685443065e-10,1.6872720843610434e-10,4.209236532150182e-09,7.209502407852168e-08,4.231010031937052e-08,2.632292817460121e-10,8.575438395153796e-10,1.7461869214893078e-10,6.747390585211409e-10,3.642971214598497e-09,1.6560756665383446e-14,5.524361170902109e-10,0.008256144702354083,1.445974344563774e-09,287.9127603926549
870048,5.7499999999999245,24042.995703125,7.559163112612885,30.745203638702495,4.5797663565416995,6.841581995767048,9.349086767819866,0.005070898668305408,5.087157501403135e-11,4.167673178448371e-09,1.5611495221851958e-09,4.479119228477738e-10,7.878080551276022e-10,3.4472523877111603e-10,6.628355603531075e-09,3.723269675801244e-09,1.8720332081185586e-10,1.9326346985840086e-10,1.957077702363091e-09,6.208060228990048e-10,4.0372628124869705e-10,5.202475519150957e-09,1.5970256235533594e-07,5.3665952586515216e-08,6.47276722221657e-10,2.004884299005987e-09,1.1260403733887983e-09,1.6972931563238553e-09,1.0749107865564376e-08,3.6200866033163424e-14,1.724365297159181e-09,0.00965622424745211,5.1388817811592725e-09,290.4317749558246
87f284,2.000000000000076,33224.098958333336,13.977059739563234,79.01339472464132,10.09244571570552,9.31593848245385,5.9482643501155845,0.0,2.1089006052895844e-10,1.782814671238196e-08,8.202584864310431e-09,3.026322319236423e-11,6.042345154742088e-11,8.589766986110927e-11,1.406348860450068e-09,7.79124854502236e-10,4.8544558364499356e-11,6.444198612763668e-11,7.42708085558648e-10,2.84577260002293e-10,1.2910753090814403e-10,1.8809045054734258e-09,6.562676656956364e-08,4.0459134556200275e-08,2.252191164794504e-10,5.739541548445299e-10,9.270478057726887e-11,1.51794070661406e-10,2.0307313961320424e-09,1.773114243703392e-14,3.7356928616285925e-10,0.0077574913115208985,7.489696759001969e-10,286.81589742145565
880359,5.0,28602.34178743961,17.350177926259992,70.04268292314956,11.28376871984136,6.866289181540567,5.700990491926804,0.0001401792301710295,5.57657592323061e-11,4.597654297073503e-09,1.859954307597786e-09,1.3738076645089932e-10,2.1492098999628729e-10,9.147413318466489e-11,2.6126617062200524e-08,1.981217142590094e-08,4.799716654996316e-10,9.699257836047148e-10,4.0839683478205604e-09,1.3752454833064135e-09,1.3722163798427332e-09,7.264099387707057e-09,4.10898950176618e-07,3.99652171768407e-08,3.9005712206462713e-10,2.4204999692561017e-09,1.2103275689769308e-09,5.536728526356059e-09,1.536622833200782e-08,6.416212492576962e-14,2.613426423984573e-09,0.008764559492846408,2.3056927704043822e-08,288.52689842600324
88b7c2,9.583333333333334,25361.558333333334,15.916723302342174,54.15205164642139,5.436008587000597,5.368889127696782,6.030740019743565,0.0,1.3731441379932177e-11,1.124096725751721e-09,9.129195572713445e-11,3.0157307463299416e-09,5.912478369621948e-09,8.742379696203296e-09,6.3501306567307414e-09,2.85104735138038e-09,2.1432735233621487e-10,1.5467263864156806e-10,2.0208199334695474e-09,6.278631273486658e-10,5.651861335054135e-10,3.073404754062554e-09,1.4698505456300337e-07,5.7415795243267585e-08,6.905755427485911e-10,1.442734920332501e-09,5.41613082503293e-10,6.253709483453264e-10,6.751873471083438e-09,3.201025790385832e-14,1.1257274715870723e-09,0.006404812264040312,4.769524571386714e-09,288.02617533198094
88d041,4.5833333333332575,25606.945977011495,15.87738219048431,71.09788354029565,9.908619727342044,7.705561898043833,5.927061690732092,0.0,6.877186100144959e-11,5.769965094785256e-09,2.7634662789212173e-09,9.335152430021211e-10,1.7181070544732634e-09,1.981481694016587e-09,6.431757065289217e-09,3.593394912082965e-09,1.6162593551372243e-10,1.4104947902289262e-10,2.456000626273697e-09,7.811805831015834e-10,8.288564152349572e-10,3.115291273490155e-09,1.701932858681645e-07,4.956208232597233e-08,5.289344038423309e-10,1.6378055171563636e-09,8.895747584623818e-10,2.5677894731646783e-09,1.1249832791520286e-08,2.5680390487230393e-14,1.2811217733120583e-09,0.008423834037376373,7.2130391892397086e-09,288.34120841351125
89f25a,6.2500000000000755,29473.66462585034,16.769055086170763,72.18480314332129,11.262023544154962,7.252242132130062,6.06194698410087,0.0,8.316040373790303e-11,6.988192462988687e-09,3.6474815053134625e-09,6.806486644760413e-10,1.2571359545953978e-09,1.2767567933852687e-09,4.641200343643071e-09,2.2873428545065695e-09,1.6630693840840137e-10,1.5266878340562236e-10,1.4851351495543558e-09,5.29083372223027e-10,3.1158188291993466e-10,2.3408521680915287e-09,1.4608685309156513e-07,5.759668021360776e-08,4.998099430611814e-10,1.1197246777779215e-09,1.3414026744279138e-09,1.0798714133432043e-09,8.417038746067504e-09,3.2919538736351276e-14,1.2000092276672115e-09,0.009183019074626951,2.5993012996435992e-09,289.87593678037706
89f501,5.833333333333409,27842.340277777777,9.031774657294248,33.076437017347054,5.626623815238185,6.9159521707312495,9.372963939362052,0.007828856973836987,5.107582405695651e-11,4.175314700293923e-09,1.5235521549337064e-09,4.709029366884719e-10,8.314516650163415e-10,3.4131264314914706e-10,6.1405184212467376e-09,3.393474033018803e-09,1.7409614599195865e-10,1.6684139056273444e-10,1.8260432613502393e-09,6.001218024170593e-10,3.6712842213798994e-10,5.098734445513822e-09,1.562261566619388e-07,5.420709054369775e-08,6.716797249727543e-10,2.0264167280892043e-09,1.0942142962228733e-09,1.2460921856111406e-09,9.890492278664378e-09,3.669121538557927e-14,1.7092371635875925e-09,0.009766104622183332,4.481485434472148e-09,290.9691752373022
8a96d9,2.3333333333332575,33707.41262626263,16.168511460109823,70.49595387787542,10.069489155922412,8.056242409160822,5.966585746882723,0.0,7.047297006881648e-11,5.90052935801019e-09,2.946833616686668e-09,9.292113201466808e-10,1.7129321694542433e-09,1.8632115538312726e-09,5.224837678240374e-09,2.6629201093408285e-09,1.51698661456331e-10,1.082874124491004e-10,2.3990806662912615e-09,7.74992186472849e-10,8.375913177911101e-10,2.7063008917371567e-09,1.5524856179114546e-07,5.1898874095226124e-08,5.51019890096053e-10,1.4515242842511988e-09,9.199759485564937e-10,1.844879857251838e-09,1.0811243265138537e-08,2.6660499375684103e-14,1.234152070302778e-09,0.008602759379870567,4.892555823561482e-09,288.52676313875946
8ab246,5.7499999999999245,27571.284188034188,11.984437818838764,79.97368574252609,8.186877563207503,7.684299335821838,5.76202774675336,0.0,1.7076154103951482e-10,1.4482374230955092e-08,6.259877138229072e-09,2.9289903009981683e-10,5.599864806095925e-10,6.47822378108155e-10,4.567868417269944e-09,2.257253856039164e-09,1.5593878349044896e-10,1.2248069737128925e-10,1.1239315190464012e-09,5.369633434926722e-10,5.87926616854279e-10,6.815555299716927e-10,1.399404602544758e-07,4.816985590637232e-08,2.832500488944045e-10,8.987911440444114e-10,7.548670471411007e-10,2.2168344607910453e-09,1.1089439001780351e-08,2.3470405420963912e-14,8.268336056370303e-10,0.0071084943356620545,2.0282311697569365e-09,285.12325308829276
8ab8e5,6.9166666666667425,24652.691081871344,17.226838240134896,70.67217460811268,11.000789622455397,6.20610776128478,5.242469725103539,0.0,2.8741258652132646e-11,2.369716261475727e-09,9.257306526515799e-10,1.436965182693103e-09,2.7364040567645638e-09,3.720723656722274e-09,4.9123144734146486e-08,3.534162474701138e-08,1.3841434289999855e-09,2.629818834833138e-09,1.3436084513561119e-08,3.875239410047977e-09,1.6468336314838243e-09,5.2399908104733015e-09,6.965569079438768e-07,4.424288186688851e-08,5.835569664262281e-10,3.472557355206527e-09,4.450200552074786e-09,2.4563893287925094e-08,3.418509915237318e-08,4.018034577746768e-14,3.2760618676985765e-09,0.009839600687281397,3.9852274930605095e-08,289.61990561659815
8ad4c9,4.083333333333409,25830.10197740113,16.06565010405642,69.71557564178985,9.635095103429704,7.244905470034596,5.919461836983147,0.0,5.707141370145222e-11,4.780972195050306e-09,2.0190906200572754e-09,1.1499921212361422e-09,2.0890756111708473e-09,2.3333751406385106e-09,6.196826387382482e-09,3.1268924210447843e-09,1.6456882323893725e-10,1.1614555287059768e-10,2.5009565310172424e-09,7.345802343848272e-10,8.230602407382155e-10,4.618631453681225e-09,1.6139191502172147e-07,5.278000347064146e-08,5.232644035581485e-10,1.6954707879195636e-09,8.666608437378963e-10,1.6678257533065409e-09,9.61107596844948e-09,2.6741649625306056e-14,1.4450793244667278e-09,0.007875142240423494,4.855866991065815e-09,288.5339786578842
8ae29c,5.6666666666667425,32058.08465909091,13.986356110591215,74.47033865545173,8.878897013996054,6.67625248666592,5.818893644684642,0.0,8.994892408282652e-11,7.59310614133854e-09,3.1576534565999538e-09,4.3387852302005175e-10,8.082171857496231e-10,8.323951341042096e-10,6.258912361070509e-09,3.475626216673963e-09,1.769944690565923e-10,1.6924240584504894e-10,1.1797896434217844e-09,5.907921119901441e-10,4.0365336202122805e-10,2.134698611462298e-09,1.648753739168904e-07,4.778664568934262e-08,3.706110367775092e-10,1.1407571872839105e-09,8.86166731400945e-10,2.2528901887082937e-09,1.0387247298372712e-08,2.7230939697539807e-14,1.2004857247736519e-09,0.007559170456134112,1.649145914704765e-09,286.2882216900639
8b15df,5.9166666666667425,20725.03523809524,8.406746793761476,32.673150916869446,6.0086179838918055,8.19880462869542,8.975692545171867,0.005225972293902563,7.836341127666127e-11,6.4289484327476786e-09,2.5995655765650205e-09,5.587899546256598e-10,9.990872502630462e-10,4.572409940748575e-10,6.913302986942594e-09,4.039512145096105e-09,1.922761621915642e-10,2.11352471791587e-10,1.7616410587699757e-09,6.621010514358473e-10,4.572836919234049e-10,4.001718187441705e-09,1.5713897691734325e-07,5.7110934288819163e-08,6.653923966796098e-10,1.7887692703132972e-09,1.1120443691143148e-09,9.822467350228176e-10,1.024800262909597e-08,3.749235438240195e-14,1.7332175879808955e-09,0.010262189359088035,4.6047894565023464e-09,290.03192411090913
8be3a7,9.249999999999924,32765.864409722224,16.388240969868306,72.79408714193757,11.084840466829155,7.834069300917714,6.013727096405048,0.0,1.0400468235960938e-10,8.73797400885549e-09,3.913849756374377e-09,5.98066690867684e-10,1.1053453436672763e-09,1.1892643780862762e-09,5.057215916824399e-09,2.6269508360868777e-09,1.725569852954108e-10,1.7213525130118824e-10,1.495998336690082e-09,5.32397223272573e-10,3.0843200949089825e-10,1.9082295650951954e-09,1.4608601682231693e-07,5.562198808950298e-08,5.122787826861789e-10,1.0771631377213967e-09,1.1929988467897362e-09,1.5234778003987233e-09,8.709530413296686e-09,3.789545785621906e-14,1.0997819519673206e-09,0.008936937079391347,2.4529568319571547e-09,289.1963495854456
8c3c39,3.9166666666666665,32039.259814814814,12.520961725525732,75.63259577307255,7.822332328344228,7.341932173460852,5.857800001554802,0.0,1.468513258751253e-10,1.2455185056223657e-08,5.1293856597422384e-09,2.421214758116707e-10,4.3872944147459635e-10,4.2787635309764416e-10,5.134069596764846e-09,2.69294964893138e-09,1.7174130321351132e-10,1.5920760900537688e-10,1.1205001451809858e-09,5.557257387918508e-10,6.19137222124156e-10,1.3013170730794274e-09,1.477474992579874e-07,4.4545025102353606e-08,2.632090161926067e-10,1.062698177916942e-09,7.869400960356783e-10,2.4905066721499923e-09,1.2886717010372258e-08,2.2924536474689454e-14,9.233816563498871e-10,0.006977918714869825,2.451585290669258e-09,285.11015766499855
8c895b,5.916666666666591,30314.197565543072,27.01430211625001,71.59646540980856,20.515546798484973,5.669643049474969,5.854850276893226,0.0,1.0329114067315989e-10,8.331573534358506e-09,2.970947852545897e-09,3.7845055494286313e-10,8.011050043586442e-10,1.6422859766757038e-09,1.3808917856647067e-08,1.050114088541652e-08,2.4553826261821954e-10,4.844502417569095e-10,6.3109658340360644e-09,1.1045677566965295e-09,5.850687623178201e-10,1.3644954208907365e-08,2.172267385237153e-07,4.492074160511541e-08,1.0441294669120048e-09,3.1730570025120504e-09,6.612991566525946e-10,2.5802665518442033e-09,8.517132636201302e-09,3.463290346245594e-14,1.2847736050453737e-09,0.015520767302655147,1.8987322190864822e-08,298.7393823692556
8cc0b2,5.916666666666667,916.5833333333334,26.166666666666668,77.95666666666666,21.83333333333333,12.666666666666666,5.485,0.0,2.5076506177435093e-10,2.04608058781728e-08,9.024667284275572e-09,2.860224416221539e-11,5.817704559957286e-11,5.442844686797253e-11,2.81418889374497e-09,1.4854807791449987e-09,9.85851069829125e-11,7.020411608177188e-11,8.415425830816983e-10,2.6005954362555103e-10,1.119979437442404e-10,7.017924772568987e-09,8.835654100159843e-08,4.871429091182777e-08,8.258447020037667e-10,1.7339113428781572e-09,7.820603709105719e-11,2.8601774402045708e-11,1.0222055451363144e-09,1.2411715535092458e-14,6.60495044280133e-10,0.0158917833970815,9.86426900405122e-10,298.1841990430351
8cefb2,9.500000000000076,31555.667994100295,20.71883112346658,76.46748528219798,16.048729005412778,5.826163438729815,7.461316166336886,0.0,6.935284265391854e-11,5.658696570325131e-09,1.8227906141858432e-09,1.0571734344415207e-10,1.7285218098848258e-10,5.963682396326341e-11,2.063023441008678e-08,1.5787783313108584e-08,4.79711449799362e-10,9.553996916880003e-10,2.5668839129567153e-09,1.3236681558890636e-09,1.5656293052084357e-09,1.0981133484243065e-08,3.0043640495380017e-07,4.0686020277865245e-08,6.974407706671128e-10,3.835599750924455e-09,9.881517001223192e-10,3.942317099126093e-09,1.2867253593992718e-08,4.230193078279194e-14,2.266711189406417e-09,0.011449994939935725,1.138903306893634e-08,293.66306250587104
8d1187,4.5833333333332575,30618.613095238095,17.053339312165182,76.38539188663232,12.615961030980472,8.433482772323243,5.92175100577839,0.0,1.041963123162092e-10,8.672200271904616e-09,4.618085665850065e-09,5.624713762600187e-10,1.0270792590890348e-09,1.0254044178014168e-09,8.513585219869007e-09,4.675334482776786e-09,3.39919986891007e-10,4.36210574817264e-10,3.0358283113005227e-09,7.758602695021027e-10,5.847593782298813e-10,2.834723441186303e-09,1.753653370089103e-07,6.00879922588083e-08,5.419202016333138e-10,1.838968343760279e-09,1.1990330919232142e-09,2.0396715170139326e-09,1.1845773548341573e-08,4.0026752498832475e-14,1.9277474084619858e-09,0.010169132554776023,6.2799712569581405e-09,289.3101917455416
8d4752,5.916666666666591,40941.186057692306,12.174948836695537,79.08101083075525,8.196835484673969,7.057336927625645,5.7522341507717405,0.0,1.798038722555653e-10,1.525346159248259e-08,6.524631627928298e-09,1.729638165897e-10,3.2884399822802347e-10,3.4119999563923825e-10,4.57826018777808e-09,2.234658137236934e-09,1.6686279003758678e-10,1.496203975933905e-10,1.088666657100217e-09,5.340856124393173e-10,6.199314350911137e-10,4.849385522911439e-10,1.3951564428391348e-07,4.727398577157135e-08,2.938965368215847e-10,9.140404955684601e-10,9.3279313127115e-10,2.4211052130869294e-09,1.2760419714377395e-08,2.6766310664203626e-14,8.403833710144105e-10,0.007113585852838977,1.9327494023164963e-09,285.4398050941801
8dcf29,5.8333333333332575,30175.30376344086,17.2061980916253,75.40439803296861,12.555427848765131,8.533603001230414,5.886813008330755,0.0,1.0769821166960806e-10,8.961072936798518e-09,4.758131655521623e-09,5.231234445148436e-10,9.52522745314708e-10,9.146712968060917e-10,9.378822489497657e-09,5.220414702926147e-09,3.687178472031951e-10,4.799160477399074e-10,3.2933329291393122e-09,8.130345016243052e-10,7.103626633943226e-10,2.7992554389536046e-09,1.8398238914745382e-07,6.048450821365763e-08,5.618381679580597e-10,1.935294317346904e-09,1.3032436320019578e-09,2.217569959558315e-09,1.2211891046831165e-08,4.03749803933501e-14,2.0431331559806928e-09,0.010256804261731067,6.870158800878398e-09,289.5206338762163
8dd2e5,3.750000000000076,32875.14349206349,12.335992716412992,76.06334326016551,7.6909152297709324,7.272627265705698,5.866026487641637,0.0,1.0084563884386342e-10,8.522812689276455e-09,3.203477773173948e-09,3.225243339357746e-10,6.18137477399359e-10,6.474217895037224e-10,5.184995059138115e-09,2.4941452247506814e-09,1.8282933646263951e-10,1.5730231345321593e-10,1.125270544656357e-09,5.100790863444361e-10,3.079832056806544e-10,1.3146954159878575e-09,1.4835574719195439e-07,4.8989648847267275e-08,3.447721408420698e-10,9.321171691867083e-10,7.817413343009901e-10,1.4034768768749283e-09,1.0004734793064763e-08,2.7713629267107822e-14,1.1034799753491455e-09,0.007086045468991119,1.462950095652225e-09,285.230609433451
8e870b,5.3333333333332575,24781.680985915493,9.249891257861954,68.49663580794686,6.111197055490535,9.024482507874355,6.698743698306638,0.0011915907810297315,2.14254586258203e-10,1.8223562468917712e-08,8.697293113645907e-09,1.0387424366107684e-10,1.840362395811619e-10,1.4899882733914966e-10,3.5064026793086724e-09,1.4450132751510467e-09,1.3943890169879082e-10,8.125575877114301e-11,9.876404002740013e-10,5.106669783327827e-10,2.543525256127304e-10,7.946034593672091e-10,1.2769987242385581e-07,6.157292762380727e-08,2.811721907928643e-10,6.573846459995908e-10,6.511564327278236e-10,3.867023633858703e-10,4.398974475009333e-09,2.7933878375366004e-14,1.0068397451217414e-09,0.006777169423886798,1.5177644221778119e-09,284.68378867485404
8f3ffc,6.0000000000000755,31883.62642857143,16.367802077357087,75.40302169854472,11.437741035870932,7.756114433589409,5.995597593085856,0.0,1.7693407414828799e-10,1.4893984817581194e-08,7.283482839470078e-09,6.162542208385924e-10,1.1492224703951685e-09,1.1316360722946911e-09,3.536607533046851e-09,1.814430214448548e-09,1.3338438154502581e-10,1.3129039929289982e-10,1.4211049124249883e-09,5.041183127244392e-10,2.567265904995813e-10,1.4578252788105304e-09,1.293729245541093e-07,5.5407709524264656e-08,4.355743702468468e-10,9.222719779548526e-10,1.2325640624313061e-09,1.2126353973264816e-09,8.328303820031258e-09,3.502426361940016e-14,8.599805983930313e-10,0.008909980350263552,3.57943282540083e-09,289.42328337456746
8f4f45,8.583333333333409,34938.18052631579,16.618354338932143,72.13836505936878,11.1651753766439,8.984502674014099,5.905520316025235,9.339744105333502e-06,9.790452344297277e-11,8.143293615990442e-09,4.139782061268895e-09,5.267909791772051e-10,9.447712512519666e-10,9.024576191989184e-10,1.0007173067877915e-08,5.682390775490435e-09,4.223747193187382e-10,5.979599489237566e-10,3.2993041500703327e-09,8.933533226455863e-10,6.015333675494179e-10,2.9378391552096877e-09,1.9546700251205534e-07,5.691842715384269e-08,4.59397997723824e-10,1.8962755954779196e-09,1.2257451008150057e-09,3.597185621973918e-09,1.312398481571675e-08,3.623522204546264e-14,1.9826381650693087e-09,0.00958077482282281,8.025169905997053e-09,288.799050116707
8f5198,5.416666666666667,29015.414840182646,18.141772478146056,74.7521236724705,13.145042080779348,7.901543508019396,6.081594649159445,0.0,1.2965722675456122e-10,1.0902560919040272e-08,6.022287700909668e-09,1.266133189795422e-09,2.399206536953849e-09,2.892976853279212e-09,3.0665668583977323e-09,1.0273797651465507e-09,1.1890278567223624e-10,6.651888052269998e-11,1.8334076605981966e-09,4.931045790899334e-10,3.2917097439620573e-10,3.589270175648935e-10,1.2756606054305654e-07,7.115939422719931e-08,8.227806868618419e-10,7.807534065450158e-10,1.7241458289251015e-09,5.865535477837247e-10,4.512832338767291e-09,4.076244715622002e-14,1.0013321650008542e-09,0.010432166843663717,2.388896251044498e-09,291.81166908652807
902337,5.083333333333409,30299.31182795699,27.949951785547817,40.28370504290837,10.154227957150976,6.347214841682012,5.832315904307156,0.0,3.1858312340721984e-11,2.5129848799606117e-09,7.383192846370368e-10,9.917848709344588e-09,2.077223807377341e-08,4.289446998171607e-08,8.275677783836523e-09,3.888086127465926e-09,2.2401256701080608e-10,1.6343100586309302e-10,7.417950048757754e-09,7.740219501634151e-10,3.56613711830023e-09,7.865706486479778e-10,1.7471879576985481e-07,7.650555794834216e-08,1.3580689230399584e-09,4.082182466239908e-09,5.489116471884122e-09,1.7180090051670385e-09,1.5578166157427888e-08,8.878127426190485e-14,2.137682024248795e-09,0.00986128873065465,2.3959822560408943e-08,300.1825901135613
903045,5.916666666666591,32329.07913279133,16.558437033357418,69.30725555867312,10.124577811822517,7.749866769387624,5.90404342650195,0.0,6.153847019248503e-11,5.1453287504022344e-09,2.233022004120428e-09,1.0827532126330905e-09,1.9259583576006232e-09,2.035111728545304e-09,6.494006152309831e-09,3.344861683088923e-09,1.878844731590812e-10,1.7104601927304172e-10,2.706617379377966e-09,7.755892529544042e-10,7.532939542312199e-10,4.018989768738209e-09,1.595479419598081e-07,5.2565381577346756e-08,5.70284053187044e-10,1.5395609105412287e-09,1.1727488603764069e-09,1.7417533157924602e-09,9.0153294527819e-09,3.049835863634133e-14,1.3670750630488503e-09,0.008442153693732912,4.812350545303974e-09,288.92765224481656
90a3fe,5.7500000000000755,29374.065857605176,15.116097343323052,70.44698631812375,8.868855418280633,9.411814729093933,5.856616293747823,0.0,7.357637914106079e-11,6.177177603483651e-09,2.7442420071685216e-09,1.2662686367375603e-09,2.509616510402986e-09,3.706184477416512e-09,6.139546189919656e-09,3.22872999389543e-09,1.7124738055316904e-10,1.4285439386616876e-10,2.4652882262507597e-09,7.084247312435561e-10,9.822002744561888e-10,1.6345016142147423e-09,1.6207358072147017e-07,5.546614276779489e-08,5.797644251560468e-10,1.580938123829087e-09,1.1417962149851074e-09,1.8264432463885294e-09,9.962989477331808e-09,3.345792647492606e-14,1.360995736521008e-09,0.007767822355041589,5.1506861056459594e-09,288.1401274702866
910999,5.1666666666667425,27046.870370370372,13.751624477013205,75.23237431794593,8.797411396260165,7.041654934377595,5.79576078034062,0.0,1.0308957144931907e-10,8.714406812010125e-09,3.919408124514254e-09,5.030791651828607e-10,9.317300307090499e-10,1.0196079477777877e-09,5.992522514589675e-09,3.2051213395086774e-09,1.8742356394198383e-10,1.5849636615624744e-10,1.2325475552022622e-09,5.811275455131112e-10,5.27408982658663e-10,2.0239063910203924e-09,1.645994918975302e-07,4.936802153792866e-08,3.545264696799721e-10,1.1546462088232185e-09,9.083957402144033e-10,2.399908573668532e-09,1.1001439756449856e-08,2.6930765591484398e-14,1.2201742866124334e-09,0.007590665137005451,2.2310562318122583e-09,286.15750624031415
912fa4,1.9166666666666665,34829.96626344086,21.94116543610097,66.44038787224389,14.80553646379653,5.77264700650709,8.030511839328584,0.0002586480276020288,6.631681461532312e-11,5.365581237357099e-09,1.7440141979117713e-09,9.958869315371559e-10,1.7472513442987924e-09,7.858552650230048e-10,1.1608741268006742e-08,8.110399611726052e-09,2.419844394975925e-10,3.488430246362157e-10,1.7324858572554864e-08,9.595733527086987e-10,1.1769724213867831e-09,1.6164418857200733e-08,2.132382090746065e-07,4.537667458016074e-08,9.246577507771389e-10,2.950871765439875e-09,6.514131998594981e-10,4.7748172744969086e-09,8.755318591343147e-09,3.4008805885786533e-14,1.6614930338508774e-09,0.012110578990298312,8.086077661282396e-08,294.5391861184814
91476e,1.833333333333409,32462.502027027025,9.026593785950723,82.54596784462197,5.932702156967029,9.743162265182788,5.691692537656642,0.0,2.962440665222426e-10,2.5258765117983556e-08,1.5195718050713473e-08,1.4500110198784214e-10,2.674636459397429e-10,2.8233985025698003e-10,2.898722549280028e-09,1.100822069761231e-09,1.2029504923261476e-10,6.702511375714723e-11,7.123618596390226e-10,5.12407264981814e-10,2.7117644157641636e-10,1.6664783890683652e-10,1.2443844302348964e-07,5.92314137675382e-08,2.1305593518701083e-10,4.4157582905087433e-10,4.431434679355325e-10,2.297655411145455e-10,3.504281090439565e-09,1.791025703896856e-14,8.297292593847809e-10,0.006125052556184903,6.940678060865648e-10,282.5386741933556
91a3a1,4.2499999999999245,32348.930081300812,13.95147988348797,73.99894364411628,8.721415658437412,6.769613134104522,5.833764547486442,0.0,9.195330893850343e-11,7.762367582855807e-09,3.1798891306235473e-09,5.111987000677547e-10,9.551493568941823e-10,9.991039658899123e-10,6.648088781050128e-09,3.836972419597011e-09,2.1300246573154683e-10,2.7282440343944506e-10,1.1487059028895195e-09,6.312552920691203e-10,4.159331813555449e-10,2.325227454613607e-09,1.7299934318312606e-07,4.845903707443002e-08,3.632310739611672e-10,1.274818567539106e-09,8.5752218146415e-10,2.152985097587319e-09,1.032844593842382e-08,2.6931814704500562e-14,1.2670281031120027e-09,0.00752476811485082,1.7334221500672962e-09,286.3674404704292
920089,5.9166666666667425,26512.939316239317,5.562892023064893,24.33519709845619,3.141837356608107,6.843585174702702,9.301463213071468,0.005706758789302005,3.682524027519146e-11,3.019971709898289e-09,9.932782215765147e-10,4.66703194242169e-10,8.73979411629699e-10,5.375189964682653e-10,7.335418257847839e-09,4.072334973420646e-09,2.1812005290919192e-10,2.171456913331511e-10,1.823322341370371e-09,6.717934461604823e-10,3.9581690737852575e-10,7.99140651153051e-09,1.7099987832280885e-07,5.5559131482223216e-08,6.073809349056709e-10,2.315370593769199e-09,9.938482535484033e-10,1.5688430557185377e-09,1.0657750778299008e-08,3.211738610086003e-14,1.9955723390871343e-09,0.008544663883656997,5.231481150195904e-09,288.823973506968
92926e,6.0000000000000755,33089.9485576923,16.545747550486947,72.84204495757416,11.219368605307931,7.4910519878391035,6.003404104720565,0.0,9.462687594749984e-11,7.962869658279089e-09,3.823277455256281e-09,5.487636770862593e-10,1.0124280586413453e-09,1.0892097106635324e-09,5.3541829553254946e-09,2.8454072096232393e-09,1.8103986359034312e-10,1.9866878950491786e-10,1.5324735735521474e-09,5.435998013141478e-10,3.2001857066796606e-10,2.0308696325720187e-09,1.5014071786227284e-07,5.4675667753149995e-08,4.948951042424695e-10,1.1289033759631242e-09,1.2810269262943395e-09,1.6723147706520315e-09,9.291816522144943e-09,3.5275289941571987e-14,1.13828298478556e-09,0.008982380500325814,2.666475639209498e-09,289.3536467315963
92c274,5.916666666666667,33646.770993589744,8.533048152971102,77.06878395330084,4.219742886141242,7.964276826372542,5.7844391410403535,0.0,8.960582027830389e-11,7.60763330642781e-09,3.22149794027442e-09,1.396865125186211e-10,2.5884995969654855e-10,2.3803872078704237e-10,3.705696483763459e-09,1.7537829012326147e-09,1.3820375326384437e-10,1.0938780046824603e-10,8.798559458510205e-10,6.386130879695341e-10,8.342641508393106e-10,5.373536588355827e-10,1.3675414664178893e-07,5.392934631361193e-08,2.6113924536067415e-10,1.2223575661500541e-09,5.573971816553382e-10,4.428545827271515e-10,5.943857399650047e-09,2.123191292488591e-14,1.4082632836290496e-09,0.005903996388606096,1.4042517663006653e-09,281.47901789058153
943dc0,5.833333333333409,27790.06103896104,5.7431003590821215,25.12694170482544,2.908827942469542,6.834492897189251,9.369129861873187,0.005032053063750484,3.657196890003409e-11,3.0014137358280877e-09,9.776413579704445e-10,3.529213051451088e-10,6.313613286784495e-10,4.201119915125554e-10,7.088513075398227e-09,3.899347849711143e-09,1.9831000869538196e-10,1.8509965478351298e-10,1.8073755790094766e-09,6.440379970006097e-10,3.917110429880748e-10,8.303934999034551e-09,1.6641249474661202e-07,5.554845826736697e-08,5.995918081975206e-10,2.3433812284090092e-09,9.773281897810339e-10,1.5235165279989949e-09,1.0656499401779679e-08,3.180066956417885e-14,2.033979944707518e-09,0.008502619378022193,5.228221746149705e-09,288.7322502263109
9500b7,7.666666666666667,31056.14503546099,13.580240215990383,75.26785143131272,8.693976569358188,6.98642785790275,5.752940314647288,0.0,1.0399287444546284e-10,8.795306141639882e-09,3.940338712766325e-09,4.21953624449206e-10,7.835085731832058e-10,8.009868827503157e-10,6.331556053142117e-09,3.602467764346158e-09,1.8482651499024706e-10,2.0148603527928222e-10,1.2586993022292602e-09,5.918941310591051e-10,4.322542404945877e-10,2.065557641260892e-09,1.6663964923779816e-07,4.785930446559254e-08,3.3880526792392417e-10,1.1675088144379093e-09,9.16838118527006e-10,2.2591294587306842e-09,1.0460205471388102e-08,2.7872353859945926e-14,1.2343798431529812e-09,0.0074460399989042005,2.2413653054278064e-09,286.0299017167326
952a92,6.0000000000000755,25790.2056980057,8.021682095511911,29.95227600463321,5.501810448728928,7.110324984381917,9.369347636357935,0.006902167063007284,6.65055967609699e-11,5.436657817175152e-09,2.153894594124408e-09,5.551765006271396e-10,9.774729985418196e-10,3.819848685091143e-10,6.4847219043560635e-09,3.6933067259824115e-09,1.8770697814834835e-10,2.062748382302237e-10,1.8725552709458945e-09,6.113553786887817e-10,3.823042607192782e-10,5.053655895813115e-09,1.5261927530719097e-07,5.4668682857262156e-08,7.278269677790431e-10,1.9836528808583685e-09,1.1440288439053344e-09,1.1983497404104863e-09,1.032186618532837e-08,4.097427028207765e-14,1.6054735998373452e-09,0.01091559587134447,4.774584908522124e-09,291.85989866296404
9569de,10.166666666666666,35978.12701612903,12.28444752891395,73.70617988960178,7.02967659475412,6.640033462409538,5.7884069949158725,0.0,7.14596586933053e-11,6.0282827881396894e-09,1.978551333094361e-09,3.303571964589023e-10,6.154576756900369e-10,5.922201423732707e-10,7.71971137066446e-09,4.313195556617036e-09,2.1611825110817308e-10,2.2394288025279654e-10,1.4410399390171349e-09,7.422828068130803e-10,6.788099452728229e-10,3.628325921962343e-09,1.874211535768538e-07,4.676506608214583e-08,3.5870616459530165e-10,1.4996057200448633e-09,7.662794216547545e-10,2.122814094319778e-09,1.109612828518596e-08,2.4343214999235034e-14,1.4824760695674033e-09,0.006888247797672273,4.277679896979092e-09,284.79901378547146
95a1b3,9.0,28782.18284789644,18.90145886014951,58.395751980547644,9.784471456082494,4.71219648202149,8.263866274199064,2.905119847792834e-05,2.805563253064162e-11,2.282754360085541e-09,6.328953776533896e-10,3.204762753614541e-10,5.490316784256766e-10,2.2559938886811567e-10,1.9931230157635663e-08,1.5649429485916168e-08,3.4435974261925497e-10,7.018659608031587e-10,3.8961084305907737e-08,1.5258189556112292e-09,2.275325253662758e-09,2.483890646210459e-08,3.2730262593893747e-07,4.460873989732316e-08,7.472109460265423e-10,4.428857231366348e-09,1.036523322182554e-09,9.18203634730518e-09,1.6933589905613123e-08,4.1608453661628855e-14,2.7777019239377932e-09,0.009719851700171788,1.9410535293894813e-07,291.6189932260602
95edfa,3.749999999999924,37579.51586666667,24.201050276829324,76.39754108093474,19.4985000111315,8.037024271919398,5.570305146577958,0.0,1.3319179630602582e-10,1.104161384934074e-08,6.68811032342754e-09,4.160439848151813e-10,7.6156544515396e-10,5.445148748041086e-10,1.8734667124907275e-08,1.2940474159730751e-08,6.016173792490388e-10,1.0908727124746794e-09,7.279815726705582e-09,1.8233090620551717e-09,9.872202811734902e-10,4.980769334725176e-09,2.9584238084307935e-07,6.581806083484322e-08,1.0116440507264617e-09,3.2817858876149767e-09,4.250765676948027e-09,5.6476606037749145e-09,1.877197015263264e-08,5.5103171255370605e-14,3.1652804343977633e-09,0.014541247983720137,1.5795182320018704e-08,295.69248555013644
966e69,7.6666666666667425,33331.04200542005,12.609840293762252,79.15618240053924,8.635008913090894,7.424301639393146,5.915375717796833,0.0004011155016631472,1.4650386843349028e-10,1.2425130732726627e-08,5.3824070054534484e-09,3.3516509242798204e-10,6.30183205934753e-10,6.698420418759555e-10,4.962497295018368e-09,2.6216679031240956e-09,1.6171139349158168e-10,1.4880118474869214e-10,1.3394951125282611e-09,5.486643193097808e-10,5.734872014755763e-10,1.0293277014884392e-09,1.4787494944194502e-07,4.871461652271022e-08,3.466524050155899e-10,9.694585484492326e-10,8.329593335450307e-10,2.347077070799326e-09,1.112113038421806e-08,2.482611918529325e-14,9.082059754735582e-10,0.007381970043634054,2.656009517130283e-09,285.46541663129176
9702a5,5.9166666666667425,31158.561187214615,17.203910522034093,76.29781288524792,12.721838551186346,8.24727367930771,5.8924477977017835,0.0,1.1043766337950006e-10,9.192337650594387e-09,4.973174492491439e-09,5.000392350550716e-10,9.134695996199374e-10,9.063749045801218e-10,8.329362954984157e-09,4.617620831340941e-09,3.326673997769402e-10,4.315876881243353e-10,3.025610493654498e-09,7.547425839830978e-10,6.543419265026227e-10,2.6851197590858042e-09,1.7420229767825963e-07,6.067706153030106e-08,5.547387402027338e-10,1.8496510934679696e-09,1.2673054654087354e-09,2.047586096317909e-09,1.171545137057043e-08,4.0612052326042674e-14,1.939120834211864e-09,0.01031416850235502,6.382364922145256e-09,289.760162200389
9798c9,3.916666666666591,30714.513963963964,27.97931777344991,76.11491193864795,23.13692020200627,5.654895140663669,5.974599408509337,0.0,1.334586319370547e-10,1.0762350027411242e-08,3.773373814628245e-09,1.6908042962048527e-10,2.9012293726178355e-10,1.5905767768053906e-10,1.3529294666111368e-08,1.02651174934378e-08,2.3216656213439268e-10,4.3598826734458625e-10,5.8926304176599015e-09,1.0418178264830302e-09,5.501544211847039e-10,1.1390253385677935e-08,2.042266866238573e-07,4.7059617517776364e-08,1.0646576240905122e-09,3.1349827443989387e-09,5.725143223631377e-10,1.5600147192102446e-09,8.55051746555255e-09,3.663691414121748e-14,1.163747928961222e-09,0.017071623169634023,1.7477004982465326e-08,299.3925697560951
97ba75,5.916666666666667,30889.13156862745,17.318574582384354,75.38433784235923,12.642076567357043,8.554399205253688,5.899662927611951,0.0,1.1163521244492752e-10,9.288146042938984e-09,4.99641088834388e-09,5.118322760206124e-10,9.41783949734169e-10,9.461985507699119e-10,8.764203390934094e-09,4.8405741234515944e-09,3.5011163476870783e-10,4.5653916253831e-10,3.1220056306669452e-09,7.77029158761418e-10,6.329505503958703e-10,2.7390388462846618e-09,1.7800171446251866e-07,6.042370405305839e-08,5.533075857481208e-10,1.8515856649281015e-09,1.2375790286682208e-09,2.0646579117980654e-09,1.1638416066986401e-08,4.07278796037145e-14,1.9583691990341482e-09,0.010243676968064093,6.528337815405767e-09,289.665112203449
982dc3,6.0,26997.23988095238,13.120585119930542,77.57585945771946,8.697242866879396,6.788552189005935,5.840631813732495,0.0,8.795072939364701e-11,7.4018162963966185e-09,2.8039085208220576e-09,3.5957064730464746e-10,7.001578562771946e-10,7.929137583724449e-10,5.4072992453068794e-09,2.50978140295546e-09,2.2368997974001346e-10,1.4325787098009728e-10,1.0536975803965996e-09,5.569641595319375e-10,2.8033736392663724e-10,1.3957747615046179e-09,1.5381592081473726e-07,5.341664984042173e-08,3.9383533865478624e-10,1.0690191961956874e-09,7.519564088214932e-10,1.0333599265070805e-09,9.630333138928949e-09,3.080891996371495e-14,1.2757593556754067e-09,0.007612699963954478,1.4847672655431098e-09,286.15415883509684
984415,4.6666666666667425,25858.44166666667,14.079173460470269,75.2563799694872,9.172425631514391,6.986005109824002,5.844485165120538,0.0,6.586005291765224e-11,5.544672176191453e-09,1.985868453389304e-09,5.353007030534331e-10,9.907558795522716e-10,9.400784426867918e-10,6.515620691048177e-09,3.2859900654290097e-09,2.264174263453047e-10,1.781440512212279e-10,1.3172584707660888e-09,5.749823128445852e-10,3.50711990737381e-10,3.083156048853355e-09,1.6518082914755006e-07,5.1935364456619486e-08,3.8321105142343596e-10,1.3208547362285162e-09,6.983542117158825e-10,1.3698974853418647e-09,1.0347774406364247e-08,2.62576776970073e-14,1.3917179325751176e-09,0.0076446415639920455,1.6535329766256003e-09,286.6787367138053
98614d,5.4166666666667425,28662.898214285717,9.724199937751724,34.80820568195416,6.518354786312608,6.610560080753642,9.444380864308373,0.0042327901321036155,1.0663896280419948e-10,8.878661547819292e-09,4.283275335041942e-09,4.630732165174212e-11,8.421716172062855e-11,4.216939311501347e-11,5.803282801885268e-09,4.18537187476004e-09,2.1411249508675018e-10,4.286113776823491e-10,2.46903217900978e-09,8.701755031221759e-10,6.480332814093085e-10,4.1092167260976296e-09,1.8427100908785497e-07,4.7705318708520526e-08,5.494455323243051e-10,1.8121495130337766e-09,9.319264134755e-10,4.429359316201458e-09,1.314429546248399e-08,4.0012041174356905e-14,1.226502158353909e-09,0.009787032793772407,8.538755414419253e-09,290.77258496175716
989f30,4.5000000000000755,34632.87242798354,26.887074567385774,77.72526183448831,22.286045758316206,5.621061587389462,5.558958475377638,0.0,7.818106819479858e-11,6.241046460034513e-09,1.7092597451097763e-09,4.355542319139112e-10,7.50130900132258e-10,3.4669896330776243e-10,3.1153311308354553e-08,2.2434722245029843e-08,7.235074310138714e-10,1.321791584699072e-09,4.538482070413929e-09,1.7693638155385168e-09,8.814944576209462e-10,1.4973621775976198e-08,4.2790485378382665e-07,4.8858911246572345e-08,1.1420963126145993e-09,4.069079536487795e-09,1.3000629128929094e-09,3.368313525119051e-09,1.2547015127826635e-08,4.445404316653153e-14,2.4931366989905714e-09,0.01632826151099766,7.295916924060079e-09,298.61658741631277
98d94c,7.416666666666591,36637.49861111111,11.670971669116662,79.75972247368821,7.852458278978363,6.682341482688389,5.798326155150005,0.0,1.2229769785021272e-10,1.037603553353733e-08,4.385650968845239e-09,3.241784905311055e-10,6.058355807628417e-10,6.455742945070024e-10,5.380303511102756e-09,2.894243729693368e-09,1.6175701435627815e-10,1.4371512772275698e-10,1.2031412177649875e-09,5.447337783315261e-10,5.710448246001142e-10,1.9026257709511664e-09,1.563108212130773e-07,4.750524949538103e-08,3.0414602914643287e-10,1.0988557439064125e-09,7.371486877285134e-10,1.8116246553063651e-09,1.0412982257608515e-08,2.2644788902372213e-14,1.1079444186082232e-09,0.007089058020800386,2.2393753552877996e-09,284.5019543204027
98e093,6.25,3482.234375,17.100974618885367,59.33349995533576,7.445141101712679,8.151478621600424,5.5805155557828545,0.0,2.6593278860619264e-11,2.1271316518179213e-09,3.9090345070430705e-10,3.18229260223418e-09,6.7537786454402845e-09,1.2999856904698569e-08,1.0339163726565175e-08,4.849419377807047e-09,2.783276360527239e-10,1.9680184339072292e-10,3.457121285227362e-09,9.895902213485276e-10,9.766397544125466e-10,2.304334622860263e-09,2.0417986853274594e-07,7.002539416795121e-08,1.1163148271584039e-09,2.0278630495069497e-09,1.8474825958371643e-09,1.9720061355209823e-09,7.54598927972076e-09,6.408360288735235e-14,1.9261193011897655e-09,0.007085183206648538,4.506158254464963e-09,288.4003179037033
992f1f,8.833333333333258,25551.859633027525,7.610730158875796,27.695626203410036,5.207839868528878,7.144826542653156,9.267173809045753,0.00550546738071633,6.772043843858438e-11,5.5376271827634e-09,2.199221444746787e-09,5.746004091465761e-10,1.0205195316016472e-09,4.031473462513378e-10,6.432956199324395e-09,3.660999157876619e-09,1.8784515302363083e-10,2.0642467070269618e-10,1.8519267852031873e-09,6.100784145610056e-10,3.757586132647236e-10,4.43349222108016e-09,1.5252444611801924e-07,5.490337716939848e-08,7.241857677019871e-10,1.889491305642907e-09,1.150933021522505e-09,1.1779706499700517e-09,1.0180292012061004e-08,4.111412112471377e-14,1.5625926702195643e-09,0.01075154106453341,4.747761913764587e-09,291.7331112285668
99665c,5.083333333333409,30185.134117647056,16.38583173641923,69.98494714900392,9.972442773795022,6.413418858467509,5.58736653734757,0.0,4.3082486223042365e-11,3.575196199859451e-09,1.4089554429067021e-09,4.267848715989836e-11,5.3980483457748863e-11,1.3307811446744022e-11,2.9264914841608393e-08,2.2675330140310027e-08,5.127235937229192e-10,1.1041321965431058e-09,4.732304139284094e-09,1.5408244939751757e-09,1.470290829113341e-09,9.414480841523545e-09,4.714273449989996e-07,4.1181646536960315e-08,3.5802376766963e-10,2.5384864584823394e-09,1.1558646251802542e-09,6.424673191123467e-09,1.7134026752676966e-08,5.749822283786144e-14,3.2086017852250178e-09,0.007774634852535109,3.0881771790248124e-08,286.96620969605885
998afe,10.5,28594.132589285717,17.906767563103084,55.351172686681075,8.696102032835922,4.8880934033769945,8.288880206437403,0.0002609158513224231,2.674918590940262e-11,2.1790863696298225e-09,5.57610471558171e-10,3.3039409964929517e-10,5.742724247790435e-10,2.8928705437741073e-10,1.6552221332595705e-08,1.2893919797110733e-08,3.0476887118928767e-10,6.222235261373487e-10,3.156741973074595e-08,1.317064600492395e-09,1.8644685350584453e-09,2.235326057702092e-08,2.8835042365273424e-07,4.5687333667713294e-08,7.020946587587237e-10,3.887623388815005e-09,1.0705327695312766e-09,7.385397696646237e-09,1.5260856683823086e-08,4.308034690169365e-14,2.5321422492539288e-09,0.00928380287582394,1.4064894365779156e-07,291.4112028607557
99c70f,8.583333333333258,36567.62388316151,17.056808406436062,70.423987869729,10.994726075532268,9.023527162113856,5.788470414136667,9.896334007269388e-06,8.725643045046242e-11,7.2437105012548485e-09,3.510629995902536e-09,8.530995677316842e-10,1.670869443585668e-09,2.449613654505437e-09,1.4606678488779023e-08,8.946550454284708e-09,5.413813733535444e-10,8.089571353585709e-10,4.411177008584576e-09,1.2151171577755023e-09,7.351221225798636e-10,2.7695724742450827e-09,2.5770077084317987e-07,5.6136906062749867e-08,4.773388706170287e-10,2.1407395610292276e-09,1.6343404770585696e-09,7.922333563102942e-09,1.5545636007930643e-08,3.994125842273396e-14,2.056427335837287e-09,0.009571738533239641,1.1777586824962877e-08,289.30428663479734
99e6b4,4.4166666666667425,30375.468495934958,15.547823341793402,78.81784302118605,11.523902791490011,8.492649129074117,6.000088617835955,0.0,2.3124925432075091e-10,1.9484241125185562e-08,9.051112770831071e-09,4.81467399137941e-11,9.8204405739368e-11,1.5491849160959557e-10,1.7539933022961695e-09,1.0025403860385874e-09,5.701292198584465e-11,7.412467674907661e-11,9.700065668847004e-10,2.958392478367602e-10,1.5610220537868813e-10,4.330062791176362e-09,6.851454948396721e-08,4.2012238163174434e-08,2.8579911093590513e-10,8.412170157334332e-10,1.7260834502230077e-10,8.217997702393801e-10,3.884825724239523e-09,1.7387545754798903e-14,5.149971941889329e-10,0.008621273914610969,1.5388512552533005e-09,288.76804459177697
9a0b74,6.0,31410.310699588474,14.263424271190921,73.53794286856404,8.909853051503351,6.779717976180589,5.836845794232366,0.0,9.932496172213126e-11,8.390851195096807e-09,3.7924368525519585e-09,5.03445155569413e-10,9.16279504258911e-10,9.21238357403101e-10,5.784620474629299e-09,3.074518258316735e-09,1.710747549554536e-10,1.4937304139428511e-10,1.2456371387710405e-09,5.577394646790836e-10,3.8344723109077063e-10,2.292693759377486e-09,1.6190304331287956e-07,4.962115260771373e-08,3.5451645456218096e-10,1.1767034406093888e-09,9.572569248495006e-10,2.300965794819288e-09,1.0016527223396112e-08,2.7503031348541757e-14,1.2583732725028347e-09,0.00748022151082936,1.9591272029767562e-09,286.82422587042106
9a2b69,6.5,30583.047101449272,17.65429710964978,72.16854996555222,11.973488646197131,7.525394114270116,5.503032397701234,0.0,5.6910867803692906e-11,4.714744026799624e-09,2.1009278636457134e-09,1.4233198111374693e-09,2.6151509068402484e-09,3.0907567465136575e-09,5.162218908864645e-08,3.7641073089010986e-08,1.4688297923064836e-09,2.911949825064079e-09,1.2843502398690845e-08,3.918001769974657e-09,1.784823630047653e-09,3.8074091835678375e-09,6.971390889399589e-07,4.958254037266067e-08,6.821153794222229e-10,3.2734158629195086e-09,4.250985532729798e-09,2.7710806980547786e-08,3.459654670269345e-08,3.9357692925189683e-14,2.930682765651591e-09,0.01032345225799794,4.3961767862274665e-08,289.96230862731755
9a43bb,5.833333333333333,26847.214784946238,12.117097513172169,79.84291322754444,8.247514373775886,7.608653110493855,5.776770975715728,0.0,1.6089574565882847e-10,1.3652028169001846e-08,6.035485489725672e-09,3.1869816336190284e-10,6.153698863362769e-10,7.420229592847452e-10,4.428901905557415e-09,2.2336906755796313e-09,1.5121463460320726e-10,1.16385624259221e-10,1.070287931628088e-09,5.410585288157633e-10,5.999439828173719e-10,6.721244181645356e-10,1.397150438963017e-07,4.7833849886639544e-08,2.9296656557660623e-10,9.002547994755447e-10,7.413460636622768e-10,2.1220015952322856e-09,1.1139926939526866e-08,2.2869362120390426e-14,8.032727360268864e-10,0.007115051558543842,1.901954142753631e-09,285.12016365457055
9adadf,5.666666666666591,26650.01785714286,5.513067379223968,24.687544588336078,2.907293579892252,6.739314699890617,9.347128199908253,0.004941099490887506,3.4185027118837406e-11,2.8081667610814235e-09,9.153614271879459e-10,3.06521738384083e-10,5.474861228905885e-10,3.741317739310338e-10,7.0368565618053176e-09,4.004305762394539e-09,2.0587622820546462e-10,2.1963756623409595e-10,1.8459684424819158e-09,6.624305239239976e-10,4.0791115266597984e-10,7.3908744941035575e-09,1.6899198669957744e-07,5.516690393807029e-08,5.75167669096763e-10,2.2661406347972335e-09,1.0526972987926086e-09,1.5787924690180073e-09,1.0925423450418044e-08,3.129097897550322e-14,2.015641476551182e-09,0.008447848881599116,5.423447133362995e-09,288.40926104687884
9ba0ac,5.666666666666591,18699.957142857143,17.299322928455922,68.01389234904244,10.714100381595458,4.5859138742518315,6.121861603169465,0.0,3.9518712893610734e-11,3.3044142116767457e-09,6.358034057744976e-10,5.960131035121894e-10,1.1302345414468995e-09,1.1276819860378334e-09,6.793308256711827e-09,3.4052985475952207e-09,2.8093714822094237e-10,1.6229718931545758e-10,9.316513564497243e-10,5.936263056584517e-10,2.811205040032047e-10,7.707243451822381e-09,1.655544491545103e-07,5.1235053328741205e-08,4.5509389221269763e-10,1.7500634081308617e-09,6.463568699171206e-10,6.117740331718314e-10,7.607756652427728e-09,3.178323510461412e-14,1.7128354807367594e-09,0.008089585186836657,1.0301201329029464e-09,288.64241223391747
9bb7bc,6.083333333333409,28170.998837209303,9.2224429777762,34.82239381580939,6.256332683915573,6.563014915863053,9.389509789642517,0.0033395580054636376,1.0139961073543888e-10,8.44519591380193e-09,3.938904708076699e-09,5.466157448123929e-11,9.919209372544202e-11,5.416688179067909e-11,6.90637380686895e-09,4.853264228628682e-09,3.0035760719957103e-10,5.752925404262733e-10,2.6768971884587295e-09,9.848036121249034e-10,7.132441487808653e-10,3.885242799116354e-09,2.048581508644733e-07,4.650012371984525e-08,5.221768596133819e-10,1.9501214202042867e-09,9.953810999923722e-10,5.107677087476641e-09,1.4140983425613109e-08,3.9697311080460116e-14,1.2949370537375957e-09,0.00968309523485643,9.280102351725497e-09,290.3322240332586
9bde3c,5.7499999999999245,30836.689629629625,13.658698285467283,75.29343827026103,8.750800496260142,7.050864155868907,5.791224589147191,0.0,9.285042789797423e-11,7.836074118355856e-09,3.208021493314414e-09,4.638979934084842e-10,8.621140739676221e-10,9.007488520643762e-10,5.913931182708705e-09,3.171946751141427e-09,1.7472384187141974e-10,1.5827794794630502e-10,1.282412702750198e-09,5.767556223399548e-10,4.1795751214957843e-10,2.019971122466498e-09,1.6229195428652284e-07,4.870584209070098e-08,4.080494940047532e-10,1.1139897543957159e-09,8.694949001395949e-10,2.1518069588947258e-09,1.0114085234363488e-08,2.777554114877405e-14,1.1453682665285021e-09,0.007580953475719757,1.7357089346600444e-09,286.34979814718133
9c4bd5,9.750000000000076,29341.620175438595,27.761363112879273,80.12527141850397,23.786384419801553,5.528042665209592,4.63043811619793,0.0,7.91983057886063e-11,6.23622970496915e-09,9.708507603162345e-10,2.922500095017347e-10,4.85220590252021e-10,1.6070226300363555e-10,2.494980724722686e-08,1.6443791392019253e-08,4.0001020672024175e-10,4.846911889116747e-10,1.0223675950224101e-08,1.5634548566074647e-09,2.313839741598734e-09,8.909259701198845e-09,3.160934842017312e-07,6.045028007541657e-08,1.72737494916004e-09,5.792298034376068e-09,2.2846834344246567e-09,8.849214561092937e-10,1.2839850251608438e-08,5.347331544117525e-14,3.913811471054693e-09,0.01770957656672253,1.8510956723451994e-08,299.88143343202313
9c66bc,5.916666666666591,33878.485507246376,16.302068796423804,66.6348107638623,9.291742810205003,7.243443049545966,6.060677035013925,0.0,5.895753992736383e-11,4.948975514921689e-09,1.6458978470679442e-09,7.590833453590358e-10,1.3996373470483585e-09,1.540222074317689e-09,5.325363539366664e-09,2.6168462304641497e-09,1.827236811831431e-10,1.9521924628017886e-10,2.205132143474656e-09,5.494362521389338e-10,3.280159289158395e-10,2.2382447276397287e-09,1.503215684629684e-07,5.972361402851226e-08,5.123903765192709e-10,1.3428980201412221e-09,9.255737982216399e-10,1.0588638652163796e-09,7.225992947760702e-09,2.9971526857053987e-14,1.3281009570863615e-09,0.008922110380240527,2.6818080853810055e-09,289.76619086947846
9cd0b5,6.2500000000000755,31848.165134099618,27.6852791601535,75.06879020303472,22.604635421954374,5.815392314712837,5.9842615559566825,0.0,1.2902235954796056e-10,1.0448833410679422e-08,3.91225377369831e-09,2.358624804543983e-10,4.3051107870989417e-10,3.5526621112670455e-10,1.4303469319594702e-08,1.0831109536022837e-08,2.554355051800782e-10,4.761663435358442e-10,6.005693263765953e-09,1.097845717399939e-09,6.053150044686975e-10,1.247454652257548e-08,2.1350492419541222e-07,4.781465005234571e-08,1.0354286278223131e-09,3.2777801365535276e-09,6.875839492571533e-10,1.8341563883339243e-09,9.38828759829579e-09,3.870112849870638e-14,1.3119372519180067e-09,0.016581121178239424,1.7918260737313946e-08,299.0193243459388
9d4a45,5.7499999999999245,31270.317719298244,9.960702287601658,39.93990341271083,6.312887359528625,6.020067859688029,9.339942813634375,0.006553116938715313,4.9110052319998914e-11,4.002517744481641e-09,1.4576972437250068e-09,5.344203766878813e-10,9.161014466797331e-10,4.1974898572290064e-10,6.048291610225422e-09,3.231046559023778e-09,1.6954640580919823e-10,1.4933836966370037e-10,1.6735519480669948e-09,5.530239200569842e-10,2.8872341443441787e-10,7.749362584218286e-09,1.529921930297148e-07,5.4365102018263066e-08,6.714679012004017e-10,2.2300080693741813e-09,8.920578853461423e-10,9.709126444804119e-10,9.0105241991514e-09,3.430674582453078e-14,1.8152712897429787e-09,0.010125282388282425,3.646118624061716e-09,290.84630746331777
9d4e45,9.500000000000076,31615.567445482866,27.480334834589772,82.42849944969252,24.017568316909237,5.300692486395959,4.844673934623024,0.0,8.22577032254334e-11,6.484317558475147e-09,1.2164705280444128e-09,3.0004423365564645e-10,4.952225799158424e-10,1.7467006092050968e-10,2.1500259142486536e-08,1.3573023538898858e-08,3.7742401976738357e-10,3.8814686298789044e-10,7.733876589067642e-09,1.402086685915505e-09,1.9217474998445686e-09,1.6816043209044463e-08,2.8718530979656423e-07,5.21003789991858e-08,1.5901063062352369e-09,5.191399710913756e-09,1.6638252872380197e-09,6.154788049893692e-10,9.598687661458092e-09,3.7308196417788956e-14,3.0090185447629206e-09,0.017791625436253688,1.3432116776416786e-08,299.8567563695813
9db923,3.333333333333409,34185.77222222222,23.56312566618657,80.4053008966199,19.7686702752025,9.975708600516265,5.693947149382904,0.0,1.6035915057473746e-10,1.3371406307161051e-08,9.08681101955177e-09,4.100466079844455e-10,7.62484513892113e-10,5.929840541248225e-10,1.60162800647885e-08,1.1054469920938544e-08,5.352880202710781e-10,9.678673241105574e-10,6.915758909545213e-09,1.7775404511447636e-09,1.0026873158129662e-09,3.0316494226719496e-09,2.6458757093099423e-07,7.096719181545202e-08,9.911805895819065e-10,3.5312038161847858e-09,4.372652523766992e-09,3.5009070480585884e-09,1.972549820300951e-08,5.979446292574069e-14,3.742330286194749e-09,0.014175843794999863,1.646053955522398e-08,294.8909465475388
9e933c,1.5,20667.622807017542,28.07035523700359,77.95513102960471,23.61711343581114,5.778375673216749,5.933634625170179,0.0,1.1589236847285392e-10,9.336204683058958e-09,3.3620921081805224e-09,2.588436596588496e-10,4.5897550930046406e-10,2.6175027614328317e-10,1.613145840370209e-08,1.2277328508987298e-08,2.9695965679399757e-10,5.75077840710929e-10,6.035838500311394e-09,1.1523021779397142e-09,8.242369716816835e-10,1.1953030725227878e-08,2.3542596544415754e-07,4.4023558353564505e-08,1.0538851332248176e-09,3.3214216100186192e-09,7.387426271689196e-10,2.361691919075948e-09,1.0747906346207902e-08,3.4931156924461945e-14,1.2477704114373627e-09,0.017493732380719617,1.8534112298240134e-08,299.347036735927
9e9ce7,5.7499999999999245,30699.584684684683,18.630873182848756,80.00631834033562,14.808903906492837,5.164893942858296,5.9132433218833045,3.5451811529773594e-05,5.5642967879657165e-11,4.461509051207482e-09,1.4236393704913183e-09,9.95671478505584e-10,1.4494158668713586e-09,2.5242537769244374e-10,1.7445783266989235e-08,1.0986964961177312e-08,4.605491246092474e-10,4.2776840315228054e-10,2.4699035584123625e-09,1.3925466583142077e-09,2.544867973528481e-09,2.1771125509768754e-08,2.6370630358856456e-07,2.6208945729692466e-08,8.185873649831541e-10,3.4185744024483883e-09,1.852478340661367e-10,3.1216071397347033e-09,6.568916064734032e-09,2.2697130473515942e-14,1.656662310183416e-09,0.013282176186747301,1.1288791076716977e-08,292.3361546408844
9ea307,2.999999999999924,32123.77888888889,23.560833029333207,81.51614668093141,19.990391055274177,9.628295672160212,5.692239236009559,0.0,1.538361088948664e-10,1.2829482991897113e-08,8.734765724880322e-09,4.5928061648260486e-10,8.487483162617315e-10,6.486157343449375e-10,1.6291852435656815e-08,1.1394027356428832e-08,5.274053838811875e-10,9.68865237568684e-10,6.757341832106512e-09,1.7618805602851802e-09,1.1965620699132746e-09,3.3270842823943538e-09,2.647450702894343e-07,6.86826092199516e-08,9.85235700473421e-10,3.793136480492713e-09,4.292487343826696e-09,3.633176784555257e-09,2.0939545490482625e-08,5.814334710697414e-14,3.7241702450018e-09,0.014337393226629752,1.7119903763399137e-08,294.97725657227045
9f5094,3.9166666666666665,36536.1875,23.236124308897786,78.11396309751464,18.941568446052628,8.88015706966338,5.637589010836046,0.0,1.4986827561936406e-10,1.2470877853655802e-08,8.016485954036496e-09,4.616435005478776e-10,8.578807931065073e-10,6.862503395997035e-10,1.8659308640592146e-08,1.2999550060427674e-08,6.063989445514098e-10,1.1100677204409082e-09,7.456222698946467e-09,1.9112994665056265e-09,1.1081283877449868e-09,3.00735364556512e-09,2.9800693126322416e-07,6.806691481969708e-08,9.472530981102233e-10,3.209824540362268e-09,4.354616844083388e-09,5.39298885737029e-09,2.0187216368677195e-08,5.6510777788532413e-14,3.4269824475017008e-09,0.01395167262935145,1.7144749162118776e-08,294.715844832376
9f6913,5.2499999999999245,27630.328603603604,16.408304643984987,69.45819553252355,9.918676336150622,7.326186028137329,5.9460878591092285,0.0,5.7616877849906893e-11,4.812054886841374e-09,2.0675834669840386e-09,1.0944559863261171e-09,2.022137718554561e-09,2.3236843946916773e-09,5.617863321643253e-09,2.6431640892529476e-09,1.629516723482464e-10,1.1141601824594286e-10,2.4784955658871753e-09,7.143491351429482e-10,6.773745097641787e-10,4.175801044605414e-09,1.5127269667584403e-07,5.35867301422558e-08,5.698027761009527e-10,1.4999389989914881e-09,9.451161320583656e-10,1.320034040458617e-09,8.683789416487108e-09,2.8471326960896195e-14,1.3221006485290584e-09,0.00828063528763788,4.415167080319953e-09,289.00932408451774
a01d2e,3.416666666666591,29479.988888888893,11.508887242003542,79.86535879999984,7.745900088948981,7.649184334495719,5.778497999017495,0.0,1.7066559598774396e-10,1.448729552377035e-08,6.441220222946928e-09,2.424522081081639e-10,4.49639430036185e-10,4.948002456560218e-10,4.252262645590876e-09,2.139865865928836e-09,1.463516157089658e-10,1.2151941672656217e-10,9.586983218820664e-10,5.271070981074715e-10,5.915205516367311e-10,5.837971988102419e-10,1.3923068108359862e-07,4.732637466874041e-08,2.63518274053766e-10,8.650818903191014e-10,7.254048347268727e-10,2.1349459126064624e-09,1.1291605749034054e-08,2.3416494156464622e-14,8.068330593250345e-10,0.006935774975424964,1.722409655765614e-09,284.4618374933662
a0abfd,7.75,27789.037137681156,23.402332110238852,74.98904464562597,18.212093898905316,6.742776430994332,5.925964060341537,5.3046867410865215e-05,9.409436683293309e-11,7.637552024428662e-09,2.6042947294377915e-09,1.82973868458777e-10,2.9214577721158815e-10,6.926190106119399e-11,1.2621950719175573e-08,8.755939047623411e-09,3.410377444217248e-10,5.367908064469715e-10,1.4862046665591423e-09,8.261482159280017e-10,8.547638746805775e-10,1.3181260980150907e-08,1.9101123575083287e-07,3.795191302466681e-08,8.212210158458251e-10,3.0118552712728153e-09,4.743815473590585e-10,1.5441432743762322e-09,7.0736423208512185e-09,3.557111364666967e-14,1.5185341091732216e-09,0.013242851588640605,4.12729559428167e-09,296.09216342701615
a0bd9f,2.8333333333332575,32438.052160493826,23.573474026810437,78.86333212390994,19.43559623276661,9.087422885656682,5.7281444048267085,0.0,1.4859203743126215e-10,1.2366057264124058e-08,8.021401154055547e-09,3.9273893075508833e-10,7.296287943763685e-10,5.8538003932316e-10,1.444161994332068e-08,9.952161443296602e-09,4.793718563489265e-10,8.604916734777918e-10,6.185495540707734e-09,1.5854347932782243e-09,9.517996105854657e-10,3.235556646792405e-09,2.4274310845132627e-07,7.036048397102819e-08,9.899473325415246e-10,3.3641517825767903e-09,4.114206650377478e-09,2.756691669338464e-09,1.7815168199605278e-08,5.6629156852174365e-14,3.4484632429995458e-09,0.014317169242463191,1.4888952650475284e-08,295.0265947060843
a1deef,7.7500000000000755,26105.3,13.459673216587495,75.76745508409616,8.777514399146298,6.886947553097312,5.82592910647802,0.0,7.344552470661218e-11,6.158956486446578e-09,2.1565370210104032e-09,4.3057688123344953e-10,8.087514119101762e-10,7.628091352573207e-10,6.83955611183167e-09,3.5697768985972124e-09,2.3187797537201795e-10,1.7572892968714803e-10,1.956173130153753e-09,6.161244297125519e-10,3.55084296728401e-10,2.3517476361214218e-09,1.6479770888803261e-07,4.966520253562265e-08,3.4931262962476884e-10,1.2599125484622142e-09,6.588430582860072e-10,1.4508110853817125e-09,1.0748665720768285e-08,2.431415872036609e-14,1.2530203132311156e-09,0.007725021230082313,5.4395280124698515e-09,286.7476322570483
a1f56a,5.7500000000000755,31441.22042253521,14.327465956483914,73.70085896891614,9.073653302743663,6.833172602263227,5.889938001588627,0.0,8.480793649443014e-11,7.1461768208870765e-09,3.0118962468970035e-09,5.555977413291786e-10,1.0186869612384737e-09,1.037146550430987e-09,6.841339081558312e-09,3.920693166893295e-09,2.0323091015560824e-10,2.286047412609412e-10,1.2530480119559618e-09,6.443707381489525e-10,4.3664944301339465e-10,2.221863441625325e-09,1.7540263283382528e-07,4.9248945164525164e-08,3.7836841484814296e-10,1.216216555864109e-09,1.0052942258548333e-09,2.4926642148127303e-09,1.0460375699575444e-08,2.821047437436625e-14,1.2809692248501529e-09,0.007632592397339601,1.9757997804038176e-09,286.70049091414637
a2ce62,6.0,28639.45325203252,11.549312990394842,80.52189200216581,7.925788427672846,7.807721784577434,5.798266976072087,0.0,1.7847946712152022e-10,1.5143841263945156e-08,6.740294797338695e-09,2.1969982924403519e-10,4.15835644154756e-10,4.278577882390538e-10,4.301974635556393e-09,2.140219858351193e-09,1.487563469898568e-10,1.1955461328001629e-10,9.727859299629954e-10,5.298581600032939e-10,5.657868454310027e-10,6.089435500974927e-10,1.3886539350220646e-07,4.838394047016471e-08,2.6633066908316137e-10,8.564622820955436e-10,7.015056636447742e-10,1.9745317630198124e-09,1.0635422313888908e-08,2.3068516731072125e-14,8.108123263414007e-10,0.0070087551254366075,1.6763747276776539e-09,284.76062246196034
a32daf,9.666666666666742,24980.040895061727,6.609884563200969,23.03645860100407,2.943138121432699,6.694704370033286,9.492006443403842,0.004990333543139001,4.230646185926339e-11,3.4675344945271825e-09,1.2361030679579143e-09,4.3256483878574715e-10,7.956426281355274e-10,6.932342269010332e-10,6.797528062095881e-09,3.8712280973327175e-09,1.9344422093042502e-10,2.0002518414252404e-10,1.6612883149586786e-09,6.247129981199878e-10,3.867316693948292e-10,4.912929126679306e-09,1.617989949077971e-07,5.235031627614338e-08,5.527521337833299e-10,1.9616507806372574e-09,9.846190918280906e-10,1.642048300894755e-09,1.1900187747928834e-08,3.846888197945599e-14,1.6151663867825128e-09,0.008190684923285368,4.947955689168997e-09,289.0342425473326
a33bc6,10.000000000000076,28397.632444444447,21.3013589697526,75.50640290302758,16.203749773668864,5.915032550912659,5.832897919792133,0.0,6.795786544167899e-11,5.548315834378948e-09,1.8486358141302407e-09,1.1340321734842279e-10,1.792600688713651e-10,4.9225599292691165e-11,1.774132523017146e-08,1.3237876728556364e-08,4.057084986497778e-10,7.204245336186093e-10,1.9852834648471672e-09,1.1547964822910647e-09,1.4294424545147389e-09,1.4173074921136364e-08,2.5101096998404205e-07,3.839572503271787e-08,7.013967125131461e-10,3.930257174717566e-09,6.50691066780016e-10,2.529040614951754e-09,1.0949201302144238e-08,3.4360513843098305e-14,2.1830266612966355e-09,0.012336155912856623,7.585082481683303e-09,294.55205663676634
a37b5d,7.916666666666667,27645.921376811595,22.62211382214207,75.0290393510409,17.42050424491297,6.51543978679106,5.862406167920325,0.0,8.243128722400181e-11,6.710459591545108e-09,2.283773470952319e-09,1.6703549923381583e-10,2.6870178513174646e-10,6.944999846942444e-11,1.3547819176821218e-08,9.603299072290721e-09,3.4236302081564496e-10,5.618833137899901e-10,1.6053429806808104e-09,8.930428828909371e-10,9.816807999233933e-10,1.3104637211640685e-08,2.0319971510803944e-07,3.816519628216303e-08,7.838302945745285e-10,3.2135467868433017e-09,5.407131201428033e-10,1.6269705130006312e-09,8.020505125671243e-09,3.6190206541927275e-14,1.7309948450759608e-09,0.01271354386356176,4.722836930761386e-09,295.44658752440614
a380c5,5.6666666666667425,31534.534946236556,7.071605164814617,77.20794507783317,2.8258710151164035,7.12871706144766,5.798035339657082,0.0,9.732235652250188e-11,8.274473140517474e-09,4.092568038895723e-09,1.0199836643145488e-10,1.88608146056908e-10,1.6623693792343083e-10,3.172752464751946e-09,1.5868707307255522e-09,1.1819632765536522e-10,8.42111513746033e-11,5.945520061536429e-10,7.704444079364448e-10,1.412055161777511e-09,4.082566113603947e-10,1.3624571069580199e-07,5.2204062033507216e-08,2.0972675883880716e-10,1.7288663673041394e-09,4.5681183562914686e-10,2.721116402803319e-10,6.294467770034469e-09,1.8920381583381756e-14,1.6554595103415163e-09,0.0053129306348072515,1.4624069798786724e-09,279.61635541764156
a38c97,4.4999999999999245,28183.64564102564,16.592099288882025,68.82472376245477,9.902025262963651,7.371073775430255,5.982342462477173,0.0,5.458523114147528e-11,4.56114135047739e-09,1.981086616597574e-09,1.0675427413597696e-09,1.921600113301995e-09,2.1366467313157443e-09,5.504337761883905e-09,2.5545305629235353e-09,1.6222816754179966e-10,1.1034046046927977e-10,2.45846120137228e-09,7.102510511313892e-10,6.123134253399497e-10,4.569173520906046e-09,1.501589767752564e-07,5.414443655811316e-08,5.720517758376686e-10,1.5011537461673642e-09,8.58619474205375e-10,1.2808546738875103e-09,8.850686894178393e-09,2.8492165956055975e-14,1.3519801571092809e-09,0.008247314563311202,4.0323129488693225e-09,289.08908693718035
a3ab2a,2.9166666666666665,19832.47432432432,26.220544881816018,70.25202097945665,19.46462495225036,5.724949011206317,2.868785798050834,0.0,9.377132811135116e-11,7.45642922922737e-09,2.005826820184164e-09,2.4204038937068203e-09,4.594083350452538e-09,5.4246714856722095e-09,6.916938048746539e-08,4.94286709714198e-08,8.888460103246196e-10,1.5385090918480503e-09,9.609180390567173e-09,4.1168555919830714e-09,2.145511103757235e-09,7.712782435317258e-09,8.845925634942089e-07,5.47931483465989e-08,1.3101362468052486e-09,4.5392807542026014e-09,3.4792541927416192e-09,8.451263118343493e-09,2.2563561244551397e-08,5.458043734934563e-14,2.544734454585284e-09,0.01452589468811653,2.3670465067457114e-08,298.53618425547165
a414b2,5.833333333333333,33480.830555555556,26.21112274914456,71.42460734211781,19.58694022841515,4.720440587881283,2.693958186176957,0.0,7.362452987913077e-11,5.8396128110573405e-09,1.3824290357950938e-09,2.580063199695067e-09,4.9190505776862145e-09,5.68258585461283e-09,7.271151475360777e-08,5.28517937009856e-08,9.79901552812861e-10,1.8123485629638804e-09,9.487703467621396e-09,4.611549820683209e-09,1.541315273980042e-09,1.186383949543169e-08,9.369673989670928e-07,5.162151844214078e-08,1.331344375866384e-09,4.251913344273716e-09,2.8749819662649592e-09,1.2003558489735838e-08,2.2047248083668987e-08,5.740549274520002e-14,2.1728189260640045e-09,0.014260769133621601,2.6887157391354475e-08,298.5539332921461
a41bec,1.3333333333332575,34185.55357142857,23.52780784329074,80.313303279466,19.712382337176052,10.019561797302796,5.70969990205473,0.0,1.615667521758416e-10,1.3475625931403173e-08,9.189154771363178e-09,4.0443213032484297e-10,7.506099027967185e-10,5.923914386191777e-10,1.619979677881209e-08,1.1237510811510978e-08,5.387238231966479e-10,9.827326422579758e-10,6.856982175388372e-09,1.7971590608227213e-09,1.0387552999876076e-09,2.9582001541540903e-09,2.671080445829872e-07,7.028082395662179e-08,9.814955646171388e-10,3.5664022349837295e-09,4.32211659732785e-09,3.5033779939931957e-09,1.9770508639642615e-08,5.921870589196058e-14,3.7168898311354657e-09,0.014151104076201008,1.6637668596937513e-08,294.88331149423436
a4a47e,5.4166666666667425,33128.56066066066,12.338157374760113,75.06513250515994,7.4747150894138565,7.235542313751223,5.916089617926675,0.0,9.594942084426885e-11,8.107047008475818e-09,2.907294864178973e-09,3.8299485722955616e-10,7.589691446434798e-10,9.095087959936292e-10,5.349186843590514e-09,2.658716278886383e-09,1.8726965091644737e-10,1.7545253858451553e-10,1.0627002229711929e-09,5.08653720624052e-10,3.1972886836308285e-10,1.3944415589864766e-09,1.4956173546308148e-07,4.63675061170579e-08,2.964647534622414e-10,9.362741850607831e-10,7.277503691593637e-10,1.8059559338875244e-09,1.0833539760325232e-08,2.556554538045742e-14,1.0738076845923635e-09,0.006945917838647996,1.4757349233232027e-09,285.1272605449476
a4f260,0.5833333333334091,19258.70909090909,19.797076426229793,72.32480933424223,14.150429788070163,8.75500319228519,6.114824968108629,0.0,1.490891854090507e-10,1.2396073028012613e-08,5.1230911322923534e-09,1.7895008296657463e-10,3.5004416214438187e-10,4.1743131229950825e-10,3.460544816793686e-09,2.023544967140218e-09,1.0704669411729161e-10,1.2501009400601868e-10,1.130352456335019e-09,3.878152067503998e-10,3.897257110053939e-10,1.1845119778742601e-08,9.539867616216226e-08,4.454791412776915e-08,6.021393339416586e-10,1.9122446577570105e-09,3.554790009187694e-10,2.2908434822774442e-09,7.0458025553953085e-09,2.4072839833106115e-14,9.55850020112166e-10,0.010644948102887209,2.5711364145003462e-09,292.3581201256666
a535d3,5.916666666666667,28524.49009009009,6.235110759455685,25.374892383843267,3.6971757575739788,6.787479688290458,9.417725459770045,0.006202031246488795,3.9062330897629866e-11,3.2012540957986363e-09,1.0779089405989798e-09,4.3803919063791546e-10,7.724368763876415e-10,3.9215868213345424e-10,6.9632827125119505e-09,3.882937379140061e-09,1.9674604093643652e-10,2.0771330356960918e-10,1.942107138758571e-09,6.301944534715991e-10,3.959149184985251e-10,9.313016515321202e-09,1.657840246812222e-07,5.4760490227337104e-08,6.429851686155023e-10,2.5494994282029676e-09,1.0040218571740888e-09,1.6440088535026345e-09,1.1101815564527327e-08,3.047239858317353e-14,2.1498706760018795e-09,0.009058644194675232,5.6750397852648476e-09,289.12905637779016
a558fd,6.25,27119.637992831544,15.946307092078413,69.57790096982595,9.514153009106561,7.402653965725663,5.926560284326785,0.0,5.938442576794672e-11,4.974230555785501e-09,2.0962398310375658e-09,1.1245282766185566e-09,2.036419347195187e-09,2.2369250737363047e-09,6.191037438199103e-09,3.1072609376112942e-09,1.716674511484755e-10,1.2853317534580906e-10,2.4621790187346797e-09,7.395251031986469e-10,7.782887844014638e-10,4.456269919143252e-09,1.5841321723660613e-07,5.1798470959748994e-08,5.106526330457218e-10,1.6426567572553207e-09,8.807343248645727e-10,1.6442402153340767e-09,9.668283561186697e-09,2.744381336769489e-14,1.3815544551801032e-09,0.00790184842647611,4.759905732512173e-09,288.51657350025744
a57a48,6.166666666666591,29346.266877637132,15.518868670520838,67.11585197394274,8.383388538755636,6.286028270039182,5.563390565655648,1.682969184870886e-05,3.757282684446863e-11,3.1229171201622207e-09,1.1108475687519008e-09,4.347880664840005e-11,6.122936442146217e-11,1.4298537699763088e-11,3.366345193368504e-08,2.6493839920627746e-08,5.677875182743679e-10,1.2583023475114549e-09,5.582802908711341e-09,1.7763816050605728e-09,1.716012285096383e-09,9.360424064466778e-09,5.497627716782044e-07,4.2434197369593656e-08,3.5499170302013873e-10,2.7754733327244226e-09,1.372277949804645e-09,8.281079020387906e-09,1.9734932070166448e-08,5.348331265187834e-14,3.436550560087822e-09,0.006819355187503808,3.908314359034062e-08,285.79649532861464
a5a56d,5.833333333333333,33319.49833333333,16.002786355196953,72.70683058014525,10.639502198602917,6.3544354083156405,6.096285560441348,0.0,8.8990214479459e-11,7.498648655843753e-09,3.666093978004804e-09,5.812178082220721e-10,1.080031086934647e-09,1.1557505137581754e-09,4.2615278865433625e-09,2.0296305224400873e-09,1.4614259067592511e-10,1.3022350659486697e-10,1.4689104174896833e-09,5.520923788722935e-10,3.176175577667797e-10,1.6716231070606073e-09,1.4462305387090302e-07,6.048424853565581e-08,4.00580258344129e-10,1.2711394262023391e-09,2.0769828541026898e-09,1.836557495646724e-09,1.1333858505708683e-08,3.341723764260858e-14,1.5830774247782303e-09,0.008886976455089042,2.3981862115161586e-09,289.34993743454334
a5ba39,5.666666666666667,36421.5352303523,12.756866250505684,76.60464619651445,8.105451426802235,6.709010995113839,5.772696468507546,1.6207893904625203e-05,1.1376357562187466e-10,9.636972506568395e-09,3.946521231771458e-09,3.1815268683035543e-10,5.87145572551201e-10,6.118085770879209e-10,6.565041229698135e-09,3.769394901315965e-09,1.948126936378012e-10,2.1278414399042795e-10,1.1869662330551193e-09,5.837320454477063e-10,5.745002391498126e-10,1.7018262054052644e-09,1.6706327754898325e-07,4.5687984146822706e-08,3.199612787891187e-10,1.1025458539316573e-09,8.048433490450399e-10,3.5429039136517812e-09,1.2045868295084213e-08,2.6691428806763544e-14,1.091497354344133e-09,0.00705923823492703,2.1671795324402537e-09,284.92482022695634
a62f1e,6.0,27878.46329113924,12.632721525811927,79.62966188855354,8.717627583202345,7.221810884657416,5.74544086115734,0.0,1.6663958958653523e-10,1.4123281823394978e-08,6.188299155006997e-09,3.5251860234673446e-10,6.679167652735066e-10,7.473015403511149e-10,4.489375347887844e-09,2.1643315043399013e-09,1.6126446852676967e-10,1.351535786791611e-10,1.1371875102646905e-09,5.390799539253488e-10,6.167223142541532e-10,7.948471216600211e-10,1.3883408851778268e-07,4.823336249026897e-08,3.281113351716793e-10,9.72617823154077e-10,8.115594953399805e-10,2.430014533179386e-09,1.2159913844804127e-08,2.7028330495014276e-14,8.456659915338883e-10,0.007445445249057679,1.8487349500245466e-09,285.90134330282154
a6383a,5.916666666666667,32555.864634146343,28.213468686531602,76.96265045759125,23.558534994659446,5.338422060816591,6.030280485514255,0.0,1.3240731061894172e-10,1.0667969008196754e-08,3.7034886446890347e-09,1.7779319647499386e-10,3.006343182890298e-10,1.0922190842677262e-10,1.3026685344145551e-08,9.554357534138763e-09,2.214874778888262e-10,3.842950041124009e-10,5.503487410176914e-09,1.026905647981487e-09,5.173286056555144e-10,1.1983908497971822e-08,1.9815125224469337e-07,4.4730828913960385e-08,1.0714623924145932e-09,3.069146050219779e-09,4.656744754713937e-10,1.404477791295404e-09,7.66096686287354e-09,3.491440100520032e-14,1.088457297604709e-09,0.017438591129027847,1.586257916447932e-08,299.52881439190975
a71410,2.749999999999924,30267.84485596708,16.322411101277254,75.11124490020062,11.344948977093786,7.7512324057609066,6.005239896578633,0.0,1.6903865947990233e-10,1.4225922731275977e-08,6.76635443382006e-09,6.015174753462213e-10,1.1077071315430872e-09,1.0498411579388847e-09,4.247534917730376e-09,2.2852800309989018e-09,1.4818475076912359e-10,1.4816489413566564e-10,1.5357154118838407e-09,5.25726755344805e-10,2.8953865809505236e-10,1.5747568990527786e-09,1.3776118714212707e-07,5.48704778484967e-08,4.602559314997713e-10,9.774784646480157e-10,1.2656316590043012e-09,1.653956959863295e-09,8.832691078099921e-09,3.5608341660126184e-14,8.66453629181555e-10,0.008918432840873307,4.971421645298631e-09,289.3556043421982
a78bff,6.0,27126.090909090908,5.479364042918116,24.002979888787994,3.178809874348597,6.701661480790484,9.331665521799426,0.005214397673494416,3.845254224556481e-11,3.155550412576824e-09,1.1294821490454656e-09,3.555499716281878e-10,6.326442311651445e-10,3.758783670193986e-10,7.070911095638817e-09,4.039519296361129e-09,1.9315311735389215e-10,2.0865252114186114e-10,1.89691272126658e-09,6.437063963340221e-10,4.089075531694702e-10,7.550039713596756e-09,1.670652074052423e-07,5.406669468913403e-08,5.873616678729437e-10,2.318123914341706e-09,1.018591259162035e-09,1.5883512782082477e-09,1.126815297363932e-08,3.1134439701387084e-14,2.011704666054829e-09,0.008757732459744804,5.493325215186126e-09,288.584688166798
a7b964,5.416666666666667,31369.03425925926,14.707243462130782,73.82254599477275,9.429122507750156,6.958704205371078,5.869873756845811,0.0,1.0000422009361536e-10,8.437948828423937e-09,3.4098007981700914e-09,4.944316884727521e-10,9.180013689138297e-10,9.506626867462756e-10,6.037609756766305e-09,3.2663595147139104e-09,1.7584119102762864e-10,1.6405677775984518e-10,1.2598766949112698e-09,5.834619637521464e-10,3.6709000000271483e-10,2.539678000557704e-09,1.5934085345704195e-07,4.9554715524178406e-08,3.9329697370252626e-10,1.1786935263715567e-09,9.192743312442502e-10,2.059546774129575e-09,1.0037146031041664e-08,2.767222012912866e-14,1.2102396137940037e-09,0.0076853784502360495,1.8202824986549791e-09,287.08981670175103
a7dca6,6.0000000000000755,31154.947327044025,16.952274046418633,76.01971062858017,12.37840333551736,8.007968059404279,5.805339138407804,0.0,1.1361796428581086e-10,9.457858351682116e-09,5.125737684564803e-09,5.092542875874737e-10,9.296364743092782e-10,8.772943939879783e-10,8.692824933234558e-09,4.726764271200916e-09,3.6824554174804127e-10,4.800206806458039e-10,3.1510352020732993e-09,7.891391329922843e-10,7.453430966343026e-10,2.573510217835041e-09,1.7609949875192245e-07,6.041346104376915e-08,5.543891546141175e-10,1.900354832470526e-09,1.3441119747133609e-09,2.26366443813688e-09,1.2206777129484391e-08,3.996320673054995e-14,1.927239832481837e-09,0.010285392773683243,6.448148918706033e-09,289.923082532057
a7fe2c,4.9166666666667425,35683.86488673139,24.201446943064887,70.84056657825691,18.26421229396056,8.46997210657738,5.960568034053568,0.0,9.01051413069075e-11,7.399851777536648e-09,3.955464051582084e-09,4.133651817745048e-10,7.47248146711172e-10,5.123612358432795e-10,5.169985942506339e-08,4.054694996951875e-08,1.6300012600576725e-09,3.790802074578118e-09,1.639860621687089e-08,3.6814585251711083e-09,1.6092181253738178e-09,2.8269087526084397e-09,7.106385750078229e-07,4.239416446576956e-08,9.165269616098676e-10,3.423369188665206e-09,6.906937231727915e-09,3.018524480025785e-08,4.380014917249983e-08,4.300355957427156e-14,2.8890905374559807e-09,0.014581082698165361,4.7424791691151666e-08,295.9913698604182
a833d3,7.416666666666591,29083.35292397661,14.586413912910915,71.37045104328415,8.723793475139944,8.899990179798358,5.868585950545938,9.462180641239122e-05,7.694979261593617e-11,6.473358992720365e-09,2.9173676407190094e-09,9.549041132346933e-10,1.8012478582464083e-09,2.303147102113018e-09,7.249046699375543e-09,4.268824041557701e-09,1.8267085843331719e-10,1.9349360955422926e-10,2.4953525444278306e-09,7.607074351952339e-10,1.0270744496844397e-09,1.974681497143969e-09,1.7715223430428425e-07,5.1232832252710035e-08,5.125120629423434e-10,1.654850959296934e-09,1.160409699245053e-09,2.884937708734662e-09,1.164479417678644e-08,3.0102359357497156e-14,1.3196404313231534e-09,0.007611559832722213,6.305961581840967e-09,287.4711207390267
a88a14,5.5,28530.821455938698,9.024021732716612,32.49345138231274,6.044672234203486,6.615985919284235,9.422399212324516,0.003160754858979205,1.0185677788709827e-10,8.485818268865473e-09,3.902537753815441e-09,4.469260021442656e-11,8.100572614949946e-11,4.217985574987517e-11,6.168969490605843e-09,4.392933896654972e-09,1.8440343379751255e-10,3.20992436656743e-10,2.7528328232355025e-09,8.34751333905994e-10,6.706160977589984e-10,3.917139992081539e-09,1.7706037594575298e-07,4.6698376908891664e-08,5.19235087196539e-10,1.7583268118650558e-09,9.956555423074276e-10,4.500289336149695e-09,1.3883478081341495e-08,3.970697855975616e-14,1.2903854117652687e-09,0.00978416890123584,9.812108403648965e-09,290.51686830166756
a891cb,5.7500000000000755,28365.363020833334,12.895373833202605,76.89643281073566,8.407940414598489,6.65917017128386,5.936216416618054,0.0,7.1932326948105e-11,6.054421523515409e-09,2.2194121104683687e-09,3.7518612746936954e-10,7.128789879594596e-10,7.796363111617196e-10,5.548075181492213e-09,2.8659685704911817e-09,1.99425323096519e-10,1.5963132677807048e-10,1.0312957774220004e-09,5.74174396263947e-10,3.462902054910834e-10,1.5807382143682175e-09,1.5859552135626903e-07,5.605990943289809e-08,4.4006217500088674e-10,1.0363251569243322e-09,8.491196757488397e-10,1.2316275551560205e-09,9.258179382402002e-09,2.8055159575399846e-14,1.311942567204029e-09,0.00753504907647295,1.3287982970503838e-09,285.531445008692
a8e3b5,5.5833333333332575,29337.799224806204,14.541333456468907,75.22511169001665,9.543014942316407,6.757484792363216,5.832567450949289,0.0,9.088972585400334e-11,7.648611791575102e-09,3.2434996560760173e-09,6.187891476640641e-10,1.13172403290758e-09,1.225532978234959e-09,6.304871188526994e-09,3.2657046504892958e-09,1.958493676032612e-10,1.5757921311629096e-10,1.2436244048638829e-09,5.696383429987566e-10,5.128384965139395e-10,2.0427442149049646e-09,1.6467574976632836e-07,5.012229794617105e-08,3.761236288764488e-10,1.1837735735940575e-09,9.03369592536691e-10,2.5587101917983564e-09,1.0642442719370213e-08,2.8867191969875934e-14,1.2402917768687063e-09,0.0077696999343732885,1.7357513615661612e-09,286.7960053783796
a96386,2.583333333333409,24507.112643678163,15.10665455991236,72.54833854340669,9.433103624161994,6.671125416168118,5.923562276784467,0.0,5.6013061782914945e-11,4.690340003820111e-09,1.7626647111808815e-09,8.130427951366331e-10,1.5573260705526355e-09,1.9972617093187723e-09,6.782739723725246e-09,3.628153266036581e-09,2.0419719418336885e-10,1.5819760844340422e-10,1.6877900493720848e-09,6.62772932296273e-10,7.472328547604796e-10,3.7568562962826005e-09,1.7244068308863368e-07,5.672712293977414e-08,5.471121649885131e-10,1.76220835424959e-09,1.1147053203227049e-09,1.5039026483481844e-09,9.56458851359768e-09,3.00320933297736e-14,1.617057771010251e-09,0.00824405272359619,3.4026894963899383e-09,288.091133239417
aa005c,7.6666666666667425,33785.80882352941,8.880436104454395,77.22521965732165,4.606124704946042,8.299313068494428,5.788843848619671,0.0,9.24699800534778e-11,7.844954002182281e-09,3.1121026277483494e-09,1.5369174754091783e-10,2.8876889908068986e-10,2.960129926349874e-10,3.760748991517948e-09,1.6898786743489476e-09,1.4448565374270756e-10,1.0871370464302087e-10,8.076189930551763e-10,5.940090170364323e-10,6.35688039670556e-10,3.9194591293172786e-10,1.3482743025587843e-07,5.484216867396105e-08,2.46293623471828e-10,1.0209619917217445e-09,5.933220073840468e-10,4.4992043929280047e-10,5.569455591269835e-09,2.1055611546993304e-14,1.2824377103272507e-09,0.005933855550952325,1.1467641927055355e-09,282.10397949251364
aa31c0,6.8333333333332575,35275.21074766355,27.84224780521812,78.5860361540813,23.510912884975074,6.1103606240652475,4.390836237816449,0.0,7.558399506494796e-11,5.9441657964854825e-09,1.0229260829580186e-09,4.3813899909378517e-10,7.60287398405283e-10,4.3320168325163727e-10,2.7406079598609254e-08,1.7568487448053713e-08,4.1847149939742675e-10,4.750904327518659e-10,1.1149848095932564e-08,1.5553962396302906e-09,2.62948628942006e-09,6.290213069245188e-09,3.3718239402800683e-07,7.279386959713807e-08,2.194977654812913e-09,6.440096405029953e-09,3.4333655975172513e-09,7.805276499112721e-10,1.4536077138080287e-08,6.314917236158348e-14,4.985310363402463e-09,0.017389560417752997,1.6474990786852418e-08,299.9452511793381
aacd4a,5.666666666666667,36306.31453488372,17.47040304471045,70.41838935224578,11.273767388388595,8.806996629147184,5.673429340517135,1.4203371995630721e-05,8.182303939068371e-11,6.782003396814307e-09,3.2527807779654212e-09,9.742659956168685e-10,1.9673314055116687e-09,3.24175402057242e-09,1.8694097665056246e-08,1.1726732317884e-08,6.346737757971025e-10,9.589104582129347e-10,5.626782995522107e-09,1.4497448015750192e-09,8.00429587880353e-10,2.9287418630791285e-09,3.053541256424625e-07,5.609676292423785e-08,5.060826177969986e-10,2.342677025199439e-09,2.1943494406616406e-09,1.0035692096154382e-08,1.7453393967693906e-08,3.99838492884492e-14,2.138272813452766e-09,0.009707483799466466,1.4935049791906187e-08,289.8161926592981
ab49c0,4.0000000000000755,31956.77868852459,20.446565499461535,59.343558395225735,11.34012277417388,5.535926119908322,8.219645306942152,0.0002056216925899392,3.9696401597764034e-11,3.214019547217315e-09,9.974927076690984e-10,5.723505843642808e-10,1.019891876716687e-09,6.458621849251561e-10,1.5733769513006712e-08,1.1808345953783624e-08,2.846814295724941e-10,4.894296127165619e-10,3.2271623849042124e-08,1.2230141894055476e-09,1.7357912231369246e-09,1.8734394770720904e-08,2.679960570804274e-07,4.5815715294298577e-08,8.337649208101869e-10,3.577113751680888e-09,8.864990511151189e-10,7.09955420843708e-09,1.2513165376649385e-08,4.3114896264828666e-14,2.232895097646996e-09,0.010413796343480048,1.4323023049389393e-07,292.9904048447308
ab83ce,2.249999999999924,20559.92,6.314175417121989,26.050311208342993,3.7625666208217385,6.967459996274046,9.302903766218597,0.005683265944454388,4.951103910317938e-11,4.102239568860118e-09,1.611469286078255e-09,2.1349456967313973e-10,3.886628181982996e-10,2.4583587456377253e-10,8.322489120876792e-09,4.712968523230434e-09,3.1623821695070033e-10,4.00624729550398e-10,2.1399446665461353e-09,7.973516630960185e-10,4.847023512384599e-10,4.227291491744914e-09,1.855999873786289e-07,5.940345515159611e-08,6.425449568020709e-10,2.104520832851127e-09,1.1353070129859884e-09,2.2672889632358026e-09,1.0812897018777145e-08,3.5898981173390615e-14,1.9815088605820233e-09,0.00838712101047344,5.90488686439219e-09,288.73959449231546
ab92d7,8.333333333333258,29348.017445482867,27.631899153318418,80.61665936124508,23.72080597302477,5.329564440086233,4.505534519600449,0.0,7.753127660309153e-11,6.104769462994492e-09,1.1277540439587404e-09,2.6943068841950227e-10,4.4467370059907844e-10,1.490045572930317e-10,2.4418688274089543e-08,1.572371512282025e-08,3.913045434749889e-10,4.4670098061661785e-10,9.114583464165254e-09,1.490652914004547e-09,2.2271989742338657e-09,1.0803140949387725e-08,3.1006138623197814e-07,6.25750293493792e-08,1.7985931839035282e-09,5.8902466527957e-09,2.384035573003678e-09,7.070987551250979e-10,1.1905734809395193e-08,5.034647899795332e-14,4.0776088332872835e-09,0.017518543774915758,1.39124129265513e-08,299.7399835976905
ab9e6c,6.25,31779.4512345679,14.262609062673922,74.68729926102844,9.195596860941501,6.819381896107344,5.843453227216694,0.0,9.869793073771767e-11,8.327262161835973e-09,3.562363896088476e-09,5.455590937618352e-10,1.0231938607615969e-09,1.098892141252569e-09,5.800271075041159e-09,3.1861947598613606e-09,1.688614968796039e-10,1.5978540252709553e-10,1.2112855651949177e-09,5.870970226703079e-10,3.763014945608824e-10,2.0598188853328868e-09,1.6129707068001907e-07,5.019414018220136e-08,3.8554626688228886e-10,1.1258250624760743e-09,9.826986865002823e-10,2.1700311559417163e-09,9.77068417753739e-09,2.8684222659868485e-14,1.1786448107696015e-09,0.007682714415489803,1.8353513926832807e-09,286.81118632493644
abb4ac,3.25,30532.342911877397,15.087979741277504,65.19603600690705,7.165725878237783,5.586471545549262,5.968076384640348,0.0,6.60431883575099e-11,5.562553473141039e-09,2.158741772413202e-09,7.302302419940576e-10,1.386119116184738e-09,1.447004107946352e-09,5.262427855054773e-09,3.055467085088291e-09,1.653536413063968e-10,1.9593410361399713e-10,1.0757634842928707e-09,5.124644957815848e-10,2.9141321881023785e-10,5.511103634697157e-09,1.5511496160962207e-07,4.667850873220181e-08,4.2233849143971934e-10,1.2426299404959858e-09,6.36842066931152e-10,3.085661405148693e-09,1.0092109260108256e-08,2.649530519586215e-14,1.1282633096169648e-09,0.006547771292729197,2.4426793720375088e-09,287.3560582296125
ac1a25,8.916666666666666,26150.486111111113,17.947101142652887,72.79530731025413,12.116369145191237,6.728669747485924,5.71138801091894,0.0,7.189052969210524e-11,6.007267549413845e-09,2.3210372992608306e-09,1.3859914217543514e-09,2.6291035827365635e-09,3.4913922104222273e-09,9.49780332884336e-09,6.553055418138217e-09,2.4287020236603824e-10,3.938780793698275e-10,2.6745444480272796e-09,9.42138783503428e-10,1.713450748407423e-09,5.474573624768434e-09,2.1102665395453454e-07,5.798333513807188e-08,6.015964033808864e-10,2.8270100856356288e-09,2.2849513750417078e-09,2.1753309435339036e-09,1.2681439439792912e-08,4.1592172444202574e-14,2.4524683164649414e-09,0.009219445037599463,8.603038073636846e-09,291.0141744215393
ac4df8,1.999999999999924,26122.808771929824,22.737623939285733,79.95136247923388,18.878932411395816,9.01166125645872,5.739979280242574,0.0,1.523907146880886e-10,1.268439993122303e-08,8.329665870865695e-09,4.978544980097352e-10,9.31398335406143e-10,7.609156432383894e-10,1.526059256080069e-08,1.0515824317013467e-08,4.82097552399916e-10,8.474792815847965e-10,5.92796847685632e-09,1.5950093422247666e-09,1.0195621891362518e-09,3.510007396014036e-09,2.5287605557134263e-07,6.771564493138001e-08,9.207150119469693e-10,3.1714233680654302e-09,3.713551448660577e-09,3.6218663215029886e-09,1.816798723933578e-08,4.6684605800263436e-14,3.089908314438997e-09,0.013950946465947424,1.4687382668405663e-08,294.4172287264151
ad3bc7,7.9166666666667425,27817.750326797384,16.02269201664186,69.14675657796225,9.464836204840472,7.296866158775184,5.899113415508084,0.0,5.591216460201977e-11,4.679084420709826e-09,1.953788872555869e-09,1.2279343072007491e-09,2.256707183860974e-09,2.595385156253625e-09,6.138729676702869e-09,3.0362149201900387e-09,1.6910417725288472e-10,1.2249198315824637e-10,2.5802819598496448e-09,7.375532352993735e-10,8.000750470663811e-10,4.494365397218341e-09,1.5747254150575236e-07,5.232173567812683e-08,5.392703411747385e-10,1.6905840008082028e-09,8.776330534669169e-10,1.3866852046822737e-09,9.436202371239843e-09,2.8597496296676137e-14,1.398049247414453e-09,0.0079706605514911,4.7368550741527795e-09,288.56242620272513
add6be,6.4166666666667425,24189.238963963966,15.59218579499417,71.15342664063591,9.696487952326748,9.868019066461905,5.8855464645283435,0.0,7.97217889596576e-11,6.690483347956421e-09,3.1051339583670163e-09,9.903997386385342e-10,1.8604957076115024e-09,2.3293375284000554e-09,5.8532795603718326e-09,3.0256181935603836e-09,1.6127750713234e-10,1.2836964878478365e-10,2.3372772520768706e-09,7.263924621995351e-10,9.95410202124978e-10,1.8534121512558506e-09,1.5926850506459725e-07,5.518952190353246e-08,5.970006908041189e-10,1.6187925904787598e-09,1.1002545000145598e-09,1.9997597606272964e-09,9.994879509034979e-09,3.070993384849694e-14,1.3473770641407912e-09,0.00811056461352436,4.695267481397594e-09,288.58625646612467
addac1,5.916666666666667,33381.471102150535,12.264448893719983,78.93100676900254,8.228641106597516,7.328071427811874,6.537372612895218,0.0,1.4739459424655594e-10,1.2498671663973155e-08,5.528584799903194e-09,2.3173041516485733e-10,4.337479749193308e-10,4.479162739996197e-10,5.517689230701868e-09,3.158407933185783e-09,1.8477078783315342e-10,2.1518099667781062e-10,1.1481782616915624e-09,5.934531401936384e-10,6.329406203008693e-10,1.0412992015507695e-09,1.545134930474909e-07,4.6301834075670714e-08,2.903148393391527e-10,1.0232354179312454e-09,8.593756549983874e-10,2.4457137886293112e-09,1.173912172608689e-08,2.569231551545456e-14,9.262462310397846e-10,0.0071140193540580494,2.4289323952581674e-09,285.05506470157366
ae486d,5.4999999999999245,29524.408641975308,17.993464811912105,80.80198579870054,14.184468995021348,5.108816990824561,5.856726701532788,0.0,5.1781829524416324e-11,4.1399739857212605e-09,1.1820163591207768e-09,1.1209111401558887e-09,1.6246030774506213e-09,2.604843912646947e-10,1.8994467418980792e-08,1.255158585067836e-08,4.686037269403196e-10,5.212933964084509e-10,1.2783381377452632e-09,1.455955066629885e-09,2.571771459982182e-09,2.0536120376884522e-08,2.865478315106723e-07,2.5812501218696847e-08,7.847166084292529e-10,3.4870369390744577e-09,2.4340243699121326e-10,3.442929161543806e-09,7.443331364392384e-09,2.4473697127037822e-14,1.6534958239574386e-09,0.013055009617800007,2.9900493763358407e-09,292.0194970569564
ae496f,5.916666666666667,31167.351576576577,15.724830709027065,78.64152651290992,11.678295608234503,8.612439632234986,5.997907989824815,0.0,2.356003492626328e-10,1.9843519640653407e-08,9.126681950675353e-09,5.136308051990884e-11,1.030121535761174e-10,1.4655486568910014e-10,1.6818665269386428e-09,9.029852051554475e-10,5.6127893189739655e-11,6.597377542299033e-11,1.0439743175166788e-09,2.9103039528992053e-10,1.4943083405250076e-10,3.82988233845499e-09,6.815755874996764e-08,4.3114890248597345e-08,3.120783362794698e-10,8.310204017822632e-10,1.7255387023569605e-10,6.512001104830347e-10,3.4269048428818814e-09,1.8256093836274925e-14,5.193165131065405e-10,0.00871853600742463,1.5320620310008972e-09,288.89837095503526
ae7d89,1.9166666666666665,36190.62472677596,23.55718486091019,77.4586293086007,19.076186564856823,7.706897472963294,5.5264137473707065,0.0,1.3190687575386005e-10,1.0923162878899414e-08,6.430302175097657e-09,5.231427043640046e-10,9.82784915856294e-10,1.1015768836313123e-09,1.790862748915185e-08,1.209647642810989e-08,5.853571762394238e-10,1.0043680142260297e-09,6.938835259897955e-09,1.8566923256669458e-09,1.0135517338201326e-09,6.485806872655188e-09,2.882735536513463e-07,6.371439615239939e-08,9.354983847506976e-10,3.211378668353329e-09,3.843447196024996e-09,4.984464678713407e-09,1.815154840572865e-08,5.248166443469412e-14,3.16160665336379e-09,0.014107249679928312,1.543025649113694e-08,294.99976949128137
aeb367,5.3333333333332575,29862.042361111107,18.202054590378683,74.60616393824732,13.173930064531634,7.921774701026589,6.087345910322706,0.0,1.3125398140723105e-10,1.1040826183976592e-08,6.1613390584486485e-09,1.2534597475090439e-09,2.3627924252226177e-09,2.8167858858926626e-09,2.9736260862411515e-09,1.0103322853125637e-09,1.1247814742274405e-10,6.471221251713559e-11,1.8272048938520148e-09,4.914551837623174e-10,3.2962471370576453e-10,3.100801278709314e-10,1.2700250285011965e-07,7.14094727553929e-08,8.131475447469468e-10,7.704585929112847e-10,1.741586042832864e-09,5.380310683057154e-10,4.48623071177856e-09,4.299120968586496e-14,1.00205505515767e-09,0.01043206515937534,2.292111643746611e-09,291.83190092215705
aee322,5.333333333333409,26413.623774509804,8.476964593939837,30.083098612559507,5.366296715448776,6.687635868208211,9.43980818300058,0.007160549617071645,5.6058622197927225e-11,4.585673598409945e-09,1.6675722112845598e-09,4.6155465346743464e-10,8.130983065168451e-10,3.4554518519044114e-10,6.194907814577302e-09,3.353383468827963e-09,1.8176369503560697e-10,1.6456035579527597e-10,1.8615338304352436e-09,6.102325598867085e-10,3.846726483863541e-10,5.259215241625083e-09,1.540067953117694e-07,5.497491802984707e-08,6.962853328028809e-10,2.0677808914762818e-09,1.0874718408659887e-09,1.5198565679999966e-09,9.948281957180836e-09,3.889883640301873e-14,1.7217004724498244e-09,0.009895480244707187,4.66886916631271e-09,291.55104923981565
af0c6c,6.166666666666667,31772.94605734767,14.223319203337802,74.67155842143099,9.187936925488533,6.896062344503028,5.8597354674530875,0.0,9.996930495271256e-11,8.448677673775289e-09,3.743689381854399e-09,5.241734993519043e-10,9.587422159159286e-10,9.56853253160059e-10,5.7847892199601486e-09,3.1392778760340098e-09,1.6541395600544904e-10,1.5689390886264748e-10,1.2579744506682268e-09,5.691170399924836e-10,3.986749968406935e-10,2.076959286793267e-09,1.6044103931295256e-07,5.053265134638754e-08,4.0158524187852097e-10,1.1656336757326194e-09,8.611243997847807e-10,2.035452751581613e-09,9.770150709262571e-09,2.816656033256506e-14,1.2172200197695956e-09,0.007902114358530766,1.7344352043651218e-09,286.75587064008386
af1773,5.7500000000000755,20303.846634615384,9.30233367666131,34.33021959048062,6.809124478461003,8.256692540097635,9.004508119797094,0.006692375257376431,8.158998008416094e-11,6.693298744120352e-09,2.763404574000086e-09,5.966892338312884e-10,1.0643490807141941e-09,4.451139717974731e-10,6.520093537092852e-09,3.79293899550253e-09,1.8773899196605445e-10,2.0440421653470557e-10,1.727279028801466e-09,6.562782638310076e-10,4.586003399341775e-10,3.3614616383068564e-09,1.5331618138277947e-07,5.6282967515733197e-08,6.514774055802461e-10,1.7047401423861514e-09,1.1168728650042872e-09,1.0467176880787607e-09,1.0245788898806683e-08,3.824861558965257e-14,1.6372832089024537e-09,0.010384952552259416,4.582309615831341e-09,290.10000239909954
af4d0a,2.1666666666667425,29356.21539855073,16.205076618486768,69.93305111572973,11.593828283183296,8.792896528980405,6.528482686844611,0.0012266621824439524,2.2164788969241769e-10,1.8641107173817804e-08,9.48897354730592e-09,4.5111929161423085e-10,8.244778736334774e-10,7.541846632883598e-10,3.06199714685214e-09,1.2432711022276848e-09,1.272860710575656e-10,8.362010191741652e-11,1.3389520035555364e-09,4.719419887190681e-10,2.087875143468537e-10,1.0416508659358056e-09,1.1825792872975295e-07,6.436960618921606e-08,5.814996257178871e-10,7.786012034385549e-10,1.0185612771597295e-09,5.491740670423451e-10,4.836174600923592e-09,4.552412096411254e-14,8.009602763801877e-10,0.009272839797666226,2.353131542143014e-09,290.16858879609737
af4ff2,6.0,31107.997863247867,17.471913177102184,75.88478438840593,12.891572705782652,8.378420307733839,5.875672959776141,0.0,1.0999999907159878e-10,9.14630252034791e-09,4.833887758906999e-09,5.341078299016349e-10,9.836704116932494e-10,9.893820328405867e-10,8.986430678245183e-09,4.954147449900686e-09,3.5322057432904276e-10,4.516298241505171e-10,3.1800557199425625e-09,7.774590490357775e-10,6.676493535735863e-10,2.8537697721404e-09,1.7816046779857364e-07,6.122735763012882e-08,5.762524593506887e-10,1.906178539727076e-09,1.263704966694252e-09,1.996585472009976e-09,1.1554350123377978e-08,4.1314084703673084e-14,1.979674981485354e-09,0.010398237061708825,6.286093680005556e-09,289.9463235207726
b056a3,3.0833333333333335,35556.27347222222,21.655301420454215,77.92036096447757,17.349307601503206,8.713900402796494,5.652163846149918,0.0,1.3836903116655742e-10,1.1534122878733369e-08,7.193277138245851e-09,4.2082894146523213e-10,7.793171388578864e-10,6.508493450516225e-10,1.6946643896300736e-08,1.1428962064336909e-08,5.743160001818178e-10,1.0084593815590659e-09,6.449342877469189e-09,1.720988232447885e-09,1.3588971071906213e-09,3.3551484353740433e-09,2.786493952985589e-07,6.573182869407626e-08,8.859625329560671e-10,3.1067620588388396e-09,3.852909278647048e-09,4.920126818266087e-09,1.880597598203349e-08,5.104031344471403e-14,3.2262435387025745e-09,0.012857893921237151,1.4968782125978982e-08,293.35493843534124
b05aa6,5.9166666666667425,30261.572149122807,16.99812550375952,72.24026299209294,11.518188212168432,7.574144569718865,6.033752750788555,0.0,1.1292705966754872e-10,9.479376492524639e-09,4.527377117932567e-09,8.140003447178152e-10,1.523526703706998e-09,1.6373390965214034e-09,4.232571727512926e-09,2.011594165115927e-09,1.5074009179765476e-10,1.3351757188035633e-10,1.4611231281817082e-09,4.952744910086107e-10,2.961247206840928e-10,2.2837907691728574e-09,1.367459975620536e-07,5.851124401674036e-08,5.611539162390106e-10,1.101978756949576e-09,1.2070056681406224e-09,9.699022519995714e-10,7.33079132989164e-09,3.4912310242921575e-14,1.0842437300980435e-09,0.009204106307096982,2.3208757122378437e-09,290.1200089329118
b12ea9,6.2499999999999245,34234.732492997195,15.99928755655117,72.9898667956596,10.682702427202603,7.432021536753409,6.0815279568402625,0.00017828091134137645,9.430974372825976e-11,7.929707090296407e-09,3.7582415169043355e-09,7.539466420371761e-10,1.4146500556104971e-09,1.5590065049075611e-09,4.799360152659395e-09,2.515310040232481e-09,1.5968169097531966e-10,1.6900501876078743e-10,1.5082486352678267e-09,5.162480655051696e-10,3.5249490806741647e-10,1.964025795469304e-09,1.4637040288692673e-07,5.5296636094386554e-08,4.953228040272865e-10,1.064744942603998e-09,1.2376364729490313e-09,1.4022389442671615e-09,8.509679174493974e-09,3.5140578953181174e-14,1.1157520635872845e-09,0.008715552019855929,2.7429825063202674e-09,288.95582470768153
b19520,8.666666666666666,32335.42216981132,21.59089121413104,74.90039598498744,16.407512139747944,6.116501886501424,5.65118007507858,0.0,7.027521626541176e-11,5.738233597097342e-09,2.632332168813916e-09,8.244652163740487e-10,1.5266315613549438e-09,1.6437250332856984e-09,3.941474941331348e-08,2.8873583101651925e-08,1.0852263249674015e-09,2.110738589654806e-09,9.7713653207795e-09,3.3486511514804225e-09,1.5866212781206992e-09,5.3876531582437625e-09,5.858229953193934e-07,5.529340749631531e-08,9.345254461549927e-10,3.621014351126546e-09,3.864920682922288e-09,1.928792046057313e-08,2.2999095522694215e-08,4.181799716818778e-14,2.983416104525099e-09,0.013155958981796303,2.8573544123696118e-08,293.93183435749603
b1a782,4.4166666666667425,27283.009558823527,23.09236024409401,73.2128778621692,17.454215312863884,6.676437770036972,5.932282331661076,0.0,7.755486485835394e-11,6.268824067194168e-09,1.8194279991522825e-09,2.053204729585106e-10,3.2882895385522953e-10,7.124057803087767e-11,1.4230678295693868e-08,9.92685469826243e-09,3.7047657898646e-10,5.793443649832854e-10,1.4655041358698123e-09,9.398815499871813e-10,9.540594810885106e-10,1.5495480685320952e-08,2.1323354453898438e-07,3.603947209182152e-08,8.119616843998975e-10,3.264946681833722e-09,4.5413737214045636e-10,1.8301221000502557e-09,7.651530974508973e-09,3.35194248023258e-14,1.588021551673246e-09,0.012798693662384744,4.315810654816455e-09,295.8421885813872
b1c35e,5.8333333333332575,14807.212499999998,25.440220596776594,83.81256655860679,22.04364031908023,3.193327277730603,6.12179819513519,0.0,1.1675285354689272e-11,9.385948822814417e-10,3.728245206657951e-10,4.2678491564799776e-10,7.871037900925123e-10,6.996248546258629e-10,9.317397719256732e-08,7.619815754105211e-08,1.8298097210717201e-09,4.4865961932907e-09,9.940242160858314e-09,4.190596483711795e-09,2.067360395314271e-09,2.1754440275926887e-08,1.3561836692903197e-06,3.862776773313301e-08,8.332092098888185e-10,6.706947295635271e-09,5.6664066974811505e-09,7.956757352511723e-08,5.275087670608622e-08,5.187348630182708e-14,2.64016704788059e-09,0.01695083478432345,6.252048576330927e-08,298.5657169529807
b1e355,5.9166666666667425,24803.077116402117,9.098183470021318,33.09356278879846,5.589173627945604,6.706783937594063,9.331614681107755,0.004070320653665842,5.0052016724388123e-11,4.1225616291233055e-09,1.5140641356558895e-09,3.3323966819082247e-10,6.02674293989371e-10,3.6621165157550933e-10,8.631077687885786e-09,5.706341146506118e-09,2.760476250756138e-10,4.531476142628537e-10,2.6939857992382994e-09,9.37412749686429e-10,7.603089578410377e-10,6.414854111475506e-09,2.0646311957249654e-07,5.147071760071004e-08,6.163468437940876e-10,2.5324981031953978e-09,1.6451420155638393e-09,6.660280684309205e-09,1.4933833016462022e-08,3.3922964588712314e-14,2.011593885131176e-09,0.009485023182142284,9.333741261362378e-09,291.1554077304397
b1e777,6.0,29972.950694444447,14.70246193127435,66.90549892450778,7.288015746066167,5.50370569347346,5.947355128840411,0.0,6.611586242782657e-11,5.572043075802246e-09,2.144838072215349e-09,7.900538699909248e-10,1.4916372970875175e-09,1.5009000259032226e-09,5.18402299933342e-09,3.045807968871063e-09,1.5710162427674213e-10,1.8384921001702386e-10,1.0148834322897223e-09,5.172505348712647e-10,2.94290214895971e-10,5.396941202800798e-09,1.5514885823213456e-07,4.613697493231917e-08,4.0902950413138813e-10,1.2107672174996617e-09,6.172621178662309e-10,3.2188239769465134e-09,1.0139417452941541e-08,2.567405425367559e-14,1.107131683365859e-09,0.006624340155600021,2.333767625978021e-09,287.0164950997448
b20e14,6.1666666666667425,29838.45857142857,18.015947510524143,68.95597142275905,11.393770252450212,6.798048656092389,5.819509304781938,0.00034286974730709987,5.1746827129876946e-11,4.2636537985460256e-09,1.741323139954143e-09,1.4972368472939146e-10,2.274073518581007e-10,6.306357647746626e-11,2.3585774065490262e-08,1.7581940242125158e-08,4.441197228366506e-10,8.704234094584645e-10,6.52644576690916e-09,1.2629807369427315e-09,1.2228486742813738e-09,8.923442637826771e-09,3.6757381906631996e-07,4.2570375940647333e-08,4.4998576626707016e-10,2.4276413059946884e-09,1.2806210736188156e-09,4.9110064636671095e-09,1.3836855827615905e-08,6.51595510068928e-14,2.7623086267753605e-09,0.009009575235971004,2.7137097802970344e-08,289.01372187652095
b22735,11.083333333333409,35290.43346560847,28.150626080989962,72.33148625281488,22.31672748859426,5.842833652046581,5.7359801713150445,0.0,7.445044183734902e-11,5.8944455129632605e-09,1.2174034659256395e-09,6.647683391051501e-10,1.1590143652124363e-09,6.404539852577646e-10,3.281172729675379e-08,2.3022503108816474e-08,5.802628092077266e-10,8.626456105685293e-10,7.275804526307809e-09,1.622183839068307e-09,1.5567545007717901e-09,1.3607604542457128e-08,4.3884859500048474e-07,4.3844607204537364e-08,1.1945153452337904e-09,4.573249667515662e-09,1.5082149473296319e-09,4.33013167386527e-09,1.5170011640104432e-08,4.9834261137163244e-14,2.2335769383020286e-09,0.01672443903246397,1.880572855891204e-08,300.06310338236506
b29d94,5.75,28640.5917562724,8.744331656330083,36.222485964835585,5.947778055338317,6.522598902433453,9.395303854979439,0.0036167679741887044,9.86285643257504e-11,8.236848941930948e-09,3.804505340309713e-09,4.6932625872303305e-11,8.644445510643847e-11,6.388417661154653e-11,6.379494430514439e-09,4.657514120817057e-09,2.0676868588893803e-10,3.926139478463758e-10,2.5056616808881515e-09,8.585333338966738e-10,6.78847837550234e-10,3.7939126245897554e-09,1.836767380885785e-07,4.6998654981874906e-08,4.766761618438894e-10,1.8094152415207548e-09,1.0640354698967377e-09,4.405101796891362e-09,1.4268222817652367e-08,3.833610793726621e-14,1.3728282782746378e-09,0.009256608533839444,8.819300221530553e-09,289.5452975644964
b30953,5.833333333333409,27745.950216450216,15.986378736192439,75.65735278422996,11.134770198562425,7.836105004342015,5.977342012442865,0.0,1.652846846325489e-10,1.3890700957671346e-08,6.410859166883279e-09,5.969327438074307e-10,1.1101778597931978e-09,1.1652825807302843e-09,4.045632135643524e-09,2.123272868377529e-09,1.4531473520907472e-10,1.4374556823514542e-10,1.434899673874469e-09,5.128341779058942e-10,2.828849290409481e-10,1.6613247738856712e-09,1.34401954613117e-07,5.4374614142588783e-08,4.671489968350494e-10,9.761291669212282e-10,1.1488662905942517e-09,1.3678428017556093e-09,8.491520710097237e-09,3.3667869979120747e-14,8.898384505946875e-10,0.008866673476170879,3.697598961991208e-09,288.90404254452756
b3b6dc,5.666666666666667,33561.5847826087,16.782041848438514,73.09528079340359,11.472110680076957,7.49897752796333,6.033256156948095,0.0003585852411136548,1.0387328744579244e-10,8.732455050240404e-09,4.173318229759337e-09,6.192089465568998e-10,1.1375487196004554e-09,1.1885497023913383e-09,4.661212513400692e-09,2.401914471408193e-09,1.6238089242112205e-10,1.667832052948033e-10,1.5454668224736972e-09,5.187382230283113e-10,2.987659793697869e-10,1.8601750906242994e-09,1.4345522199238816e-07,5.7092439369917715e-08,5.332481811920872e-10,1.0588047103996806e-09,1.2443255463898037e-09,1.4220816028259753e-09,7.984454246957323e-09,3.7691773294157956e-14,1.0916433314076493e-09,0.009156843420966333,2.865718041410226e-09,289.56810469207784
b3c07d,9.999999999999924,28146.183333333327,22.071210331512077,71.30075130349037,15.767036166868941,6.842017423460505,6.015566818297872,0.0,3.936418113876523e-11,3.2426261898293036e-09,9.226845647653675e-10,1.0318966435800264e-09,2.0885893330878303e-09,2.5880777699495e-09,7.414445612874281e-09,2.9687905796671576e-09,2.7349473450660285e-10,1.1455466013569596e-10,2.0544654225494642e-09,5.020095441806348e-10,3.915918432982618e-10,5.1986558484415465e-09,1.56810656858047e-07,6.082327183758337e-08,9.943890443063889e-10,2.248819325969449e-09,7.468004989452915e-10,3.3324645349834866e-10,4.420454790118261e-09,4.0119194043363725e-14,1.7159130805715593e-09,0.0115981622984965,3.1945207546980336e-09,295.4392130400587
b3d162,3.9166666666667425,30651.004885057475,19.846576161947883,58.290124294796435,10.515765638564897,5.253342822523494,8.333216583890941,0.00028011475059254014,3.517715406182647e-11,2.839508592208941e-09,7.964769659034644e-10,6.086161082520727e-10,1.0698013650689415e-09,5.556502343105767e-10,1.632668296210041e-08,1.2383567226267907e-08,3.0737240442614997e-10,5.716723285547299e-10,3.131991178356997e-08,1.2614253992395297e-09,1.8140112171683576e-09,2.13473426705057e-08,2.7849462698864394e-07,4.461520618569868e-08,8.077953523686844e-10,3.79235969786766e-09,8.585684984393461e-10,7.018600538018024e-09,1.3197085424460146e-08,4.109763701915316e-14,2.356987825518462e-09,0.01010460417146286,1.381614246865157e-07,292.47762019521434
b3e951,6.583333333333409,28247.911486486486,20.87192422838313,73.50077704360642,15.249897056104048,5.967086773071881,5.845519824563847,0.0,5.993466379302099e-11,4.8937081984234354e-09,1.5360091806214834e-09,9.627183561268604e-11,1.5042580272022454e-10,4.068384955415839e-11,2.0307327423967786e-08,1.535124933621292e-08,4.587794506554541e-10,8.612872199301379e-10,2.425179790026453e-09,1.2885181363731122e-09,1.5600166936587475e-09,1.4577589431415299e-08,2.8879476722062213e-07,3.9763347165267654e-08,6.92394885607169e-10,4.077626371012685e-09,7.728296930224003e-10,3.294815944158414e-09,1.2331251474712869e-08,3.731090956099699e-14,2.42287488486184e-09,0.011724549074938957,1.1016644445143274e-08,293.9168856345446
b4cdcb,5.25,32058.65,17.492755364289643,79.4411177271138,13.6666687853062,5.012962430283988,5.916969685584068,0.00012402905166440285,5.391080912263603e-11,4.319411813889396e-09,1.2158096605214998e-09,1.0438150220248217e-09,1.5416734479530452e-09,3.1060635466517215e-10,1.77343390829126e-08,1.1394259319569863e-08,4.351344866623038e-10,4.2922480589881507e-10,1.8861801277525418e-09,1.3980340206858596e-09,2.5987854181923045e-09,2.0521868908440276e-08,2.5898656411722247e-07,2.618174771088627e-08,7.923884548590013e-10,3.424362461725056e-09,1.968570025775922e-10,2.993072221530334e-09,6.832330969227228e-09,2.4981102458741516e-14,1.7252777335682873e-09,0.01303547555234611,6.0159093382181795e-09,291.8540708664746
b4d026,5.9166666666667425,26421.013636363637,8.083754690686298,28.628965486722713,4.304244446528188,6.625312135774325,9.456072969518187,0.006963565520308508,4.363328626373076e-11,3.5652250961814946e-09,1.2340522758476986e-09,4.525208113366736e-10,8.083655680496342e-10,4.919556872723144e-10,6.664446089158615e-09,3.6704085828298434e-09,1.984489664742831e-10,1.79223164920049e-10,1.7106111547594433e-09,6.03727249718276e-10,3.6814809278296406e-10,5.225734544292565e-09,1.581079422559189e-07,5.3165574408522684e-08,5.959344594241899e-10,2.0028564922274838e-09,9.9898210908815e-10,1.4368099119742075e-09,1.1480000995771269e-08,4.091903589767948e-14,1.648000038354436e-09,0.008696943535992348,4.797408785152264e-09,289.6220500399094
b6238b,7.916666666666667,30108.94050925926,12.254428671259,75.33236226878631,7.406723188659255,5.099840286712286,5.840098730343189,0.0,5.3301326064808634e-11,4.493487650006072e-09,1.5444189817875294e-09,4.989045005002746e-10,9.183937407817177e-10,8.791284750973917e-10,6.271239046886831e-09,3.711507823165406e-09,1.582960613621844e-10,1.3431538894261494e-10,8.601071246285679e-10,6.011077116673141e-10,3.6898047067077857e-10,3.641126830519903e-09,1.7089483777277821e-07,4.551784988423707e-08,3.0386962762590216e-10,1.2272973642831639e-09,5.54408407575724e-10,9.683171997381743e-10,8.652671286401898e-09,2.4441687622757574e-14,1.377231927783093e-09,0.006560159403404488,1.2751836249711174e-09,283.59440867396734
b7299a,5.9166666666667425,27300.60789473684,27.293389171448965,82.6889171566171,23.89460104066908,3.358822745723436,5.752874643469325,0.0,7.185489009423691e-11,5.6847087446966886e-09,1.0852020701371112e-09,2.2918365907695504e-10,3.7400259073155534e-10,1.2813773665632245e-10,1.880321687542577e-08,1.2451891761723823e-08,3.9269437713122574e-10,6.313732807690344e-10,3.6677683323591967e-09,2.5102342443273947e-09,3.832267439661272e-09,3.020265760365403e-08,3.0077834277856065e-07,4.4547135426016626e-08,1.4095595052936146e-09,7.544312908796844e-09,7.442615726232183e-10,2.4915558257761046e-09,1.2113516636656947e-08,2.452017776354503e-14,3.1427640840487894e-09,0.01780360981037102,4.966308928065352e-09,299.2549063542275
b7b6b0,5.8333333333332575,33344.67276785714,12.622680646724634,77.48947998474999,8.255972682254534,7.048091640510245,5.77106941662187,0.0,1.3887117208184054e-10,1.1771656147464273e-08,5.053268525319807e-09,4.043099513556534e-10,7.638433146583461e-10,8.330958868801852e-10,5.766679414343319e-09,3.1001634386280484e-09,1.7622166464962603e-10,1.5743828945664608e-10,1.481839925248471e-09,5.493047554713479e-10,5.598984691658818e-10,1.357555456354884e-09,1.559971967166659e-07,4.915957207768739e-08,3.340413625474121e-10,1.0243599930200347e-09,9.003332173642035e-10,2.7495052733422123e-09,1.1075363302692431e-08,2.6936260591555914e-14,1.004681282450501e-09,0.007166389430712338,3.049154171796179e-09,285.4624398449256
b8be68,6.4999999999999245,31394.011764705883,27.99635529488048,56.62681332830371,17.013999313153747,6.940775101679514,5.233385278807015,0.0,3.9779599611021166e-11,3.1649375866673466e-09,8.957675448936855e-10,6.804277626489852e-09,1.2686668327057524e-08,1.676201868533164e-08,2.3397108548416202e-08,1.4237024330985565e-08,5.186921604442342e-10,6.654760464950502e-10,6.764346511973245e-09,2.9635580904100723e-09,8.685315578299328e-09,3.3742922306764515e-09,3.5360457104365174e-07,9.247620079304813e-08,1.930820194137216e-09,7.196599881426356e-09,8.369577626234487e-09,2.3257720598033874e-09,1.9099159766354603e-08,8.598811192935821e-14,5.572756037227294e-09,0.013323852542402478,1.109074989434876e-08,300.24520462077214
b8cf50,5.1666666666667425,30887.48641304348,27.616099701282284,41.09344360554255,10.28585393731424,6.304744339822318,5.884487401803224,0.0,3.257746607546456e-11,2.569180563132911e-09,7.409927225931939e-10,9.477937153824348e-09,1.9774090575399997e-08,4.0219790147568384e-08,8.228454337467105e-09,3.850798785361187e-09,2.271283380283667e-10,1.7003180060801902e-10,7.644867164292632e-09,7.892593715434694e-10,3.5359383262156577e-09,1.0257741082688234e-09,1.7631165287474446e-07,7.634569299501914e-08,1.3447612177323469e-09,4.002663487072161e-09,5.148271525695951e-09,1.676947163537284e-09,1.5072607365036527e-08,8.892671530029919e-14,2.2153258526631245e-09,0.009994471043488013,2.4813293182564544e-08,299.93821029744794
b8e83a,7.583333333333409,35872.32133333333,23.525436928768755,72.03796784364089,17.82054031427604,7.801394013937982,5.750919783187164,0.0,7.472721354275246e-11,6.125161276674326e-09,3.0844658262374896e-09,5.321854337976223e-10,9.207493602223696e-10,6.216066028227239e-10,5.27554759658238e-08,4.094494979887758e-08,1.6200641841189261e-09,3.7094152523415977e-09,1.591486419039554e-08,3.859413271979153e-09,1.7876395929417476e-09,4.874295707233051e-09,7.339270005936011e-07,4.1887792986663765e-08,8.503828698266072e-10,3.637136691687584e-09,6.110486531399646e-09,3.1787345527930615e-08,4.111762721329372e-08,4.415188438276641e-14,3.0000938282864052e-09,0.014141628745905483,4.6016422689029395e-08,295.32273576029564
b8edf3,8.166666666666591,31633.063541666666,21.100868464586767,77.07349286561235,16.43789993366208,5.667091105657598,6.112166363221655,0.0,6.640228248888288e-11,5.412988466319173e-09,1.7117751870118846e-09,1.0225727028000128e-10,1.6333023873125627e-10,5.290421974690256e-11,1.9386733476040015e-08,1.458052394465009e-08,4.786014501635854e-10,9.164173927013045e-10,2.3865356878081566e-09,1.2472691640415856e-09,1.4228725742498215e-09,1.2221056641383258e-08,2.891080589688884e-07,4.0573662253263805e-08,7.007001364974107e-10,3.72097691450037e-09,9.478311329242124e-10,3.634012262556058e-09,1.1830427947910359e-08,3.927939062431386e-14,2.1904874264243996e-09,0.011658871954897258,1.0179115615937696e-08,293.8548088007844
b958cf,9.749999999999924,32158.522284644194,12.90433138087826,74.57953299941177,7.839024714440383,7.394604219241917,5.926635475665048,0.0,8.931948261678128e-11,7.533540369444639e-09,2.6411945062779487e-09,4.112957249649378e-10,7.888314469691395e-10,8.559191473962407e-10,5.6922641398863005e-09,2.7542170858123747e-09,1.9194573337940818e-10,1.5641520687250285e-10,1.180759760894545e-09,5.328852324155995e-10,4.0994097482784715e-10,1.8352138899953253e-09,1.5389198272397325e-07,4.818610315797092e-08,3.454370753040565e-10,1.140654079603173e-09,7.353807581474425e-10,1.7423835637984943e-09,1.0725626727678135e-08,2.8425363105713994e-14,1.2346863582236643e-09,0.007042253309917804,1.4245378607913423e-09,285.6727481370442
b97378,5.833333333333333,32723.963679245284,16.21304988249079,72.7819069033787,10.843170967758152,7.571764879655503,6.0035778233540364,0.0,1.054005112457304e-10,8.863406147830465e-09,3.978508883591968e-09,5.540040592016599e-10,1.0322187770425573e-09,1.1253267641015436e-09,5.42651261859523e-09,2.9375696240737357e-09,1.8518757372568289e-10,2.0644010754440474e-10,1.4817821099639801e-09,5.55131091549481e-10,3.3031834246152686e-10,1.782321470254136e-09,1.4999657934354325e-07,5.420390878323213e-08,4.940752227648301e-10,1.074358608974052e-09,1.2231366578038609e-09,1.880428440410204e-09,9.266449100025923e-09,3.613164815967959e-14,1.080374018785417e-09,0.00880543497625714,2.406642914347093e-09,289.0358395679424
b9a42b,3.833333333333409,24169.498245614035,16.967787625777305,69.98301620471547,10.909409399674441,6.854902592919456,5.702080147982101,0.0,6.005049288149537e-11,4.97112194744847e-09,2.312128803892281e-09,6.325779565287514e-10,1.1895033862320414e-09,1.3919260859442306e-09,3.0846832231124445e-08,2.2650677349637133e-08,7.492206729130126e-10,1.4189332192084486e-09,6.742978526902644e-09,1.986501140154618e-09,6.124922960838863e-09,3.5826963309413787e-09,4.3122199433985805e-07,6.405182662502499e-08,6.618463485756386e-10,4.455639970875358e-09,2.804051027916655e-09,7.2660912525374845e-09,2.566051220826949e-08,5.050116478026103e-14,3.9895333558480575e-09,0.01017720117681778,2.3827397094245706e-08,289.6139775605288
ba118b,7.916666666666591,28553.511797752813,14.826832061629363,64.36447833319615,6.683970528128103,6.638583100585041,5.581730228183315,0.0,4.4370620702794213e-11,3.729012850785488e-09,1.3873715360783549e-09,5.051794439507748e-11,8.186455160070684e-11,2.8142687401145842e-11,3.087218539835037e-08,2.4399023099279147e-08,5.106098267727516e-10,1.1476375479598385e-09,7.53197349849283e-09,1.65077806619055e-09,1.6251322839339605e-09,9.512685842884193e-09,5.169266894792953e-07,4.289709787642842e-08,3.5530990702091233e-10,2.6966590812748765e-09,1.3205767589930086e-09,8.131799660468463e-09,1.85374520779639e-08,4.842935068974255e-14,3.1875947688619385e-09,0.006164782429391214,4.972913506841626e-08,285.4603688071279
baace9,2.9166666666666665,31161.895887445888,14.573646970816936,78.02188788633039,10.373027503504458,8.723713571192103,5.931064882393107,0.0,2.000268756909916e-10,1.688668324556931e-08,7.808613203535538e-09,4.0407872907926415e-11,8.306594130223822e-11,1.3807946035131702e-10,2.125977942562305e-09,1.290134842007149e-09,7.550149613543397e-11,1.1418598936513426e-10,9.058442822297276e-10,3.288678648018122e-10,1.6800313500853678e-10,4.253944964776423e-09,7.407746201929856e-08,4.25631781623295e-08,2.6037818738514e-10,8.849053784523917e-10,1.7656818162926749e-10,6.592371050962676e-10,3.4834265152055305e-09,1.674118435335635e-14,5.827404426145903e-10,0.008030434192732923,1.3866438115003655e-09,287.5724463493861
bab0b7,5.9166666666667425,30844.836142322096,14.16853377220459,73.52777683119102,8.861773125115917,6.63654596791231,5.843124084215752,0.0,8.589373467003489e-11,7.247411093045891e-09,3.008398504575864e-09,5.85831967287153e-10,1.0799592703046445e-09,1.1229485846879169e-09,6.515750391962529e-09,3.6921402802211857e-09,1.8269604422828344e-10,1.844637137661712e-10,1.5060140566987707e-09,5.956220325134834e-10,4.4414375951408865e-10,2.2338023913547808e-09,1.7018879724219398e-07,4.881404545848469e-08,3.784670977706787e-10,1.2594849905458986e-09,1.024911800890607e-09,2.422673453891216e-09,1.0876045552697659e-08,2.7486289340011136e-14,1.2770891121830419e-09,0.00764565492725121,3.1833513250935138e-09,286.54365739989765
bb1802,5.75,32257.72283105023,17.805964689033292,80.18813450028381,14.112403615372408,4.904870656545935,5.882887516794088,7.017301644210974e-05,5.389625163461671e-11,4.318363074152191e-09,1.2145884874164469e-09,9.834648799594372e-10,1.4489039622772325e-09,2.827867951782564e-10,1.702377265545317e-08,1.096109527603795e-08,4.2460827315679e-10,4.249380940813764e-10,2.179763149683202e-09,1.3531279360575236e-09,2.4842044193862196e-09,2.03782138276563e-08,2.527268698369619e-07,2.667266511171728e-08,7.898548727653269e-10,3.375010409859083e-09,2.002682901872859e-10,2.687766838227166e-09,6.686185223646295e-09,2.424990528375459e-14,1.7535428219932256e-09,0.013156626609253399,7.787183094398213e-09,291.97687406654103
bb8c69,6.166666666666667,30345.08943661972,17.964932868894703,69.72506926713491,11.545871008162221,6.846901637418467,5.771503949564289,2.7604627381461976e-05,5.457228319871904e-11,4.493589700361303e-09,1.8264518274081662e-09,1.2956533262743425e-10,1.8623504578296121e-10,5.795689013473481e-11,2.3586027894867583e-08,1.7507771550014607e-08,4.574258711323423e-10,8.766310886009174e-10,6.678835157276484e-09,1.2565926261307678e-09,1.2312629659708524e-09,7.634749030784365e-09,3.605713852457802e-07,4.094421128483835e-08,4.1331896342460797e-10,2.3518177518718555e-09,1.214963992178617e-09,4.711835664826898e-09,1.3812049025470399e-08,6.552917388419568e-14,2.6072305833551475e-09,0.009037701337509179,2.6877823349401316e-08,288.92882263936895
bbbbe6,6.583333333333409,32266.679487179485,21.71758089888281,76.8254247117022,16.957013794441853,6.325137097356102,5.59221826454982,0.0,7.169093225559932e-11,5.8548581993902335e-09,2.8286004206489755e-09,7.928768180907356e-10,1.4531826536836397e-09,1.5789633292627728e-09,3.932815410913648e-08,2.8748477860941728e-08,1.0892395289216597e-09,2.1116509555559345e-09,9.996979432422067e-09,3.399927861552783e-09,1.6363906367715003e-09,4.7126818234915225e-09,5.879881519869527e-07,5.805375141818192e-08,9.726529752049363e-10,3.798503739630158e-09,4.408784813473659e-09,1.8328005989455375e-08,2.3532434773718217e-08,4.490725708028676e-14,3.271070178548033e-09,0.013389463566578243,2.880198669841872e-08,294.33244635796206
bbca42,8.166666666666742,40636.61616666667,24.52212135199094,70.4472124655934,18.473365522113596,8.50554851102758,5.997753564725262,0.0,8.940531050323299e-11,7.336803534011125e-09,3.901025507029809e-09,3.665836318142834e-10,6.499391368484398e-10,3.728884922922246e-10,5.143555684577509e-08,4.042624622843454e-08,1.6430891842776767e-09,3.86509121227179e-09,1.704695236128006e-08,3.656006703370819e-09,1.5772654738186962e-09,2.630775158780651e-09,7.075277979151592e-07,4.2720954569645097e-08,9.317198597181673e-10,3.4308714753633418e-09,7.307535404844938e-09,2.9612186794795933e-08,4.421500955769231e-08,4.610337305377821e-14,2.926200494177373e-09,0.014786093835956858,4.736162574268491e-08,296.2704159252118
bbfea9,7.833333333333409,26427.356944444444,15.989610592706564,69.92196955528756,9.680284412214618,7.296578941660939,5.929210064463687,0.0,5.7698627078344816e-11,4.831904331717816e-09,2.0941185683023626e-09,1.115036048111929e-09,2.0361676123611067e-09,2.3274734871274227e-09,6.2066470031170835e-09,3.1502819652501493e-09,1.6682334511476008e-10,1.237472403234578e-10,2.4567168055949454e-09,7.332677702722408e-10,7.953147300646406e-10,4.441818192564325e-09,1.6043447971429016e-07,5.176807657725047e-08,5.311994464540224e-10,1.6625777976353688e-09,8.732016029450484e-10,1.7772561512618822e-09,9.769437229688655e-09,2.6892229532379795e-14,1.3834277875996558e-09,0.0079610815321974,5.155933132439549e-09,288.4430708098819
bc05ec,5.666666666666667,29110.07533333333,11.809814743306577,74.93967366040386,6.792270184670006,6.734025749645354,5.700740858623348,0.0,5.884373346767102e-11,4.954161991912824e-09,1.6849221287803993e-09,4.612179855924368e-10,8.745914477779622e-10,8.969173200311893e-10,6.7984401425640975e-09,3.6165526790006155e-09,1.9175433851865653e-10,1.555761175849304e-10,1.7745441597859214e-09,6.570004628415109e-10,8.101481324817666e-10,1.8405199722416155e-09,1.685737720753666e-07,4.7130260325270375e-08,3.6299661907871676e-10,1.5092083027848488e-09,8.628166918553316e-10,1.403316755987032e-09,9.141361697305322e-09,2.7667753315855812e-14,1.4675360038923813e-09,0.006912391505608297,5.298876009039017e-09,284.98063983950027
bcc1a0,5.9166666666667425,31225.201449275362,14.10658152526367,74.25912795621963,8.95823540131228,6.797974126619822,5.861883085787236,0.0,9.738742489969382e-11,8.214786452773773e-09,3.5358834240038204e-09,4.760353725265438e-10,8.860152636686989e-10,9.770655586929294e-10,6.6683199645974705e-09,3.81070011768574e-09,2.0438073119987427e-10,2.365154797754944e-10,1.3054889811395337e-09,6.156000957445527e-10,4.214907190668754e-10,1.860628141857736e-09,1.6936695938648985e-07,5.008685100805148e-08,3.888484345002662e-10,1.1872566057535038e-09,1.0407443247520946e-09,2.2543889862864503e-09,1.0510572979827509e-08,2.918155082819082e-14,1.2047169542023139e-09,0.007664649913597181,2.004482761997582e-09,286.5918976852912
bd1872,4.9166666666667425,29080.991777777777,21.188249912703057,74.237974265896,15.939571259402156,5.801711898470594,5.84888573357273,0.0,6.171482434994816e-11,5.030876922969817e-09,1.593633377084532e-09,1.0254002498661805e-10,1.6114996532155714e-10,4.015185253901383e-11,1.856096045663528e-08,1.397474206790449e-08,4.177379691376661e-10,7.61707635865993e-10,2.0555843157256334e-09,1.2012156375449043e-09,1.50570691149948e-09,1.4506318326130822e-08,2.601988926123369e-07,3.8713792039969954e-08,7.132484459547054e-10,4.069940433839859e-09,6.954454891604932e-10,2.7777823411856997e-09,1.1501936852292245e-08,3.624755787183228e-14,2.25332753875811e-09,0.012289473349274486,8.022400802810137e-09,294.65354907069155
bd5727,5.833333333333409,33943.982791327915,17.357054955556496,72.6264377878219,11.903902137612171,7.184415170844987,5.9818793685506515,0.0,9.46557173544219e-11,7.94203292426699e-09,3.6780510957589834e-09,8.016748996146399e-10,1.4882490520784993e-09,1.668104173308602e-09,5.4320729963145e-09,2.9891427021312014e-09,1.7112742152192446e-10,1.8800089724297706e-10,1.7832763312783099e-09,5.680996952850044e-10,3.9830733273142446e-10,3.0791848612556782e-09,1.5372967397748843e-07,5.691156962189172e-08,5.431508900734628e-10,1.22407760562391e-09,1.3958689721159855e-09,1.4296501794704569e-09,8.337545532103036e-09,3.7450946013138145e-14,1.1634407834283e-09,0.009384886187622942,3.1841601345066486e-09,290.0795898629617
be4a91,5.9166666666667425,29147.61844660194,22.97512679754081,71.70617426708219,17.380039268646108,6.973330509306539,6.0201927203127195,0.00023938901422985266,8.908063429525445e-11,7.211325830704663e-09,2.2188100044587427e-09,2.875247123569722e-10,4.673803557265778e-10,1.0713655911269822e-10,1.2859975676606869e-08,8.839724871838534e-09,3.4421249790196997e-10,5.266112830053115e-10,1.4735114372793596e-09,8.509035648233589e-10,8.629430232280384e-10,1.3653212099929138e-08,1.9474822526812326e-07,3.695022599221765e-08,8.227928295927082e-10,3.0163645660559284e-09,5.042127627507821e-10,1.550796444464618e-09,7.184289336922674e-09,3.554974586234532e-14,1.4980458857428419e-09,0.013066191746545134,3.965338856204487e-09,296.04168677115337
be53d6,6.083333333333333,33615.62443502824,17.15490182907282,65.94983488017749,9.946460603906239,7.132913192232819,6.051397093520987,0.0,5.392735297920047e-11,4.498849827795176e-09,1.4884778889845315e-09,8.433024673077176e-10,1.536089984045104e-09,1.7030759826086571e-09,5.4330948885083795e-09,2.7758904674774604e-09,1.8105549786242357e-10,2.0913320466238356e-10,2.491198822410915e-09,5.825692333170902e-10,3.788132302624691e-10,2.38247571281091e-09,1.541113427961232e-07,6.096049124687476e-08,5.787656321432028e-10,1.3997142293039039e-09,1.1307477375179465e-09,1.0550279752162445e-09,6.981220817709327e-09,3.175779312565139e-14,1.3538044235419159e-09,0.009439615087759099,3.6408083494061073e-09,290.50640281886103
be7e9a,5.833333333333333,33050.93768115942,9.072541341280305,77.60660963907176,4.861069918514181,8.138418161060324,5.768563224320888,0.0,1.05049372161403e-10,8.905496693356476e-09,3.5395280606773287e-09,1.4265609574643005e-10,2.654728053579347e-10,2.4959240864997987e-10,3.761434697417314e-09,1.6657149618093362e-09,1.4961270091833904e-10,1.1417912487674874e-10,8.222392632388266e-10,5.861437284684732e-10,6.382681164266069e-10,3.5827258690429424e-10,1.3496759719600902e-07,5.341838177711883e-08,2.3993871785383977e-10,9.72666066815907e-10,6.163880004226923e-10,6.180771524338118e-10,6.790568661874747e-09,2.0656264575143088e-14,1.2014610770210355e-09,0.00603385352219688,1.1983308078398327e-09,282.4018545052221
be8407,7.916666666666591,20988.00939716312,5.953245386338896,28.979356797617545,3.50617409551169,8.047302191908207,9.189988421036976,0.00565124698245392,5.6018850683111515e-11,4.676178757707292e-09,1.908863220216538e-09,2.1266921413780294e-10,3.5391592498811315e-10,1.519413798728134e-10,8.129351911430899e-09,4.960812163355871e-09,2.6518036871967584e-10,3.303320538642667e-10,2.2152680808105473e-09,8.615328204132004e-10,7.119420097689829e-10,3.938436180794003e-09,1.8825845183509983e-07,5.664793216843567e-08,4.6463472751908977e-10,2.0444669747831703e-09,1.6226627898908137e-09,3.6882896697093786e-09,1.4011998727860468e-08,3.187265811295278e-14,2.170487371967408e-09,0.008162533602179244,7.2024065549061615e-09,287.4585432762095
bed435,3.0,19604.611111111113,10.08989016783705,37.635951902068385,7.225771131426993,8.096004362270905,8.900339468971932,0.00632886812107139,7.596140720545798e-11,6.22772598245895e-09,2.5249203316436443e-09,6.428194325919081e-10,1.1527303504672449e-09,5.21699770845337e-10,6.966392177169869e-09,4.1283050899448325e-09,1.9363851804542568e-10,2.2488929359713655e-10,1.858066099759612e-09,6.730555395031874e-10,4.794509459744468e-10,4.741588274236296e-09,1.5807813210125712e-07,5.5744209372352815e-08,6.834756477642748e-10,1.8620944097249853e-09,1.133162365325324e-09,1.2403523357314912e-09,1.088961488525989e-08,3.876815493748588e-14,1.705564482004487e-09,0.010616776182539528,5.029212911998238e-09,290.74113558125725
bef93d,5.8333333333332575,30646.651646090533,17.13278006788352,75.69653236389598,12.529837315739117,8.540278773947765,5.887289227542046,0.0,1.1152114558221423e-10,9.282089733987571e-09,5.045030882589789e-09,5.078388857355794e-10,9.202324989845745e-10,8.86414274274534e-10,8.991144947551178e-09,4.987946802067846e-09,3.563044759532553e-10,4.653809177693554e-10,3.2158972115441806e-09,7.956248242493953e-10,6.941657294041019e-10,2.7260445288547423e-09,1.809034053681865e-07,6.063995063276251e-08,5.518513136242246e-10,1.8870842053019553e-09,1.2424094888571454e-09,2.213946031616636e-09,1.1891621706127388e-08,4.1094838860490906e-14,2.0047153379847366e-09,0.01021458420925333,6.6291272856381695e-09,289.46722873982634
bf2f01,7.583333333333333,31002.49696969697,11.788279107641616,79.71878885269359,7.946566997666739,7.397424383711757,5.771179917075715,0.0,1.659660982067132e-10,1.408805524110605e-08,6.1043169739094585e-09,2.050969993362735e-10,3.872186730216026e-10,4.1311443705676406e-10,4.488951130432191e-09,2.284155028826308e-09,1.5216129597023268e-10,1.2872818137980053e-10,1.053184954501683e-09,5.351240516853414e-10,5.854629398276425e-10,7.180036201886895e-10,1.410418867221681e-07,4.7317437701921145e-08,2.812747548666802e-10,9.179411374565647e-10,7.412496286470994e-10,2.1735966889699827e-09,1.1099599692030348e-08,2.294666439247258e-14,8.407026939491529e-10,0.006978293136428768,2.189533171359907e-09,284.68232144768297
bf86a5,7.416666666666591,26133.359057971014,26.077506660026593,76.7912352607978,21.329610892721675,5.800027045430897,5.552380178911834,0.0,8.70418467009283e-11,7.0379021734868225e-09,2.790293693652411e-09,4.3722004304144606e-10,7.484431774339197e-10,4.1743829198022157e-10,3.0537837920029555e-08,2.2113901542663248e-08,7.177496056070555e-10,1.3061392028577417e-09,4.807687001294684e-09,1.8906880939473164e-09,1.4231807062300705e-09,1.368717720931463e-08,4.351072389396139e-07,5.1688047223638196e-08,1.1404004971008977e-09,4.056598772369993e-09,1.50818547486527e-09,3.8695159719928395e-09,1.3314445254393199e-08,3.9919650813106774e-14,2.6853996658222075e-09,0.015879077519693887,8.875971102046038e-09,297.7542765600099
bfbca1,5.75,23715.786036036036,16.92764532409048,67.59416504500328,9.958407477326476,7.382737162741496,5.947367515671518,0.0,5.3135461679879643e-11,4.43546789498481e-09,1.795617062150731e-09,1.0614831421019671e-09,1.9261464518570814e-09,2.12869457796259e-09,6.164517255924474e-09,2.9907710613881234e-09,1.7128413705094562e-10,1.1653865904634933e-10,2.4896123340416147e-09,7.146072772261108e-10,8.412690591439435e-10,5.242230009257785e-09,1.5718634639293191e-07,5.361717288005504e-08,5.931247232102328e-10,1.7543386686413993e-09,9.85255998761154e-10,1.916363219418598e-09,9.237060570124827e-09,2.816210057124943e-14,1.4356724100379902e-09,0.00787992282731964,4.2606429356171866e-09,289.0930893678831
bff67c,6.0,27550.331960784315,11.968454563602657,78.92450908855884,7.946064166427769,7.542439820475591,5.77736752483476,0.0,1.6669209692098151e-10,1.4140656744121373e-08,6.157999563462257e-09,2.8977761956201976e-10,5.519389747378715e-10,6.364488595286348e-10,4.514763056358711e-09,2.309376417695067e-09,1.506682590219102e-10,1.269044826338727e-10,1.19478908276999e-09,5.346837492484551e-10,5.962847894491557e-10,6.358413682190771e-10,1.415368104425185e-07,4.800656459044769e-08,2.945542620057041e-10,9.009285003698296e-10,8.018274753636188e-10,2.185344464676596e-09,1.120998994082079e-08,2.4522042970664494e-14,8.083777293636633e-10,0.007098059471782253,2.1934468902600545e-09,285.04182636837794
c02800,6.9999999999999245,34891.4284883721,16.6579369542004,72.20988534549082,11.166462022385899,8.696426586500094,5.88990502831488,4.511779657749883e-05,9.541751352009658e-11,7.925180123208383e-09,3.998395264628889e-09,5.709676054532464e-10,1.046732862377486e-09,1.1011584369546161e-09,1.2176156748681685e-08,7.560182921993075e-09,4.648382602373688e-10,7.173013092635216e-10,3.457425618424834e-09,1.0780362570418121e-09,6.655494237776081e-10,2.9022919678175417e-09,2.2340655068821397e-07,5.6871731066428544e-08,4.775822313092332e-10,1.98325032624301e-09,1.3845479171905598e-09,5.793939644371629e-09,1.393017633023102e-08,3.8191020606922076e-14,1.9367403410520004e-09,0.009723323465965585,1.0497254212291981e-08,289.10817180127617
c0b941,7.833333333333409,29027.827235772358,27.38378431731459,82.49896054790689,23.934369853639815,3.6732288612053208,5.668022830872063,0.0,6.187766740439661e-11,4.87967815944224e-09,8.4816805196983e-10,2.1320944058072284e-10,3.4083164814139734e-10,1.052884127404743e-10,2.3458954748813528e-08,1.5427864821725734e-08,4.969361542233764e-10,8.025817017550005e-10,3.907617907695694e-09,2.9355737191260577e-09,4.223086878386992e-09,3.227195273804204e-08,3.667269783651592e-07,4.617330925981009e-08,1.5278273066779898e-09,8.165940543064542e-09,8.619221290613985e-10,3.062865065367534e-09,1.3580581341887678e-08,2.5029074300787227e-14,3.5269511698238334e-09,0.017718065232085585,4.945040648485634e-09,299.32366139167135
c0d103,5.833333333333409,1856.7666666666669,25.379027416733216,70.94573307054952,19.57579981990248,7.317739322991884,6.153999818769785,0.0,8.064089549658439e-11,6.551928453895621e-09,2.863397931902706e-09,6.967660716758436e-11,1.2599615352409417e-10,2.4441933613596187e-11,3.559295774123251e-09,1.1182667407790264e-09,1.724341955422634e-10,7.765795011769176e-11,1.0693507520213334e-09,3.9837944212559486e-10,1.0949502196796171e-10,4.9718133721291814e-09,1.1582352507659498e-07,6.815865986284208e-08,1.4460789728616803e-09,1.7399610293842878e-09,7.04110393962881e-10,9.5783566836558e-11,2.2426748584919416e-09,5.133878516899777e-14,9.723730364593608e-10,0.01398548335634285,1.6002598431837867e-09,297.7045261654738
c118ba,5.916666666666591,31344.632051282053,11.81777695122963,75.40300505080032,6.784030987786481,6.410099770105971,5.5056032127460455,0.0,4.836544280942958e-11,4.083295556697737e-09,1.4088683913677956e-09,4.466974482555086e-10,8.55005279518925e-10,9.33144509322552e-10,6.874359643479734e-09,3.945949467121911e-09,1.7901953601639147e-10,1.6765143437948885e-10,1.8139279352520363e-09,6.397861981127657e-10,9.677533002349343e-10,2.608869011366719e-09,1.767999500407887e-07,4.394683101088335e-08,3.6704919984596997e-10,1.6672160252338362e-09,6.731165330665354e-10,1.7211462202307668e-09,1.0045518177889571e-08,2.679341959224579e-14,1.432062149048516e-09,0.006758258054753886,5.162895187878816e-09,284.7894707415966
c18b77,5.7499999999999245,30750.913958333334,16.82762131593705,73.0302204347039,11.446295634881768,7.511967009509287,6.031026610050726,0.0,1.049887200264865e-10,8.817587008579035e-09,4.3237071489847074e-09,7.542683182789963e-10,1.3961619171746676e-09,1.458780970069279e-09,4.217502686238222e-09,2.0259333923190673e-09,1.487567321598648e-10,1.3572889831306375e-10,1.4642611558758858e-09,5.012079712990048e-10,2.9193121497211996e-10,2.2426940331278638e-09,1.3935525855836979e-07,5.830929852886144e-08,5.482490764432727e-10,1.0635758094943959e-09,1.2323476161917752e-09,9.790819307182438e-10,7.581108082375723e-09,3.4899868049200346e-14,1.1027514899227396e-09,0.009111077822582593,2.343707238846597e-09,289.85748840567464
c1b5d1,8.333333333333258,32517.917307692307,27.91362086297732,40.62468904025547,10.129612934632584,6.426406824181272,5.813009406875865,0.0,3.479165134640839e-11,2.757900976393535e-09,8.682181244270405e-10,9.728870936071698e-09,2.0423560414486232e-08,4.211504579454126e-08,8.593066270735643e-09,4.1146493823903685e-09,2.440141208456487e-10,1.9780821870838133e-10,7.485490255431301e-09,7.552588908917005e-10,3.137896618266894e-09,8.604486419232601e-10,1.7853063941864345e-07,7.593601272793493e-08,1.3344626549949802e-09,3.7272004161524e-09,5.483468304567283e-09,1.8358370609789224e-09,1.5172560190362216e-08,9.072750641784561e-14,1.931358038821465e-09,0.009884158067528208,2.4205626721053616e-08,300.1799595587271
c21125,5.333333333333333,31504.424705882353,7.670466554126794,78.58784091615847,3.694517840042279,8.017906779882653,5.752983536255181,0.0,8.480762013898114e-11,7.194571679478163e-09,2.8739663240270973e-09,1.5604461250803493e-10,2.884447891088541e-10,2.706714893778909e-10,3.429527788640543e-09,1.4990185655236039e-09,1.3890233578737835e-10,1.0353415981817771e-10,7.265514155201725e-10,5.576643080629587e-10,4.842633161578632e-10,3.942310586135336e-10,1.3280438899141141e-07,5.5280730404635153e-08,2.348097870532729e-10,8.521807594649037e-10,5.73324654531513e-10,3.1787992908436073e-10,4.688329947340655e-09,1.7829975262427946e-14,1.2326308194389365e-09,0.005687787615724475,8.557956818353604e-10,281.32205316372773
c28873,1.7499999999999243,37778.5521021021,23.23885786176433,78.26078076693047,18.995997292382096,9.467000723700762,5.693835299659093,0.0,1.5663478693815125e-10,1.3048409080106576e-08,8.567986538665213e-09,4.706543284509134e-10,8.696238209935391e-10,6.53191805586842e-10,1.7896700902600157e-08,1.2298958852005417e-08,5.905919549406831e-10,1.0579446593366645e-09,7.396849144019189e-09,1.8328139213921792e-09,1.0468229223616907e-09,3.2220154304313248e-09,2.8539881904537445e-07,6.884970324475538e-08,9.345758296158248e-10,3.2605458249966836e-09,4.282963410361722e-09,4.504943797044718e-09,1.9348418676802423e-08,5.8196842250822e-14,3.4705723288221223e-09,0.01390880707088228,1.6796530326496897e-08,294.60898753905826
c2fff1,3.083333333333409,31380.423983739838,16.032876491253283,78.74870437761477,11.991064629999286,8.401210983162384,6.014243977322041,0.0,2.3210935050311783e-10,1.9548738652913163e-08,9.050106535386562e-09,8.760520250048752e-11,1.6913707636982063e-10,2.0325652338813658e-10,1.7913152855698486e-09,9.395326753744742e-10,5.920464573134715e-11,6.628093567616868e-11,1.116922850540903e-09,2.943022046540968e-10,2.2731747747515147e-10,4.3106977403268715e-09,6.878017452835012e-08,4.2946214509045045e-08,3.284632342367521e-10,9.235107360618815e-10,2.1131963509543263e-10,7.595055353473541e-10,3.7178909046291585e-09,1.8442509723363792e-14,5.632186317280935e-10,0.008878524817562457,1.6810004923538022e-09,289.31558944790237
c3b70f,3.9166666666667425,32228.0888185654,12.80369759738642,75.48151825727004,8.049844475477432,7.41807986855235,5.908804891431669,0.0,1.633448960839183e-10,1.3851148952357694e-08,5.8617911952663905e-09,2.699657254779173e-10,4.980412922626542e-10,5.201818964675341e-10,5.997661685721608e-09,3.415074363722875e-09,1.793129954632681e-10,1.7679450725537055e-10,1.2202645871275823e-09,5.974893297252256e-10,8.079780745956839e-10,8.791363456973087e-10,1.5752492400072132e-07,4.6426186801793415e-08,2.853799756630127e-10,1.2984099347108304e-09,8.838602178192232e-10,2.639360186959483e-09,1.3164118910040857e-08,2.3272383409931268e-14,9.38123327730718e-10,0.007075427402650531,3.3146042841629462e-09,285.2857301880329
c4dcc0,7.916666666666591,34092.836217948716,9.501045600342163,77.83605778050892,5.365794834931176,8.433389695373306,5.816882590436289,0.0,1.0188452686603837e-10,8.645238571165358e-09,3.6405283517226143e-09,1.7155486015729336e-10,3.2365448706462734e-10,3.2352217797569996e-10,3.755581566288624e-09,1.670247910200493e-09,1.461619318541316e-10,1.1286167746557322e-10,8.917183055712493e-10,5.876354854492138e-10,6.195427368937958e-10,3.8517169696664954e-10,1.3445628927301382e-07,5.505371314771509e-08,2.8187513778580725e-10,9.776277535313695e-10,6.361079471420887e-10,3.9925410110319885e-10,5.838392326404875e-09,2.301878118734665e-14,1.2283374124088665e-09,0.006224893270615838,1.171757785619265e-09,282.51241157737593
c5058d,5.666666666666667,31203.031504065042,13.700687892419518,74.91291356961567,8.708456054368739,6.888672799784296,5.847245440607804,0.0,9.578666525504078e-11,8.08791261498732e-09,3.4853936360221908e-09,4.712909216921805e-10,8.596084528663652e-10,8.312805818607142e-10,6.323843916147606e-09,3.51652899041346e-09,1.8778135653359636e-10,1.9162613984333753e-10,1.1353453050309007e-09,6.153788703287767e-10,3.949313983240103e-10,2.2164239928494357e-09,1.6618436625083762e-07,4.8395561312603294e-08,3.3979146642153463e-10,1.1764332769371253e-09,8.543526636048894e-10,2.0278265541667447e-09,9.911017189470107e-09,2.6253715921806332e-14,1.2453149079460012e-09,0.007401872535157419,1.5782762185697774e-09,286.22032179643
c530d7,7.8333333333332575,22798.30873015873,27.910532972433998,79.88417672764334,23.67597186458669,6.248195883509698,5.273825635066761,0.0,1.5586713516062822e-10,1.2546885930809877e-08,4.7793558767365464e-09,1.328435308465479e-09,2.515661232348847e-09,2.8316686234181262e-09,2.795524000855297e-08,1.8844551339457553e-08,4.681369370900872e-10,7.167843032278536e-10,6.93573025381919e-09,2.186025247474351e-09,1.10782607072007e-09,7.829253627124842e-09,3.952286022845165e-07,5.613963414754531e-08,1.5359301155205432e-09,3.197205484152494e-09,1.8579697298024587e-09,2.6436314214429124e-09,1.0123318222184967e-08,6.276740887329543e-14,1.700633717512098e-09,0.017066807410200318,1.2872896921683593e-08,299.92236830017316
c6c39a,2.6666666666666665,30282.008928571428,12.431384586963258,79.5422776847368,8.509614402365676,7.086450515152858,5.753977557854571,0.0,1.7233572293992682e-10,1.4610908829111075e-08,6.42033476367919e-09,2.958016933565388e-10,5.52066767809811e-10,6.154196512761916e-10,4.405425075920314e-09,2.145019820162243e-09,1.5774108563784964e-10,1.379394954941418e-10,1.1135581824256211e-09,5.385597354450553e-10,6.244955575526688e-10,7.25145762595868e-10,1.3877468972067462e-07,4.7719188888317716e-08,3.1222161675849586e-10,9.524252885930616e-10,7.891483579610725e-10,2.527918058435618e-09,1.2417095527876543e-08,2.6278405040350064e-14,8.461876908433704e-10,0.007322960232315833,1.942058554358733e-09,285.67898698216374
c77fe7,6.25,26139.51520833333,19.857872357621297,59.88917062391615,11.419360966245584,5.247348898529382,8.113601203209281,0.00024143952451517774,3.720929229012919e-11,3.0060204987608645e-09,8.524072980673136e-10,5.795530055022665e-10,1.0123317523914942e-09,4.685986468344274e-10,1.616660387981363e-08,1.2302791514434063e-08,3.420339794680423e-10,6.756403333702684e-10,2.546100264322603e-08,1.3236277488003714e-09,1.704241042951852e-09,2.1329945400701577e-08,2.8748750800865615e-07,4.374903345747564e-08,7.924816386595683e-10,3.912091436317955e-09,8.653047975443875e-10,6.835988293019625e-09,1.3449603890963752e-08,3.761218687804764e-14,2.2807004751713144e-09,0.0103676004526663,1.148071593937378e-07,292.8373475458149
c78377,6.416666666666591,28578.20063492063,15.187399930902952,71.23867963653035,9.279175443384178,9.22410102231533,5.8800672537455725,0.0,7.012587084847781e-11,5.890537157112616e-09,2.5633872793545605e-09,9.84336187121837e-10,1.8334726026454796e-09,2.2027008668833433e-09,6.245330545993309e-09,3.2401310171147387e-09,1.7843677036165455e-10,1.5368387611926328e-10,2.3444413992809504e-09,6.896778942885613e-10,8.396574191048282e-10,2.509256991899314e-09,1.6113398746494657e-07,5.3148681153206134e-08,5.463354064324365e-10,1.5157682368870477e-09,9.932629610288895e-10,2.0026850742906764e-09,1.0059842187772915e-08,2.965978075507702e-14,1.3898081894452058e-09,0.007774513846851186,4.2061083669787245e-09,287.89816242074437
c783e0,6.0000000000000755,27797.151082251083,16.213494841255596,75.92893741569189,11.411851942949163,7.646561713563018,5.9701078902122555,0.0,1.6615427098365352e-10,1.3955963036986325e-08,6.47692091771131e-09,6.172923964068641e-10,1.1329403288636741e-09,1.1414575990721568e-09,4.0097319937074995e-09,2.046245426144051e-09,1.45869361130358e-10,1.4052202007387129e-10,1.4140310712723596e-09,5.058557707783775e-10,2.696438129505982e-10,1.7563318197908915e-09,1.3282852465324562e-07,5.434588619614944e-08,4.685636315351771e-10,9.95263903314353e-10,1.1514379408900424e-09,1.2773944283912873e-09,8.415749808427315e-09,3.329044870706869e-14,9.136438112828776e-10,0.008948901292258823,3.4506641970539287e-09,289.16844286087604
c854c7,5.4166666666667425,27127.898550724636,23.160294944832298,74.19777285800923,17.788585276665316,6.7256222783742645,5.927674354688024,0.0,8.378531536315173e-11,6.775176569126258e-09,2.0535835536023564e-09,2.1316703987574302e-10,3.397866627110838e-10,6.916967841987326e-11,1.3170901837172232e-08,9.136628120312455e-09,3.2874185824687497e-10,4.890152518813924e-10,1.4485861644024685e-09,8.665016522390139e-10,9.035948747037153e-10,1.4781674305914775e-08,2.00673200695701e-07,3.607121575555877e-08,8.111523492613876e-10,3.1313091023642453e-09,4.353494492540054e-10,1.7186875721635704e-09,7.423480483011619e-09,3.354321946558068e-14,1.52671927670196e-09,0.012992097513794309,4.267018624570116e-09,295.88083937788593
c88e31,7.6666666666667425,26193.32222222222,20.180004524136148,61.85166372538835,11.621600941702749,5.857398759830909,8.1815352500981,1.3574494596631892e-05,2.846856531025935e-11,2.2914402642607945e-09,6.073754451870217e-10,5.110284542324641e-10,9.091836097896233e-10,5.007133759753985e-10,2.045738572441842e-08,1.6010393859756367e-08,2.8541400782975464e-10,5.285230137230326e-10,4.430635718998013e-08,1.5018488067512535e-09,2.497760417417716e-09,2.002260107634578e-08,3.3149450715131487e-07,4.257584255484393e-08,7.897559407393826e-10,4.308828109108245e-09,9.705098560791496e-10,1.0869038253699331e-08,1.5764412832272972e-08,4.6806310896265983e-14,2.547856385745352e-09,0.010235321952259461,2.161669557902616e-07,292.1708199146246
c8fba6,0.9166666666667425,31994.596875,9.308420040877273,82.42199130138955,6.153584770237081,9.745648514848238,5.659396052479512,0.0,2.971627033043369e-10,2.533202832194401e-08,1.5333205690950178e-08,1.9004407778699842e-10,3.491639274600388e-10,3.433724892913789e-10,2.8183799919780247e-09,1.053992910894757e-09,1.206919587006502e-10,6.637855108408277e-11,7.464322704827241e-10,5.104584504051787e-10,2.783769645323895e-10,2.9855186004942754e-10,1.2326740395939274e-07,5.999367765175402e-08,2.446424989651107e-10,4.902648512810998e-10,4.5914670026482197e-10,2.0866305883856557e-10,3.652632579647549e-09,1.8803929660267407e-14,8.687392929846371e-10,0.006291163799096585,7.510551329959815e-10,282.88470160208664
c91034,10.416666666666591,32138.673333333336,12.149159128002097,61.551195885350644,4.71284223907237,7.752334157533142,11.85963988716042,0.0013287842138888601,4.1962911829086175e-11,3.456098771160215e-09,1.2366128631836691e-09,3.2877809019533467e-10,6.171551189659976e-10,5.645119333923275e-10,7.816030971982056e-09,4.144469131547537e-09,2.3493824966449614e-10,1.73466061757254e-10,1.6836793687537103e-09,6.251509536192455e-10,6.196984414698901e-10,2.4395655241284754e-09,1.6569875287684973e-07,5.215668999558823e-08,4.733488297137724e-10,1.5638960895072281e-09,8.675711250700551e-10,1.6166595751678876e-09,9.591401740187447e-09,3.3727390680429293e-14,1.3646483772960873e-09,0.007279360576435826,3.929524424695034e-09,286.228347487208
c97277,9.416666666666666,29993.792113095238,14.946542352967898,71.88241541811661,9.185144508089975,9.303413634624206,5.832108332317767,0.0,7.228521182629277e-11,6.075425289108559e-09,2.69237533998649e-09,1.1791709376423332e-09,2.1635403388098306e-09,2.5544001028073433e-09,6.160029308022129e-09,3.2328257456312268e-09,1.7556134319479224e-10,1.5743114765820316e-10,2.244935173360262e-09,7.138505406595121e-10,1.0276802509670494e-09,1.7285555809523602e-09,1.614853272192571e-07,5.3387272806427367e-08,5.629635024371933e-10,1.5840169813084842e-09,1.2879558734320102e-09,1.885664053852353e-09,1.0518708858027831e-08,3.0824710859906677e-14,1.4096267190936724e-09,0.00790980930062253,4.1928780805086675e-09,287.8502360044573
c9b460,5.5,27279.885249042145,16.44675164447556,70.08494809153571,10.121388407601755,7.446329220035919,5.909435765745593,0.0,5.786770570119651e-11,4.845272938198573e-09,2.123308668944213e-09,1.0988468275198928e-09,1.9977401186637293e-09,2.190667739101468e-09,6.215211368031103e-09,3.1018358065817637e-09,1.712175421875978e-10,1.2559976400722305e-10,2.590550592661408e-09,7.243961972788014e-10,7.438642716854431e-10,4.752420895468794e-09,1.583940438498199e-07,5.2286873074315765e-08,5.690324724041983e-10,1.6632464763880611e-09,8.969080066270502e-10,1.6824656994072374e-09,9.394589805241017e-09,2.7535461206998107e-14,1.3823752135569289e-09,0.008182139647077973,4.90924992209508e-09,288.884604042244
c9d5d4,3.8333333333333335,25447.17803030303,7.379357602549313,26.1140067776825,4.95418163275955,7.105417060678047,9.384093290459521,0.005746028456221911,6.770607915850281e-11,5.52306555404629e-09,2.140881529572264e-09,5.719019446786769e-10,1.0013260642233238e-09,3.8643096567900836e-10,6.11106047082561e-09,3.348403640424607e-09,1.797935996598798e-10,1.734801368922381e-10,1.848282219089818e-09,5.805442086064193e-10,3.5056577670697354e-10,4.297992652567393e-09,1.473756253907492e-07,5.4366394179616604e-08,7.207982186515939e-10,1.8577349247010911e-09,1.1116130373643186e-09,9.706692139615428e-10,9.846676299327335e-09,4.0242422768330295e-14,1.501875286626516e-09,0.010863342976324604,4.529527670817971e-09,291.9168769349844
c9f626,9.083333333333409,34497.07430555556,22.015613300411708,75.45200498930213,16.953449615486658,5.965540376466669,5.510099040346563,0.0,7.055805438779207e-11,5.768007543551934e-09,2.750344477369058e-09,1.1092943216457145e-09,2.067644196270896e-09,2.4830366904761372e-09,3.9638061105461045e-08,2.8635220865094646e-08,1.073889620569812e-09,1.9864281833404406e-09,1.026970834835451e-08,3.331151434228461e-09,1.308773184336769e-09,6.273609350557841e-09,6.03769494643748e-07,5.479716987816316e-08,9.371366015112556e-10,3.472385559346811e-09,3.97056784867316e-09,2.0169153210094852e-08,2.2615016639842458e-08,4.1537900568674035e-14,3.094272240045412e-09,0.013215374179957525,2.7952886196287973e-08,294.0939891434368
ca2872,4.083333333333409,32311.084741784038,12.517444356427005,75.28837623187809,7.733353292378415,7.396967601857943,5.920373121522144,0.0,1.5689996379400103e-10,1.3313919485859822e-08,5.696086464670803e-09,2.595872850143378e-10,4.921457557239537e-10,5.323096390532147e-10,6.086046337284266e-09,3.592904561479751e-09,1.728316529726034e-10,1.7902477642890642e-10,1.1695216565200955e-09,6.159926012742006e-10,8.503310981475482e-10,8.542299823311732e-10,1.6185997922680601e-07,4.568606306667885e-08,2.7835231132239517e-10,1.3274341506654032e-09,8.546159920154298e-10,2.839333924692301e-09,1.3508553002527631e-08,2.2491115924884054e-14,9.398965794687014e-10,0.006983960575238952,3.420833738717846e-09,285.03712014581384
ca8a33,3.9166666666666665,30116.588888888888,7.02162910076012,76.19855105223122,2.581397513987811,6.978332897642012,5.790914872254495,0.0,9.333846184536576e-11,7.928682821773826e-09,3.795284643794598e-09,1.1132463170220121e-10,2.0868978466814802e-10,2.0841860782695926e-10,3.3084918915399464e-09,1.6699828443760912e-09,1.224224714022464e-10,8.394366927849423e-11,6.048497330754622e-10,8.288278327557871e-10,1.605298839085815e-09,4.2288118318875663e-10,1.3882286938913567e-07,5.2549987820077106e-08,2.2201332360046845e-10,1.8710121749506194e-09,4.558880807343697e-10,3.2012257363440383e-10,6.875698876220606e-09,2.0634508349921316e-14,1.787557993859997e-09,0.005268691052882256,1.5822060186001419e-09,279.428974711278
cb4045,3.6666666666667425,37517.86,22.521892061771748,77.57213477821198,18.07629561455415,7.8330767454058154,5.535165935242297,0.0,1.2964868980083548e-10,1.0768318287869992e-08,6.717682443617519e-09,5.520498013178649e-10,1.002110924226963e-09,9.063712849767793e-10,1.7240683199205497e-08,1.1930748589055878e-08,5.410199051181714e-10,9.70075240809586e-10,6.495472600722444e-09,1.867370676321767e-09,1.4248232532544812e-09,5.0161309815786675e-09,2.763268455758616e-07,6.66277768040756e-08,9.309329536117799e-10,3.6423145059809855e-09,3.904360699812624e-09,4.626330824101298e-09,1.92409219486859e-08,5.4945816798267924e-14,3.440689178658761e-09,0.013628054953117617,1.5201701926481293e-08,293.76085109675654
cb404c,3.8333333333332575,34690.86651917404,23.723703579357352,78.0530185225302,19.423997210511036,8.505397105410154,5.644482092456519,0.0,1.505528703912752e-10,1.2506020941110006e-08,7.773442815195081e-09,4.2350675617399753e-10,7.804962314344079e-10,5.766474814434375e-10,1.4865677100235816e-08,1.0057992347157237e-08,5.009454890728196e-10,8.771609177507853e-10,6.243622161975582e-09,1.5631962469736282e-09,9.185875556508001e-10,3.1471086045372125e-09,2.46452322706916e-07,6.843407638589823e-08,9.474890658601066e-10,3.0577340390485088e-09,3.897386500960014e-09,3.45539974729952e-09,1.77241532094248e-08,5.6145916745561336e-14,3.119608350737606e-09,0.014238105678520442,1.4054790617790686e-08,295.0948090702461
cbd695,3.5833333333333335,29203.65406504065,11.562290221890231,80.15667595108658,7.861620899681063,7.581015943990092,5.811709523238074,0.0,1.7640519753795048e-10,1.4969046229638915e-08,6.669470150461017e-09,2.1030053922790785e-10,3.9760102710539957e-10,4.3976896120387374e-10,4.329676389757107e-09,2.1789360960918586e-09,1.4968413490000778e-10,1.2055312421133938e-10,9.541328101496124e-10,5.323284607368689e-10,5.819642570903406e-10,6.202083399015163e-10,1.401561972965764e-07,4.8119765755951936e-08,2.643942615107037e-10,8.634689597795932e-10,7.030259811951926e-10,2.0665807984035587e-09,1.0801221734032854e-08,2.2786947812093017e-14,8.044306416769592e-10,0.006928021854230086,1.732493659642481e-09,284.5198202229991
cc2b7d,3.9166666666666665,30708.273391812865,6.767856169726303,75.77225687143984,2.2455259022897307,6.923026167671261,5.82405993530304,0.0,9.346758853228933e-11,7.945006114296073e-09,3.810680951494046e-09,1.0807432007637615e-10,1.969163782771719e-10,1.7999988702178534e-10,3.2989702555198258e-09,1.6855098673047155e-09,1.2335804887478474e-10,8.731984156691806e-11,5.855121992004754e-10,8.261149519567787e-10,1.57553952160763e-09,4.0157702264525493e-10,1.3841866815548852e-07,5.2413392586346514e-08,2.1383457766542743e-10,1.8263117223090115e-09,4.3415280453395887e-10,3.199709215503737e-10,6.623028000853393e-09,2.000105843732348e-14,1.7563272153326143e-09,0.005145413884006959,1.5446209405789553e-09,279.06988977279747
ccadbe,5.9166666666667425,33062.98602150538,9.50786445050088,77.9968938501699,5.423192135313515,8.385573440775799,5.785109180697776,0.0,1.0338813096922302e-10,8.77091074245819e-09,3.5029834847218208e-09,1.5801173779837714e-10,2.928821267481688e-10,2.8656203028993284e-10,3.860941604604799e-09,1.71960743852281e-09,1.513670139753044e-10,1.1706946707109183e-10,8.680926306894391e-10,5.767627648077128e-10,5.9037197290615e-10,5.318372468560332e-10,1.362673079962804e-07,5.318177251882663e-08,2.546215885811641e-10,9.757564250561757e-10,6.179199946772503e-10,6.444609170807258e-10,6.911684175756752e-09,2.1414241888175938e-14,1.225871142473486e-09,0.006208130302102658,1.2349858603774666e-09,282.70517514874234
ccf053,1.75,27305.199999999997,18.01677982877598,76.39345414328933,13.537230162983631,8.317092120938225,5.9280222981391555,0.0,9.653702105330201e-11,8.008047121216125e-09,4.136019772777992e-09,4.753313893366813e-10,8.760516013021114e-10,8.819019247809128e-10,9.175951577438373e-09,5.403937374024063e-09,3.541968394356273e-10,5.032773308006045e-10,3.044081453142658e-09,8.283503262935126e-10,7.046216910526751e-10,2.986969587211693e-09,1.848999676124655e-07,6.263268500146173e-08,6.151716051862076e-10,2.0036241158271194e-09,1.2883869188283165e-09,2.276510132793546e-09,1.2145925234710486e-08,4.2175628532135364e-14,1.9700001758539623e-09,0.01090537573175787,6.935484623809371e-09,290.4256178566228
cd5237,5.833333333333333,31678.6582437276,14.375689610216705,73.11434560022849,8.982615273448026,6.80981584607155,5.865168349514796,0.0,9.273144437422697e-11,7.822034442119233e-09,3.3669503244606335e-09,5.037188503287873e-10,9.236365838060766e-10,9.425781091219504e-10,7.088809184549925e-09,4.1019192732437934e-09,2.2782948115504454e-10,2.888491410281959e-10,1.2786754205420467e-09,6.481061591682238e-10,4.1320700365155494e-10,2.208648770387065e-09,1.7535446764169913e-07,4.853877498715288e-08,3.724491056066683e-10,1.274358632737852e-09,1.0214022531860618e-09,2.422080586485794e-09,1.0780384597442473e-08,2.8502406924594604e-14,1.2633095349904574e-09,0.007659936162275136,1.9923345683498295e-09,286.7191198463284
cd57cd,5.583333333333333,31234.960515873012,11.27946147514475,80.38080890677352,7.626316852231458,7.78056710107087,5.740279679193535,0.0,1.714247436325843e-10,1.4560205539223658e-08,6.340672541315741e-09,1.6988630204018996e-10,3.196935342043058e-10,3.2633904402743833e-10,4.497609246752549e-09,2.3182013807011403e-09,1.4927388959831807e-10,1.2566139629853461e-10,9.719615777745064e-10,5.46051551619112e-10,5.632499738921074e-10,6.115045453073857e-10,1.4214086042357087e-07,4.7268674308068034e-08,2.479343890338672e-10,8.444683557334003e-10,6.931716879595437e-10,2.2387958141834224e-09,1.0908131119088809e-08,2.1846409545824364e-14,8.212409106551054e-10,0.006838443258005026,1.9329271918788175e-09,284.3897191551931
cdb1bf,7.083333333333409,40007.34166666667,14.443254328581672,74.72782773618765,9.524418042218425,7.593284995469596,5.898318493425881,0.00030832507790823214,1.5212695994035596e-10,1.2764567613391015e-08,5.114624673575948e-09,4.990146018566924e-10,9.392110025278557e-10,8.82373919393964e-10,5.51005371654928e-09,2.5809900694936467e-09,1.822459253458368e-10,1.3005391782914337e-10,1.1143076105876504e-09,5.476176637640976e-10,4.505805539945748e-10,2.287623669660501e-09,1.4620860151542293e-07,4.8901136318040264e-08,4.835026807378733e-10,1.1437290384112704e-09,7.314088122146985e-10,1.4022485314944278e-09,8.161420222407636e-09,3.126784254451747e-14,1.1163717375107907e-09,0.007949316342476462,1.6512689547242807e-09,286.83270527377783
cdee45,5.6666666666667425,30278.08388888889,18.957490933943813,79.81281575550248,15.029940101602564,5.162934938438457,5.94179130226103,0.00011033715159408667,5.73133739707723e-11,4.5942326890412004e-09,1.49138699282898e-09,1.0904039761201666e-09,1.5776183184636956e-09,2.7541499855481794e-10,1.725698755431058e-08,1.0917145007544254e-08,4.677450479690473e-10,4.4689363372232546e-10,2.7042913386150397e-09,1.3651174767840677e-09,2.4796682879394927e-09,2.0965518339204067e-08,2.6225210842405157e-07,2.6594272672680592e-08,8.277758725299135e-10,3.4554554231856494e-09,1.9137263011528526e-10,3.033729339906703e-09,6.593740282586593e-09,2.308012261925058e-14,1.651405988609133e-09,0.013517100151038386,1.2157305343118171e-08,292.6803820431282
ce2dab,4.9166666666667425,32301.296464646464,16.23745067071913,73.1670296653607,10.991319511025438,7.493290823922152,6.023388317555161,0.0,1.0536269975085094e-10,8.87856543119805e-09,4.398618841046324e-09,6.348699574459372e-10,1.2095997133807016e-09,1.3847121899222821e-09,5.06000505559041e-09,2.6038131123730334e-09,1.7129324401748254e-10,1.7549056074155756e-10,1.510455269698697e-09,5.433977316344678e-10,3.258932205315186e-10,1.7021159247989402e-09,1.4708873418422055e-07,5.657216044588672e-08,4.843565600049365e-10,1.0798616146401374e-09,1.2889748124721437e-09,1.4958879514888176e-09,8.513912296302598e-09,3.5591474740825476e-14,1.1467627604969738e-09,0.008877081676112597,2.344883193567339e-09,289.3211016882516
ce7861,3.583333333333409,28641.604032258063,12.484457790576586,79.37381395861075,8.529134362068238,7.0245746634791235,5.775079998710801,0.0,1.6238554525409166e-10,1.376494278533699e-08,6.010569935408692e-09,2.736859957724746e-10,5.18372681043292e-10,5.692568116581006e-10,4.476553764569547e-09,2.218484769772989e-09,1.5831012768000522e-10,1.3525783904109018e-10,1.0499597700909514e-09,5.489927765375365e-10,6.349907618402157e-10,7.619184984482084e-10,1.3930997002017584e-07,4.737588339380318e-08,3.1271028525730066e-10,9.775824756045404e-10,7.758805168968934e-10,2.3935391458354712e-09,1.2433299136986e-08,2.539561648914851e-14,8.40535193498008e-10,0.0073568284131054285,1.8087708531054985e-09,285.708078878028
cead5b,9.999999999999924,26832.82519379845,11.02355923257417,41.5013625691285,7.483588326618811,6.706402767906746,9.158398177300242,0.006489865108649957,5.432961862804063e-11,4.410290329330563e-09,1.4898961279151336e-09,6.992990640919103e-10,1.2176921367198231e-09,4.814550599990842e-10,8.375253448102063e-09,5.189753358540261e-09,2.1557444380652025e-10,2.6536310935802425e-10,5.255331352440878e-09,7.331539084681952e-10,6.682303799992515e-10,9.418014101970129e-09,1.7815225984341628e-07,5.073689846237295e-08,7.564812031318673e-10,2.4723740017687436e-09,9.957731663825442e-10,2.618459452907657e-09,1.0367940568210208e-08,3.616367789039952e-14,1.7834450459045198e-09,0.010968051006630465,2.281696531593387e-08,291.66198595059205
ceb0c8,6.1666666666667425,23271.12205128205,26.20729756454907,69.92335527407937,19.234193503398984,5.354727293552353,2.7386037794592846,0.0,8.012175041471545e-11,6.365647524432766e-09,1.6590342400758714e-09,3.0576852251793416e-09,5.845264458739225e-09,6.994838858869889e-09,7.177579969446053e-08,5.1233982036739784e-08,9.612495880382738e-10,1.6888275297281463e-09,1.0061895524314796e-08,4.41130124493044e-09,2.3880120039067547e-09,7.463371201804888e-09,9.045047925734605e-07,5.6302859971969105e-08,1.3884296861980504e-09,4.858266543937074e-09,4.054946967459526e-09,9.83427363704266e-09,2.4297961729250813e-08,6.021444749187707e-14,2.8559884900751062e-09,0.014231715546713783,2.668150557608768e-08,298.5541453678141
ceb905,5.583333333333409,26716.611904761907,11.88791029887257,79.75081613901875,8.008815450670223,7.835228780281153,5.780587036558967,0.0,1.7472167100888985e-10,1.4822572125782822e-08,6.562863846964552e-09,2.8984176979666596e-10,5.472648125268991e-10,6.159251279545498e-10,4.435661572512983e-09,2.272887810471762e-09,1.4866096669149157e-10,1.1896007089601974e-10,1.0573736510068953e-09,5.407779076175383e-10,5.587808141376908e-10,7.301223929481366e-10,1.3983367191678844e-07,4.8792588194971784e-08,2.8787381851839805e-10,8.781556573845107e-10,7.1631265014377e-10,1.8689569618406574e-09,1.0496359698233054e-08,2.2711945819589513e-14,7.986920192112428e-10,0.007066916413387995,2.0608560969247024e-09,284.96692292928384
cf16f5,7.9166666666667425,35214.486324786325,21.62157296505281,76.5057856133439,16.87170910016059,8.080491874788924,5.552526547912289,0.0,7.122801926056506e-11,5.864498164023941e-09,3.2313212686926266e-09,9.19404726729189e-10,1.698639624442277e-09,1.922065677703985e-09,5.1117991346945756e-08,3.828694007579807e-08,1.512656637593207e-09,3.1583874518374137e-09,1.5382714609550744e-08,4.117001675998122e-09,1.875858749355611e-09,3.5477297312393953e-09,7.33135020824617e-07,4.7402053990665135e-08,8.390199772156307e-10,3.591559462751271e-09,6.657630799861406e-09,2.832195025037241e-08,3.800476898687283e-08,4.4679996956207875e-14,3.3530453793677708e-09,0.012928960703569125,4.509792880582487e-08,293.8869743222639
cf72e7,7.6666666666667425,33780.16679790027,13.030964837402298,76.84103659746138,8.365584314755852,7.068434283101637,5.767313288944153,0.0,1.4303501965031208e-10,1.212839109149787e-08,5.250208554622685e-09,3.9915913041988024e-10,7.505470519708953e-10,8.360205672584311e-10,5.347232775974302e-09,2.9442206320742837e-09,1.6841699297561103e-10,1.7259186933739155e-10,1.2859606460806023e-09,5.719875595319844e-10,5.534382437932566e-10,1.912569806072505e-09,1.524145086312549e-07,4.739207332095781e-08,3.31942166504626e-10,1.0475473690777995e-09,7.840863145610287e-10,2.134859728364074e-09,1.0792973385703198e-08,2.4576895123711412e-14,9.457264627610054e-10,0.007285003419853709,2.592405939450755e-09,285.6870157804772
cfa8ab,5.25,26773.977543859648,25.730739955698922,70.64386813139133,18.927902569322278,5.329240084365085,2.514301205682989,0.0,8.773866121367904e-11,6.994813896988269e-09,1.9151828628074468e-09,2.6175825807994083e-09,4.967735954060387e-09,5.637337926494932e-09,7.862544898708323e-08,5.667914032206668e-08,1.036101677415421e-09,1.8669251066603334e-09,1.0037838079018928e-08,4.876465505313886e-09,1.5631199815089863e-09,8.111189111970216e-09,1.011083467149211e-06,5.215398118719149e-08,1.3047038917277652e-09,4.082926001253757e-09,3.121178021989896e-09,1.2201892717701519e-08,2.3565112236331912e-08,5.5190198974215606e-14,2.2268179562183875e-09,0.013894679119308244,2.805290519503726e-08,298.18262261173487
cfba7f,6.666666666666667,21926.100000000002,21.26992877101051,66.43948723059877,13.741062127598093,6.847425857340085,6.120775218481067,0.0,5.816725049968701e-11,4.792564051987955e-09,4.734600582762776e-10,5.404498542085929e-10,1.0688583430156598e-09,1.4801448398999954e-09,1.0963635595447323e-08,4.593307902442399e-09,4.955668635008011e-10,1.250518300717794e-10,2.3718878833875795e-09,7.332350722189617e-10,5.324634905177986e-10,7.053618665281232e-09,1.762586609693725e-07,6.16542355184205e-08,9.07433950354564e-10,2.4367543487445144e-09,1.2962785650742888e-09,1.5831612317653823e-09,9.114420072617598e-09,5.81480435099057e-14,1.9105435779698574e-09,0.010216969577367133,5.408416636418296e-09,294.4992452428549
cfda0b,7.75,27920.770547945205,23.06626657556602,72.707846293958,17.29355417970846,7.021670578485141,5.932156192446765,0.0,7.7144617803155e-11,6.249126494757975e-09,1.8927462849071957e-09,2.0048068603398884e-10,3.161514981825028e-10,6.788518489863984e-11,1.3869963684967084e-08,9.569002691210803e-09,3.709963921772093e-10,5.563313475262321e-10,1.5499225880459956e-09,9.16993514671399e-10,9.35891183026681e-10,1.3546889040137394e-08,2.0649404614384618e-07,3.792029676505066e-08,8.204393446559955e-10,3.1428793733470256e-09,5.214002600866834e-10,1.6751905371591501e-09,7.583903913406374e-09,3.503635391545474e-14,1.6226355650356933e-09,0.012575720619466008,4.259136082415029e-09,295.76176209226475
cff739,6.0000000000000755,31455.039225589226,13.952046094633832,74.22140303673744,8.801088064185645,6.959006280796952,5.813333152318354,0.0,9.853827545605419e-11,8.325674550490112e-09,3.5715401933578806e-09,4.684636440075722e-10,8.552201206289555e-10,8.722572517109523e-10,6.2364974783996144e-09,3.4684457244058687e-09,1.802955013368153e-10,1.7786280838543632e-10,1.4461934241253353e-09,5.7378053995405e-10,4.2984851237197137e-10,2.296795497305894e-09,1.652534656637059e-07,4.8117511609132376e-08,3.511744603298102e-10,1.2045052775911786e-09,9.787304114527394e-10,2.5611430325122263e-09,1.0931522245274546e-08,2.6764457253323277e-14,1.211143360620466e-09,0.007534922712026148,2.9976414573588043e-09,286.5831580835744
d0008d,6.2500000000000755,28800.123541666668,27.42480582710089,60.12160295231034,17.84699475309428,6.084804636191624,5.7851715338736645,0.0,4.8377252067887594e-11,3.859369909959865e-09,1.3657179482003665e-09,6.3398923226942556e-09,1.1769658174607477e-08,1.4411200617468692e-08,1.1574451410963071e-08,6.1019917335072284e-09,2.61848985011048e-10,2.3215000992808808e-10,4.7599742846037925e-09,1.2508945866422621e-09,5.988246191510844e-09,9.422253717447764e-10,2.210359573789886e-07,8.37192262562112e-08,1.5386485071056889e-09,6.533162192710388e-09,3.2155365205675237e-09,5.793374116276306e-10,1.0917710137073425e-08,7.547715543322967e-14,3.370472185464542e-09,0.012479928060305939,8.77793114335871e-09,300.2320801179982
d01445,5.1666666666667425,29389.804901960782,27.983785657372113,40.693020286960625,10.189093949460645,6.432528936972081,5.908894157633862,0.0,3.805753011375246e-11,3.0241059549672504e-09,9.985817482968753e-10,9.305693835723051e-09,1.9385520128528563e-08,3.930469739799294e-08,8.070838874332612e-09,3.7230836541512446e-09,2.2053801021782982e-10,1.57881941675138e-10,7.3839597910766995e-09,7.84029458097075e-10,3.4057014456944087e-09,6.980112605549843e-10,1.7228562508265303e-07,7.72104415375519e-08,1.3090021722037689e-09,3.832733237266992e-09,5.492957979911206e-09,1.6250311302287917e-09,1.5466584373840352e-08,8.697417170763405e-14,2.130472583194072e-09,0.009956592611405779,2.3420223957765666e-08,300.1866588842154
d09915,5.833333333333333,32316.34326241135,9.845589719958758,77.42954486815347,5.610485693755629,8.386263485573856,5.820826129105827,0.0,1.1216902441284987e-10,9.517720854423146e-09,3.988903282261904e-09,1.7323277882138396e-10,3.228192981160364e-10,3.2124100105124164e-10,3.901412829266575e-09,1.7847883596201336e-09,1.4952871297486713e-10,1.2098918382054488e-10,8.939715038904957e-10,5.741903137719258e-10,5.983337533750461e-10,5.215786591440283e-10,1.3692869325651098e-07,5.25297831754494e-08,2.5326360605168947e-10,9.703208444148654e-10,6.26941629277643e-10,7.933292666196177e-10,7.41800735346562e-09,2.1210261159205755e-14,1.1899669907461595e-09,0.00625370843936519,1.3202162393741345e-09,282.9874277964436
d16a95,5.9166666666667425,26621.321535580526,16.72768588214742,68.32193555323671,9.840435793209673,7.397765913841309,5.9346550288488205,0.0,5.7949755409441244e-11,4.84627545932916e-09,2.080127909728761e-09,1.2504550893126531e-09,2.313600905894615e-09,2.7861013920670238e-09,6.369471016178061e-09,3.2086545046470464e-09,1.7222109581890267e-10,1.2469402991827355e-10,2.5592525053103877e-09,7.345431264014023e-10,8.001169176778959e-10,5.237350715483044e-09,1.6065367127433425e-07,5.3441348501185954e-08,5.619528577556176e-10,1.8215273973669547e-09,8.985772041980044e-10,1.7261961611041436e-09,9.72292982183284e-09,2.862792847072032e-14,1.4166521319042333e-09,0.008033026240879064,4.968988956925441e-09,289.24298861002615
d1ad0f,9.833333333333258,28751.370501474925,18.171468260595056,56.0979806523203,9.191784863153,5.096552919543569,8.247199773608298,0.0008277155359731271,2.807970488543211e-11,2.2927992353737646e-09,6.392995938263955e-10,3.211664201432886e-10,5.495592842224548e-10,2.4719509499720806e-10,1.7544836073433445e-08,1.3552015154279553e-08,3.2889558442405585e-10,6.365421076807611e-10,3.643428300853525e-08,1.3634156194964374e-09,2.0189140503324138e-09,2.1410575958792518e-08,3.010221810655874e-07,4.626834124603082e-08,7.224760098355672e-10,4.0063819774115055e-09,1.1140172966833577e-09,8.07444393444974e-09,1.5982026323015424e-08,4.4207588952037144e-14,2.695196934665231e-09,0.009504386333742697,1.56207826405175e-07,291.34249571396685
d2324e,1.9166666666665908,36308.09130434783,23.697540691212676,77.03899750719407,19.141068125719062,8.368324071022531,5.5914688554995235,0.0,1.3347448603943819e-10,1.1086732779141768e-08,6.90427210377339e-09,5.050283050299243e-10,9.534765838348103e-10,9.396330120219886e-10,2.02082021997056e-08,1.4200940618048739e-08,6.37539861872383e-10,1.184741262602201e-09,8.209497510722902e-09,1.967656162450281e-09,1.1042521456194674e-09,3.6444813634869613e-09,3.14409100072283e-07,6.673739672763508e-08,9.599531451470105e-10,3.3784133310950435e-09,4.383949570388451e-09,6.6737779141926684e-09,2.074943927127034e-08,5.706735904311683e-14,3.403265747851234e-09,0.014152809030683104,1.912777148431072e-08,295.18693088781157
d2616e,9.416666666666742,29276.590845070423,20.056776628335236,74.24954254068349,14.625013062670588,5.8211798077338415,5.799779119003736,0.0,5.572188401735359e-11,4.55694702341596e-09,1.3997721012179824e-09,8.507234411217531e-11,1.3458448113660323e-10,4.9303911647740816e-11,2.2641695148388215e-08,1.7366147976732914e-08,4.703381148833935e-10,9.059736271798011e-10,2.993536064414014e-09,1.4053687135808416e-09,1.7688886382873482e-09,1.2913781856873235e-08,3.192026470608534e-07,4.0058972615416426e-08,6.692524988894152e-10,4.266568545881829e-09,9.029823105411728e-10,4.149300844737487e-09,1.4191351811237704e-08,4.0481913656806566e-14,2.642115139642648e-09,0.011266613882950346,1.5341707924900122e-08,292.8904808172029
d2fe0c,5.5,29658.309935897436,16.83353498627765,64.27789266821165,9.27652688319898,7.168525963496122,6.121146242879931,0.0,4.901602190714726e-11,4.105842000638608e-09,1.3539195061418395e-09,8.682233611806485e-10,1.6010043906342973e-09,1.7187028729587864e-09,5.387791377142333e-09,2.7797908907924394e-09,1.841615150696217e-10,2.3141901473412556e-10,2.3811927550532155e-09,6.075484315530244e-10,3.8303447977283177e-10,2.179354549455374e-09,1.5549524379578829e-07,6.146910280356452e-08,5.129461848388037e-10,1.4632363541844373e-09,9.611928730860833e-10,8.274470663344251e-10,6.4292158553480694e-09,2.872623401390967e-14,1.4031502752517369e-09,0.009160147518235849,3.108296954347786e-09,290.5803611976006
d30b32,5.6666666666667425,33387.12616033755,17.048634339833146,72.57941295022535,11.679266653884124,8.847229383774224,5.905481922454222,2.4191802573166846e-05,9.214480005635297e-11,7.65623130738397e-09,3.796096869978562e-09,5.424092670962899e-10,9.758011489794891e-10,9.622426254401484e-10,1.0059857350708924e-08,5.880908148102486e-09,4.0884281122201213e-10,5.865834543774274e-10,3.297632934622689e-09,9.028228911339619e-10,6.004521828865619e-10,2.9911809366223826e-09,1.9922291382972882e-07,5.80456241738183e-08,4.81342412094804e-10,1.919376383751095e-09,1.2758777704023416e-09,4.015790602750913e-09,1.2734455633214243e-08,3.685240913341053e-14,1.9420830443555686e-09,0.009869189896382273,8.32435801899488e-09,289.3257046009983
d3176c,5.833333333333409,33419.214018691586,16.60000321531917,71.5119796026452,11.010720042698551,8.935045832566383,5.93858544714619,2.1406590474658895e-05,9.922181401252227e-11,8.264636341517287e-09,4.308291574905306e-09,5.224288776031323e-10,9.438724789074938e-10,8.809474091571583e-10,7.870962496855992e-09,4.014691751973561e-09,3.765388714946106e-10,4.88571995344331e-10,3.027036188360051e-09,6.862975698424506e-10,5.276023450657036e-10,2.96764904745833e-09,1.6848022910511954e-07,5.837576053492558e-08,4.608552545319109e-10,1.7653475487520007e-09,1.2151678548235927e-09,1.89396264421823e-09,1.2039662557114124e-08,3.710739655734265e-14,1.9807128233075595e-09,0.009577193963253492,5.815115324203829e-09,288.842047530333
d34bbc,3.750000000000076,38602.905138888884,23.457734628869915,76.37483855038201,18.694784805171853,8.48442774130936,5.610434395588434,0.0,1.3564385380204237e-10,1.127516479387946e-08,7.1171880030966066e-09,4.3925908872443256e-10,8.028630136168638e-10,6.296395095148018e-10,1.8405496864033922e-08,1.2699763715741158e-08,5.940434967457764e-10,1.0671249480743767e-09,7.391321119177758e-09,1.7959768207652018e-09,1.0830540711213366e-09,3.8959923081654115e-09,2.928204684251362e-07,6.846119079590897e-08,9.499432081052975e-10,3.3310150474627455e-09,4.322232805945955e-09,5.315185111553078e-09,1.940411002061398e-08,5.977574337818487e-14,3.5273136783996468e-09,0.013749292660385203,1.7746744731027055e-08,294.68248277530694
d36ff9,5.8333333333332575,31699.578205128204,12.385493404538327,74.91003693784239,7.327350624821852,6.311502991339904,5.587285574178746,0.0,5.353860295165909e-11,4.518823342272567e-09,1.5421367704428581e-09,4.971114311023851e-10,9.378257629006622e-10,1.0279084100109469e-09,6.35029571099988e-09,3.607879317662689e-09,1.7604727494515047e-10,1.780020874305469e-10,1.7323350025724377e-09,6.235323865430732e-10,8.204270255705724e-10,2.5478372332737733e-09,1.6901168296400546e-07,4.645650496093759e-08,3.794028088169978e-10,1.5871830631790707e-09,7.037005732149837e-10,1.5772629609730313e-09,9.627644200635802e-09,2.6634699798486427e-14,1.4346542320407501e-09,0.006945311243379585,4.733686741882843e-09,285.273798783697
d390a2,5.75,29536.058812260537,12.020439117866761,80.13113763244837,8.289057988726505,7.564413945979324,5.789957924082324,0.0,1.697824510196056e-10,1.4401272696984762e-08,6.326060224848722e-09,2.3107391607696052e-10,4.3793198147405755e-10,4.6387829295838875e-10,4.4721888977651525e-09,2.1806258657953662e-09,1.554549544558789e-10,1.2259269359272122e-10,1.1319836159008803e-09,5.323075035229332e-10,5.835606477121297e-10,7.646516938584553e-10,1.3936649831363289e-07,4.8888435029836183e-08,3.377385488035573e-10,9.079689346427969e-10,7.612244660382342e-10,2.1912834173365916e-09,1.0905272987764032e-08,2.424631322153014e-14,8.076866614666276e-10,0.007223989209791821,1.9334202219688854e-09,285.1202338135874
d3a837,5.9999999999999245,31133.76688311688,15.820339679913861,79.03781024333495,11.868118009891703,8.785793414298745,6.017502974200271,0.0,2.6142353046448096e-10,2.205446949686889e-08,1.0739474543292344e-08,5.554202711953452e-11,1.0563768413415292e-10,1.4000059132873387e-10,1.803250145416698e-09,9.51720835091641e-10,6.140558778687387e-11,7.060883469292225e-11,1.1515309671567553e-09,2.956041759012714e-10,1.666181877470613e-10,3.833354933115837e-09,6.91110947528849e-08,4.405772041273199e-08,3.118755594217442e-10,8.437941239584596e-10,1.8689693155772422e-10,7.352283112145135e-10,3.501877102651038e-09,1.8314378311733297e-14,5.247074460807293e-10,0.008785520901499314,1.6120026517535427e-09,289.08654266140513
d3b90d,5.666666666666667,25817.567637540455,7.465480262458899,27.138174846724784,5.112520752825956,6.941067745148971,9.377472331785492,0.007303119653656066,6.221428305437201e-11,5.074707731458075e-09,1.897243577033924e-09,5.528075624379858e-10,9.747844641205459e-10,4.068209036078612e-10,6.608664946504994e-09,3.7217842407988913e-09,2.0657041447734412e-10,2.2620220962018534e-10,1.8725515755259063e-09,6.184559514513738e-10,3.728627612186538e-10,5.464566485882972e-09,1.5621219403354747e-07,5.441653756602677e-08,7.288868031786825e-10,2.0656507164097455e-09,1.1378851435423591e-09,1.2577520541083083e-09,1.0382847518697305e-08,4.0244016313532025e-14,1.6400036047205744e-09,0.010859760812299573,4.853524130496988e-09,291.9524360558864
d3dbc6,5.666666666666667,36332.01746987952,17.52396868447086,70.52294414828981,11.322094746318374,8.900660553753193,5.59910980603835,1.0509897246744264e-05,7.718541107479668e-11,6.4093191982056415e-09,3.105066987007947e-09,9.927146714405693e-10,2.004297733919553e-09,3.2864172497724532e-09,2.1119322684843468e-08,1.352761140668633e-08,6.937159804488373e-10,1.0835392244235088e-09,6.388059225911985e-09,1.4943530608699517e-09,8.11578040132546e-10,2.740191479017159e-09,3.2919821308034323e-07,5.693619431137297e-08,5.188453533571577e-10,2.415388934888741e-09,2.7793823194035597e-09,1.0478449396877862e-08,1.9344723555010113e-08,4.2347913890309756e-14,2.188856103474332e-09,0.009841521873063055,1.6884912907605875e-08,290.0446767579954
d3e23d,5.916666666666667,27702.37713178294,8.513520996645024,32.768078703569294,5.697001232198327,6.576895479493465,9.410004591591223,0.0028975727365614353,9.763859766161242e-11,8.138435106860177e-09,3.825665993174216e-09,4.5614965814087876e-11,8.231459351848666e-11,4.4195017713406966e-11,6.468513492987428e-09,4.696716444577951e-09,1.9833788046546603e-10,3.7510222957057165e-10,2.628978381357856e-09,8.688911848312799e-10,7.192262870200516e-10,4.4002266657512576e-09,1.8528490841756402e-07,4.538822759136217e-08,4.977051055598153e-10,1.8699198657343753e-09,1.0274291652642395e-09,5.171409567120686e-09,1.4772389641517806e-08,3.786637533932971e-14,1.2795663081883234e-09,0.009506077894024354,9.47624152521297e-09,290.2163525525936
d41093,9.749999999999924,26670.010317460317,27.67137218712526,80.014266115041,23.651089765772966,5.194501759507024,4.465728135724875,0.0,7.470832993547146e-11,5.872635889008749e-09,9.322370370054953e-10,2.978766740149011e-10,4.910021851719756e-10,1.7054489610090329e-10,2.5774410266630333e-08,1.6697059323564226e-08,4.0582140537766477e-10,4.759182125915406e-10,9.765552065770463e-09,1.5867241333489152e-09,2.4400283820858684e-09,9.983263324380113e-09,3.2804153815537013e-07,6.380517743502821e-08,1.871281578330249e-09,6.129704888641739e-09,2.505183600400762e-09,7.7144992779499e-10,1.2935596089280783e-08,5.094170079117953e-14,4.262685990823175e-09,0.01761366563631597,1.49765398581302e-08,299.85116309775003
d43cb8,7.083333333333409,28889.527579365084,15.217043505744883,72.40694076597723,9.708365395982048,10.315177549930487,5.8599344769917545,0.0,8.308156846294096e-11,6.979221446936257e-09,3.3251659684741967e-09,9.30266645012089e-10,1.7682874898667264e-09,2.2755494902739867e-09,5.263287024430038e-09,2.5474176053709143e-09,1.5484533333976077e-10,1.13811934801816e-10,2.3721994493273077e-09,7.100247625460883e-10,8.700753452693983e-10,1.4715461511616316e-09,1.513674822213023e-07,5.5604278474821685e-08,5.987610793476422e-10,1.4200095130161057e-09,1.060182342323804e-09,1.6785002226727822e-09,9.378832059932265e-09,3.060077361779209e-14,1.2736616387789654e-09,0.008100053866935068,4.003781775539522e-09,288.3738497653446
d48b35,1.9166666666667425,32207.369971264365,14.4151148787534,79.07772532322142,10.537621529115812,9.091695200205448,5.94232419666557,0.0,2.1515520770381008e-10,1.8180748827947596e-08,8.45196609699608e-09,8.240430198257252e-11,1.5098461082794784e-10,1.5495953244558867e-10,3.45118428243805e-09,2.179696051423086e-09,1.1282007869745068e-10,1.8400319242533295e-10,1.4152415933291336e-09,4.629228729049004e-10,2.119574637782137e-10,2.083447976650579e-09,8.851871588189079e-08,3.952878145329848e-08,2.340753531470442e-10,6.547319136077808e-10,2.0317268760978766e-10,1.4297406338265549e-09,3.354535335864008e-09,1.8065231342280053e-14,4.461657687485298e-10,0.008024450036967213,2.818512921304072e-09,287.30878433394673
d49bfb,5.916666666666591,31088.98003663004,16.795426567244945,73.85407089128002,11.579760289089238,7.259567222442048,6.025631238764631,0.0,1.0554712386238113e-10,8.866628574578966e-09,4.153080133912072e-09,7.385040639636726e-10,1.38867456054666e-09,1.553014825843822e-09,4.148559937842362e-09,1.911906359644322e-09,1.5071759632614266e-10,1.2662857393671047e-10,1.5089015123255971e-09,4.939326179604211e-10,3.030197083307533e-10,2.1236006629318482e-09,1.3714810689938082e-07,5.9431146007114096e-08,5.502432129824376e-10,1.0636166894786885e-09,1.2873286314160782e-09,8.692820046261233e-10,7.066143688801731e-09,3.51422732860293e-14,1.1404590632288461e-09,0.009101270437267562,2.260401471247455e-09,289.79093823006923
d4ccfa,5.0833333333332575,32007.534833333335,28.006800342461982,41.33744586094488,10.808380730479008,6.39874391225138,5.863203287663757,0.0,3.356798517680933e-11,2.6491597154235724e-09,7.500701537963623e-10,9.626166293404186e-09,1.9993351683382604e-08,4.028737292646442e-08,8.671444939891399e-09,4.157984367012159e-09,2.3487654850450187e-10,1.7497733406471502e-10,7.696454182982816e-09,8.451020513147723e-10,3.855220664459908e-09,8.071063831445969e-10,1.7858432074196076e-07,7.597612262128876e-08,1.340118004819806e-09,4.840286511587675e-09,5.341322101177266e-09,1.6916265333897185e-09,1.595889859107248e-08,9.075967951385998e-14,2.4188489457844145e-09,0.010311410561199458,2.536450749226163e-08,300.18209667319786
d4d142,4.0,36809.09101307189,24.19320179254826,70.50531139091623,18.166237200716886,8.35452970929888,5.984148867018673,0.0,8.792585714385134e-11,7.2166104085373204e-09,3.776429803744945e-09,3.962636759946182e-10,7.13087819878954e-10,4.828327994785123e-10,5.0386773712090385e-08,3.955930155825982e-08,1.5886393639820053e-09,3.704723306929374e-09,1.610919306854683e-08,3.5946463367663996e-09,1.5713802740141412e-09,2.6817924317660926e-09,6.954060494801229e-07,4.245437325451659e-08,9.126594139456768e-10,3.3542998087297393e-09,6.852888216814204e-09,2.9191250100218487e-08,4.3132276291368224e-08,4.330110232601524e-14,2.842193859699125e-09,0.014577996902781009,4.665358980221e-08,296.0401080675781
d51841,5.833333333333333,26924.963958333334,16.091333144810346,75.64842440450137,11.190961841718908,7.670029691273557,5.97846747634524,0.0,1.581048494779099e-10,1.3287791717207058e-08,6.099100861416206e-09,7.050194313335706e-10,1.284761370313775e-09,1.336218608709614e-09,4.168705754674599e-09,2.183472652238906e-09,1.4982270315564233e-10,1.5091511654973643e-10,1.5013537343020471e-09,5.175346819268652e-10,2.7264114162689595e-10,1.7797363292556515e-09,1.3600587849193245e-07,5.362863985852377e-08,4.57002502830287e-10,9.965327989159752e-10,1.1430043845623994e-09,1.347478149204365e-09,8.627071276666227e-09,3.298431826546604e-14,9.181263041847769e-10,0.008833457439229808,3.699048792683457e-09,289.10929149725905
d6765d,3.750000000000076,27304.47156862745,27.655546105525833,37.82922820499437,8.616441389134373,5.962841153188152,5.742675922170742,0.0,2.7054721141888156e-11,2.1090994909210736e-09,5.52343019349006e-10,1.1541778703154492e-08,2.4742051991660296e-08,5.345866320444233e-08,1.1754956038479978e-08,6.374405485235189e-09,2.5951060908982633e-10,2.3205985338819484e-10,7.465813249398565e-09,1.086045587442574e-09,3.3570224972161845e-09,1.7492586470221301e-09,2.193136495439275e-07,7.350257708350026e-08,1.3491947558065757e-09,3.6256042471298757e-09,5.129841623955521e-09,2.785015187368267e-09,1.7344734930316673e-08,8.698955090866879e-14,2.142180402012703e-09,0.008453081425064533,2.6053179853933664e-08,299.9184692988837
d6880f,2.0,28372.918958333332,26.189532192882336,76.67969384162384,21.398566864243783,5.687867321667847,5.52625767854153,0.0,7.532683430516436e-11,6.0527288144052305e-09,2.0045354136952973e-09,4.2943189893464433e-10,7.378951251555317e-10,3.9795078040997167e-10,3.2979039659489e-08,2.4015616749624156e-08,7.654889922126425e-10,1.416338431936401e-09,4.637744138812103e-09,1.967851661597921e-09,1.1031004044605927e-09,1.453913316526064e-08,4.645289507506066e-07,4.959109037512433e-08,1.1343058129846115e-09,4.125766624136844e-09,1.358586057611524e-09,3.6256647254886734e-09,1.3100668533551085e-08,3.850132088058921e-14,2.705276652309438e-09,0.015778965102032347,7.818488926519056e-09,297.8774122251557
d6d769,9.333333333333409,26893.78888888889,12.640548992290348,75.94935651501767,7.957248097296737,4.978195087446373,5.842814437739457,0.0,5.143984863001908e-11,4.328243765540581e-09,1.5774151282762486e-09,4.763016844469073e-10,8.872970067835912e-10,8.864233451187245e-10,6.128919002538397e-09,3.6860627034838337e-09,1.6521871158436018e-10,1.3626687029225186e-10,8.57177725050388e-10,6.232722937838368e-10,3.5871309645001383e-10,4.136854853652602e-09,1.7521334464420146e-07,4.7791844772905625e-08,3.0910060034328397e-10,1.2339143370600961e-09,5.34622015796113e-10,1.1110290423203728e-09,9.103808471224517e-09,2.203508694724396e-14,1.3500541213461933e-09,0.006778925924393788,1.0981879953479713e-09,284.06732543064714
d6f7e7,5.2499999999999245,30485.733514492753,27.95623192507676,40.19815189247638,9.970213076285042,6.517140291435899,5.867205355703014,0.0,3.146427096470186e-11,2.4772919299124086e-09,7.218131183433464e-10,1.0201087463452033e-08,2.1417531653609893e-08,4.3939812314366234e-08,8.228558483488641e-09,3.838595854654028e-09,2.2054593811448203e-10,1.5821555218703628e-10,7.500888896950445e-09,8.267209490386814e-10,3.5678049214544247e-09,8.642423919657124e-10,1.73928903149248e-07,7.680283222955976e-08,1.3461784477115551e-09,3.921644800069653e-09,5.19617522265339e-09,1.6778039358802291e-09,1.4760708980405983e-08,8.884991366362085e-14,2.1239298792131225e-09,0.009769447092395786,2.4242040559807194e-08,300.248996434731
d76df6,10.333333333333258,29314.860897435898,11.435734372354391,63.912246422736445,3.245003833679614,7.348759634204163,5.287050372539365,0.0,1.4507751025750298e-11,1.1937852531607125e-09,3.0082083903048877e-10,2.2030538578758717e-09,4.369705802916671e-09,6.703865306726666e-09,5.129100017300439e-09,2.3738481670823135e-09,1.6583499535875591e-10,1.0462054821593147e-10,1.7668335042595898e-09,6.657848634237394e-10,7.758994076837526e-10,2.2709657271349763e-09,1.5216674330532068e-07,5.487971428894759e-08,5.112948698975484e-10,1.2236711374502235e-09,7.374409783035905e-10,1.1374565232241628e-09,6.905203566382043e-09,2.952455682031134e-14,1.2584089128835654e-09,0.00599150181230628,4.81276577600462e-09,283.76315840090064
d8b2c2,1.749999999999924,33817.17789115646,23.23464279463658,79.38246015269497,19.215354710914003,9.543451516775423,5.73957278371057,0.0,1.616781247880717e-10,1.347918688863714e-08,9.030468121193108e-09,3.9437241402503034e-10,7.308207431119716e-10,5.639755188061705e-10,1.4480445532949902e-08,1.0002975838261399e-08,4.836336431476248e-10,8.737185355803623e-10,6.26969851129623e-09,1.6098649997369127e-09,9.512760769599826e-10,2.979438037813465e-09,2.4446655163975403e-07,7.121442263263955e-08,9.487581038609432e-10,3.25981252409864e-09,3.995584636447612e-09,2.7335582068775577e-09,1.7480705773359257e-08,5.72480233146483e-14,3.421239540706603e-09,0.013972320903171062,1.4884531559274057e-08,294.60675146144575
d91e6b,5.833333333333409,31837.137708333332,25.969769583303833,77.63100538712365,21.39074524902097,5.497709551958577,5.373689094884786,0.0,5.932726486917341e-11,4.745457819737819e-09,1.4197647835302373e-09,4.4878059117403235e-10,7.58423055791399e-10,3.5967956761801637e-10,4.1527086665899874e-08,3.08279254198238e-08,9.430712751282272e-10,1.8055005902684964e-09,5.279143112157836e-09,2.415103703354733e-09,1.2007438325731217e-09,1.4782116904252144e-08,5.746151432241666e-07,4.87623649745449e-08,1.0875577737420808e-09,4.43895581321992e-09,1.7453496442141622e-09,4.7995325432458725e-09,1.572415072035386e-08,4.0914884959872725e-14,3.085803979906474e-09,0.015665581417091744,8.6287135610902e-09,297.74184799380305
d92c60,6.8333333333332575,25550.222713864307,7.3817981323854145,26.54680346663548,5.0966002330226425,7.087438888651094,9.34770571036298,0.006219242606317274,6.47850534306558e-11,5.2884745664814065e-09,2.044441997830136e-09,5.793196441751075e-10,1.029533415479339e-09,4.1762198713917856e-10,6.4933180117324075e-09,3.6526960735763452e-09,1.9252731472886112e-10,2.0101788277169882e-10,1.8474175723715797e-09,6.02354621787927e-10,3.664457058732865e-10,5.2806993280685174e-09,1.524905962481394e-07,5.441940250395766e-08,7.353565857493062e-10,1.9745056888772236e-09,1.1145859210999023e-09,1.1847840923744448e-09,1.0190464632019066e-08,4.060984709518883e-14,1.5816268376711785e-09,0.010916692442886365,4.7810934907713055e-09,292.03990070460856
d973e4,3.8333333333333335,30395.52393162393,20.341237634674613,58.101236376307135,10.785002380511779,5.756068170332945,8.541541182826856,0.001622443028309043,3.590258746836899e-11,2.897585518068598e-09,7.999306256096418e-10,1.2978641834045258e-09,2.610808954686635e-09,4.24766699288225e-09,1.1545893630208423e-08,8.358559754463028e-09,2.195263489399685e-10,3.4309676430771093e-10,1.805536273817648e-08,9.688221637142966e-10,1.2279181659115649e-09,1.5621419751227637e-08,2.2351827328168977e-07,4.836343138168048e-08,8.441279412023719e-10,3.0336931072508906e-09,7.588650472780666e-10,4.798289801131591e-09,9.793912157562468e-09,3.8284272525077787e-14,1.8078780068242218e-09,0.009857778461543249,7.965741818406318e-08,293.1127490741305
d9ffdc,7.583333333333409,32766.04591836735,9.07795115627409,78.7524323788391,5.152078810634956,8.502506648122802,5.755920947192968,0.0,9.946636996281258e-11,8.439968525716803e-09,3.4439629504012077e-09,1.6114640059800223e-10,2.967578539268169e-10,2.667452516794218e-10,3.656656874884562e-09,1.5981330866049077e-09,1.4556290838982335e-10,1.1063842332141932e-10,8.285108035587203e-10,5.533843833138947e-10,4.891505803826281e-10,3.4580111611595225e-10,1.3402725106752e-07,5.35709573580356e-08,2.3046756307993657e-10,8.42691032785725e-10,5.77471684535915e-10,4.198574536400378e-10,5.7923482595341135e-09,2.067483598476435e-14,1.1737883716532753e-09,0.006105157175847887,1.0549518399588115e-09,282.2752373061523
da2f7a,5.7499999999999245,29937.569897959183,10.431127861979775,39.070000924276854,5.549902020988908,6.136719772202422,9.968608805733085,0.005361348655870192,4.289021544242031e-11,3.4902572954489353e-09,1.1875784088237497e-09,6.552392927944233e-10,1.1554015684342775e-09,7.078624422462992e-10,6.135605215737293e-09,3.2950727894219593e-09,1.666330601216227e-10,1.410696362798458e-10,1.7407373921913533e-09,5.446858618867649e-10,2.878796411996339e-10,6.9923000438991546e-09,1.5346479850840864e-07,5.3192914107382116e-08,6.450754896497181e-10,2.1820026885014836e-09,8.961211189828557e-10,1.135163683284521e-09,9.676798388144588e-09,3.483299470874805e-14,1.7308489632665637e-09,0.009498559179379485,4.411414143048801e-09,290.28754452008343
dadb09,3.1666666666666665,30341.4720657277,9.345204678949246,68.74560674165825,4.738636497368461,7.937804706758094,12.241003967979356,0.0003235295240685728,4.1327879426938815e-11,3.422282394958758e-09,1.189263676593559e-09,1.7209894054378496e-10,3.1250759353050845e-10,1.8772286320584364e-10,7.214031298834954e-09,3.722027648601566e-09,2.221178632663962e-10,1.3757697266059403e-10,1.4882386653726965e-09,6.008276415454868e-10,6.034417900980187e-10,1.7733178759318801e-09,1.6074514191029684e-07,5.12242975819842e-08,4.0077823289586493e-10,1.3497391567029542e-09,6.896571645903463e-10,1.0972896812385616e-09,8.431208595396296e-09,2.728692086343367e-14,1.3360819235755278e-09,0.007248506982758279,3.4437425047414703e-09,284.04858055707973
db86d3,2.916666666666591,26584.635310734466,5.390931834414351,23.98438060691473,3.058858895872419,6.7186028561715005,9.388896019562482,0.004413745261383598,3.304202617304074e-11,2.713740109775517e-09,8.942843165457676e-10,2.736975443422259e-10,4.88666129901476e-10,3.1659164069675455e-10,6.853597565651008e-09,3.7167397389712167e-09,2.032088809703597e-10,1.8460042005168542e-10,1.8521214484178873e-09,6.531136972277465e-10,3.9054866661807375e-10,7.0324509500312785e-09,1.676516644312037e-07,5.618284510819811e-08,6.4181867861376e-10,2.2695392260730954e-09,1.027454688468798e-09,1.4500379430089268e-09,1.0768832571570469e-08,3.244872960228573e-14,2.061206034887506e-09,0.008448166868519564,5.387478031584329e-09,288.6230757090861
db86f9,8.166666666666591,5987.155555555557,27.99383938944203,83.48297849985873,24.68054444589531,4.735121784060976,6.167720217978548,0.0,2.97781791517636e-11,2.3768072806638477e-09,8.895035347954473e-10,2.2301319672988747e-10,3.6863045588840594e-10,1.6338474316822226e-10,2.698023349737884e-08,2.1662255867583658e-08,7.16124709811598e-10,1.6728193765724853e-09,5.135481395370692e-09,1.7729420792811036e-09,8.520231302605622e-10,2.024549068234924e-08,4.0311447500008327e-07,3.758890703363824e-08,6.729227212581959e-10,4.633557526030854e-09,2.1277087697303573e-09,7.604106358632534e-09,2.2899707884991917e-08,5.806993110315141e-14,2.1660228905450737e-09,0.018753304712881266,1.91371768889288e-08,299.1776154017557
db94b5,1.8333333333333333,37622.17916666666,24.11933637574075,77.76545914039752,19.721872770682676,9.018624572738263,5.590612959094753,0.0,1.4022188071627535e-10,1.1648304378255905e-08,7.416563483785218e-09,4.4673147748676106e-10,8.259998987776931e-10,6.616711393480262e-10,1.9659500332699505e-08,1.370158068781537e-08,6.020814892196812e-10,1.0919822754602231e-09,8.382558332307055e-09,1.824523087864557e-09,1.1329066108762136e-09,4.050245683114102e-09,3.0198848882361713e-07,6.743530824248612e-08,9.898562447043227e-10,3.5454923446412037e-09,4.3701801864807925e-09,5.43081179517041e-09,1.9819899531259093e-08,5.952989420604714e-14,3.416930960050186e-09,0.014541086433269292,1.951645523242344e-08,295.56288418273203
db9cfb,2.4166666666666665,28727.558024691356,17.955198940898406,80.62035104583236,14.131723461402409,5.153573141692541,5.870816320925319,0.0,5.504052369061397e-11,4.4056128981455386e-09,1.2984574097658784e-09,1.038004953157946e-09,1.5135800585180537e-09,2.6589026003685076e-10,1.8421783929678628e-08,1.1889326951314587e-08,4.687505988829923e-10,4.784217606779596e-10,1.056645144841084e-09,1.4591803467698618e-09,2.6923949054572058e-09,2.0654929317061405e-08,2.737842885855861e-07,2.5640284508089224e-08,8.189195864967862e-10,3.512220197887489e-09,1.9437817536209603e-10,3.3235977996606604e-09,6.91294591077008e-09,2.472216501366322e-14,1.6027587100418632e-09,0.01316772758165583,1.5596829535968568e-09,292.251444204173
dbabf9,4.0000000000000755,25909.990625,27.270380620893057,82.35091921958065,23.79379673189295,3.4717433428950266,5.675139845996426,0.0,7.040023665385468e-11,5.564036691323485e-09,1.0482890109190202e-09,2.342044270629524e-10,3.8189418306441845e-10,1.4810994718566704e-10,1.9871317994618395e-08,1.3127465916988007e-08,4.1322833322084794e-10,6.524560274016364e-10,3.7055867286757628e-09,2.6999648481797785e-09,4.133251780282502e-09,3.12633555490523e-08,3.134939493642069e-07,4.5510878250119615e-08,1.4394308190495155e-09,7.942490447445073e-09,7.540261380043785e-10,2.196416877795494e-09,1.2738797119651987e-08,2.4104627627479972e-14,3.3960361478127184e-09,0.017689353218383958,4.359623286682083e-09,299.156962263922
dbe301,5.9999999999999245,29356.71443089431,12.043320906844722,80.29031386251985,8.357897641762674,7.955659338643311,5.798663266990814,0.0,1.7100807244675618e-10,1.4505305329542045e-08,6.3775612999620225e-09,2.710206307730379e-10,5.151728927929124e-10,5.650222680165682e-10,4.1911215020092945e-09,2.0278991601354086e-09,1.484489136515945e-10,1.1451589941921931e-10,1.0478088135648488e-09,5.310204084134878e-10,5.682927952430781e-10,6.481047978753366e-10,1.3710001964567288e-07,4.9319237505085706e-08,2.9066830682292615e-10,8.601278260426691e-10,7.689516438672454e-10,1.8284793444669958e-09,1.0383829547018313e-08,2.4177263232290038e-14,8.258988843789643e-10,0.007160381131599524,1.73601142078428e-09,285.23064468145026
dc787a,5.666666666666667,31830.440476190477,14.135909514833644,73.14744144109387,8.717765933822136,6.6454238071929055,5.8480628127302285,0.0,8.544052044251765e-11,7.209865932576526e-09,2.8528316598640395e-09,4.611989626983228e-10,8.489943257509931e-10,8.387381125531068e-10,6.155937302442378e-09,3.339979343683884e-09,1.843791128056532e-10,1.7444345443190746e-10,1.240801418228538e-09,5.662897047756906e-10,3.9579981748635817e-10,2.1740061454454877e-09,1.642913254466434e-07,4.8676356690657086e-08,3.785424070651257e-10,1.191020909670245e-09,8.788651071160066e-10,2.2032438448312866e-09,1.036107751738758e-08,2.8394036866418433e-14,1.243918682579479e-09,0.007538590905953108,1.7759080204224155e-09,286.59199812587616
dc91cc,8.083333333333334,27761.64438405797,22.678833887727226,73.22988993624,17.305662316973848,6.731771923296925,5.9662625120016415,0.0002861195557771782,8.369495638674132e-11,6.794402364939473e-09,2.2216832432674164e-09,2.6084032689512853e-10,4.185042265687227e-10,9.925433874841826e-11,1.3049065017528965e-08,8.947899145042436e-09,3.4676442192924895e-10,5.226704800407335e-10,1.5449764157261412e-09,8.690814867584723e-10,9.019577596773858e-10,1.2997342907444712e-08,1.978443761594615e-07,3.800913837661087e-08,8.038212369994739e-10,3.071351332253528e-09,5.319826647245793e-10,1.5165265950459833e-09,7.430948988275932e-09,3.4479691571722896e-14,1.6211773181991859e-09,0.012849993529850348,4.08007266191428e-09,295.7007170201408
ddab14,5.916666666666591,28989.40614035088,12.572123388961751,79.56302769866815,8.651679610923052,7.19235505656232,5.761387639311292,0.0,1.687904797300785e-10,1.430545714160404e-08,6.234626489478747e-09,2.936317145879714e-10,5.595622140027858e-10,5.949559530127213e-10,4.466976022358498e-09,2.1611358351129097e-09,1.5975406060342814e-10,1.3247577552577773e-10,1.1177758608487837e-09,5.357569372690006e-10,6.130594414384844e-10,7.811541397919968e-10,1.3770238230384078e-07,4.8050897344969317e-08,3.2532912557854024e-10,9.684662897841022e-10,8.009263673278749e-10,2.264937226358962e-09,1.2007275272123072e-08,2.6402721010983783e-14,8.474470057062651e-10,0.007360970265144824,1.840186638342247e-09,285.83107832833775
ddbf53,4.916666666666591,30439.15052631579,10.180126253576445,38.67753541738301,6.182777464972323,6.158134528776687,9.39870833140562,0.006853301876170279,4.5872782948351265e-11,3.7387484436779625e-09,1.4119086609268844e-09,5.403951331209464e-10,9.454824083657456e-10,5.444646888993652e-10,6.2013121736131434e-09,3.3090593753930907e-09,1.7801047189240472e-10,1.5201250578383254e-10,1.7977770522756041e-09,5.565468955300619e-10,2.997071494757187e-10,6.42875989386089e-09,1.5408752061662368e-07,5.457420001003819e-08,6.573803203590621e-10,2.159517616342226e-09,9.80154195219846e-10,1.0301960056373076e-09,9.881812060928066e-09,3.6557039786239363e-14,1.8108922436170373e-09,0.010163442498231604,4.603324291668262e-09,291.14966836312476
de9892,3.8333333333333335,31940.26221122112,27.730371954119928,40.19211006137365,9.805429959118495,6.309606586024778,5.8312867022171115,0.0,3.114220936772004e-11,2.454802073387654e-09,7.057191402944331e-10,9.568796598771811e-09,1.9914476513228438e-08,4.0552053893068326e-08,8.711897150501836e-09,4.17769595018983e-09,2.374994571317052e-10,1.7947522011290422e-10,7.555548859880126e-09,8.130370493919958e-10,3.524297131668461e-09,8.266001133704894e-10,1.7949616963151496e-07,7.537793482742015e-08,1.3119677067705925e-09,4.051176801757164e-09,5.3264680703545395e-09,1.9904224124575445e-09,1.607451216695629e-08,9.019631914130634e-14,2.141611974495922e-09,0.009685621844198498,2.4948380779570424e-08,299.9998965428622
defe07,5.9166666666667425,34088.555873015874,15.846474255946738,71.73707462626417,10.302113665275144,8.389633376750156,5.875409859102934,9.676842832708382e-06,9.391901643264385e-11,7.815473760632813e-09,3.992586068296358e-09,5.780279044557211e-10,1.0546613366039071e-09,1.1038753126162566e-09,1.2226069268853757e-08,7.54000021100305e-09,4.691099493999294e-10,7.147244535183248e-10,3.4739856393060334e-09,1.0227476871185524e-09,6.649307935422787e-10,2.9913253394598314e-09,2.2124584040945009e-07,5.689630762384425e-08,4.6215299612409224e-10,1.9133429044720445e-09,1.3371495725381285e-09,4.889639608037424e-09,1.4121255483972917e-08,3.5671733956399555e-14,1.983368559400361e-09,0.009396284063604422,1.0134996692206195e-08,288.433219242108
df1539,5.916666666666591,30958.024999999998,7.622389282696918,78.34636397706966,3.5864641688309957,7.9558270534377735,5.760437551846382,0.0,8.742615701317572e-11,7.417799329600763e-09,3.041178714705918e-09,1.429599515235198e-10,2.6576619424093353e-10,2.583680639635277e-10,3.417327592435953e-09,1.534033982848299e-09,1.364403522972058e-10,1.0553591757199119e-10,7.125676138435291e-10,5.738809225120043e-10,5.224467880087027e-10,4.16434737834868e-10,1.3309677425465476e-07,5.543614397425608e-08,2.3712755158356344e-10,8.750633944169741e-10,5.83610511096231e-10,3.0301413833119585e-10,4.622846431965293e-09,1.8356605388214667e-14,1.2282256071176167e-09,0.0056886797377286346,8.385430576449192e-10,281.1771460235069
e0b473,3.833333333333409,28965.689393939396,20.43764501943964,61.30719252539043,12.311674508322517,5.467085419675364,8.14098441294138,0.0002769348477851449,3.4544419810985853e-11,2.779820601111243e-09,7.598757586195934e-10,6.414878351084733e-10,1.1244558857979535e-09,5.499116858931544e-10,1.4774634396548803e-08,1.0899940826656948e-08,2.8809483821514585e-10,4.6299535967501393e-10,2.6010836106547442e-08,1.1639842506791623e-09,1.6333070709918555e-09,1.9599097183065807e-08,2.619417737022866e-07,4.405637849416173e-08,8.517328167988146e-10,3.632733376915181e-09,8.279144594256781e-10,6.234984284107813e-09,1.2243233578960761e-08,3.791531219392322e-14,2.203955272526821e-09,0.010656782844139569,1.0829430207335152e-07,293.07771678237026
e0d838,5.7500000000000755,25549.559523809527,17.063747122527285,72.14404736799737,11.244232767382716,5.168533873801202,5.0789368400702655,0.0,6.203090134886639e-12,5.035411440508984e-10,1.483816184798172e-10,2.127680503262371e-09,3.838706052546086e-09,4.5698230220301015e-09,8.787656340258068e-08,6.754320634444467e-08,1.9896497200494816e-09,4.14910272637912e-09,1.4580697794492447e-08,7.039624342600924e-09,2.9449484978871555e-09,1.0469760468653956e-08,1.3647246541901425e-06,3.251383009604719e-08,4.755943076364578e-10,5.2956275801374e-09,3.983700769120771e-09,7.385486867468463e-08,4.6389537454065605e-08,3.3697374389768963e-14,3.763010412934516e-09,0.009798027352035367,6.560687035818685e-08,289.1877982975166
e110d2,6.4166666666667425,26819.86137071651,14.896848627287289,71.62060276454814,9.102242526228189,9.180505384103078,5.889310128558023,0.0,7.946053384067655e-11,6.684923841002341e-09,3.0195148351675576e-09,1.0264831608303096e-09,1.950552118701344e-09,2.3729709133746645e-09,6.599159694134322e-09,3.568860674987512e-09,1.7775306615514424e-10,1.61570043652402e-10,2.397904496294898e-09,7.365937993034692e-10,1.0518810562472282e-09,1.9958879378896192e-09,1.693999055233389e-07,5.389364684079241e-08,5.718784475225253e-10,1.6800877229222152e-09,1.1992539501876165e-09,2.1476775116271797e-09,1.1112599575191382e-08,3.0115718927418804e-14,1.4490937454827828e-09,0.007869179870734473,4.539357879633665e-09,287.8633129128942
e15eb1,6.0000000000000755,33206.502645502645,15.86656734520241,70.03226121781488,9.573639695059203,7.544403197873703,5.944101673631267,4.613873163717302e-05,5.6940537940086894e-11,4.764973627478971e-09,2.0169554725819735e-09,1.0507148496556735e-09,1.907493807814773e-09,2.0803603987264522e-09,6.316352120761251e-09,3.171016330567643e-09,1.78856704165579e-10,1.419443450079569e-10,2.6376613897845355e-09,7.601073301573142e-10,8.306121988573718e-10,4.1068230148798714e-09,1.6020900675882873e-07,5.142837227851833e-08,5.508665727916338e-10,1.621317021764463e-09,9.043826178686473e-10,1.8450969960501746e-09,9.66737746444529e-09,2.860312335146828e-14,1.4749976308354898e-09,0.008129881136211263,4.971256030768272e-09,288.2960589548743
e16aaa,2.3333333333333335,26305.101538461535,16.748144157468005,69.18817193137129,10.166946688680435,7.369588916396165,5.96849668240052,0.0,5.4728509598069665e-11,4.569920261115833e-09,1.88727990841198e-09,1.118380208629803e-09,2.0457529323115772e-09,2.2891516409961256e-09,5.602061697857068e-09,2.6210142482840605e-09,1.621638764318128e-10,1.0807420799244185e-10,2.489358058136504e-09,7.012536301240395e-10,6.042227972797962e-10,4.8051554143549e-09,1.5087244252900248e-07,5.4438414259825855e-08,5.898611358497232e-10,1.5259812439647545e-09,8.634037632699435e-10,1.311846209814728e-09,8.50559177827354e-09,2.734662675407068e-14,1.3216778909244319e-09,0.008326813155569344,4.287182682054426e-09,289.3366148174234
e2119d,5.6666666666667425,20357.056397306398,6.479199124554346,29.02261310240732,4.140340979063194,7.807531316434177,9.240090978729015,0.004865073853560183,5.6254665543929974e-11,4.69181075180535e-09,1.9017583471264525e-09,2.0459846734428472e-10,3.510956153783044e-10,1.388307061235189e-10,8.030252358854684e-09,5.1544273651874305e-09,2.4512853745459405e-10,3.6494343489554025e-10,2.175910816909131e-09,8.574977163531965e-10,7.095099446844116e-10,4.945811086965616e-09,1.8930211921843176e-07,5.609134718909955e-08,4.86532637031246e-10,2.2172800185924836e-09,1.6140156287497487e-09,3.7930575314151556e-09,1.433381477371128e-08,3.224775451541337e-14,2.2386533568474157e-09,0.008446076362036821,7.401604678366605e-09,287.98447661412683
e2588a,5.916666666666667,23950.522222222222,13.360466624365483,72.68777809010913,7.699784134567622,6.051229336959005,5.837604044171792,0.0,4.3240469736737663e-11,3.6259319579550356e-09,1.0699616528084657e-09,4.704627530294253e-10,8.877997834297988e-10,9.403178189211784e-10,6.016176368498541e-09,3.146082303064439e-09,1.8247610115511013e-10,1.2238659834201888e-10,1.6548674309351134e-09,6.371598172376637e-10,6.097901240791245e-10,2.775907782427128e-09,1.6565783369627979e-07,5.070467784492612e-08,4.329190257506947e-10,1.501419445290826e-09,6.233751917800637e-10,1.0945988253534966e-09,8.306271399718403e-09,2.599184606432921e-14,1.445250573381879e-09,0.007136155863874251,5.882103885689372e-09,286.5346852759049
e25df7,6.833333333333409,31349.165234375,27.584566162469418,76.64566854093911,22.86541171079758,5.436328734104682,5.996563161910716,1.763507095226034e-08,1.2132908332295652e-10,9.7725637866392e-09,3.2451097105982964e-09,1.914990308879246e-10,3.2093012281164673e-10,1.3356672295395045e-10,1.409800687709394e-08,1.0464990562292747e-08,2.674116468582648e-10,4.949090959794908e-10,5.967922184612487e-09,1.1030037574151942e-09,7.304355948048028e-10,1.0969833021786566e-08,2.1578207068253426e-07,4.530135126201865e-08,1.0783904711691586e-09,3.035866040447061e-09,6.507061188137956e-10,2.448324580911473e-09,8.71308604546849e-09,3.4507133203729395e-14,1.1835162310316485e-09,0.016992369215963126,1.7716757482937017e-08,299.01135411098886
e2ce24,5.8333333333332575,25344.663596491228,8.090317453016027,29.810882560325222,5.0787982278080435,7.016165593322301,9.363009790627464,0.006522140303684682,4.612757755028812e-11,3.772112639851793e-09,1.246957548925647e-09,5.071781353203397e-10,9.181481633071342e-10,5.150287446741602e-10,6.877288626347634e-09,4.145436562427281e-09,1.9748232490638706e-10,2.409250922336701e-10,1.8612157887280355e-09,6.830048764923452e-10,4.5597849331175387e-10,6.089401092284202e-09,1.7050881702353087e-07,5.251543870452199e-08,6.806295374665172e-10,2.2633683271202704e-09,1.1336137282359416e-09,2.180324987923208e-09,1.1399244651664545e-08,3.239283615870094e-14,1.8457064432401238e-09,0.009718676625579632,5.369875703266687e-09,291.230552018949
e2d345,9.916666666666666,30929.32309711286,27.099306040379947,55.357541412842274,15.77412830505413,6.254676163823261,5.531919060125944,0.0,4.274851338955592e-11,3.39501138190604e-09,8.366507072022071e-10,7.453121323410804e-09,1.3798071325012953e-08,2.197142774031678e-08,2.1423484947476167e-08,1.3367867680370543e-08,5.036541039179269e-10,6.934565130774495e-10,7.785956932029066e-09,3.0005464584872193e-09,1.9136691535012746e-08,1.7520550860208868e-09,3.4980382178269715e-07,1.097564106754212e-07,2.3901875718692033e-09,1.7172264505912822e-08,1.5305174993047183e-08,2.3061617226507524e-09,4.062993909221078e-08,9.374626671143889e-14,1.4826213722056884e-08,0.013685706067266363,1.6839831771074083e-08,299.2182838970203
e30de2,5.666666666666667,42864.498765432094,14.074006849114127,70.99783823613126,8.306575162185474,9.84625626365161,6.095661016428726,0.0,1.3415235801238383e-10,1.1384437996702451e-08,4.64929951790522e-09,1.0532682845471305e-10,2.2699865244554917e-10,4.415391312936465e-10,3.0996948798938834e-09,2.181005570257929e-09,7.835702406420309e-11,1.4162130226115618e-10,7.981350120916376e-10,3.9420999702199447e-10,2.9598390520417963e-10,8.482435216621643e-09,9.334717267642845e-08,3.8912010191238474e-08,2.471212242181135e-10,1.2691810234883672e-09,5.585468720867149e-10,4.453973689163782e-09,1.0875452948675743e-08,1.89166108508891e-14,9.346708635260658e-10,0.006978083119946195,3.0767939769933073e-09,286.6978576969081
e345b5,5.6666666666667425,30655.435885885887,16.290213155304308,69.11603521696091,9.750209455030195,7.374878738339032,5.934028173789126,0.0,5.6413126044480413e-11,4.718931731106221e-09,2.0356774064432123e-09,1.1946536287365522e-09,2.1437411339654465e-09,2.324978084979439e-09,6.070173141189873e-09,2.874596437772625e-09,1.7019934883752102e-10,1.1267213459523246e-10,2.6451332077025612e-09,7.228726341965584e-10,7.23308339617008e-10,4.8611716350299986e-09,1.5497509877013475e-07,5.307979795117019e-08,5.52782447551465e-10,1.5773518121436478e-09,8.717347890515965e-10,1.4676879335663156e-09,8.926746716622456e-09,2.8240033953690234e-14,1.4125052168889246e-09,0.008059403661659786,4.304553257123524e-09,288.72513679465277
e38daa,5.9999999999999245,28375.45395833333,12.428082281895183,79.15315755509113,8.423975600120261,7.198520994398135,5.766616726353463,0.0,1.6747393103850698e-10,1.4199212000458433e-08,6.1877792339726184e-09,3.008919686062976e-10,5.786763231066407e-10,6.654751878639777e-10,4.490677332134743e-09,2.158488830769735e-09,1.6101923586626263e-10,1.369815510367064e-10,1.115928088777995e-09,5.448039351019546e-10,6.292935202136259e-10,8.333111660338353e-10,1.3938952966590765e-07,4.7643473284462794e-08,3.1303069864343943e-10,9.803699680390156e-10,7.585281370437614e-10,2.4083239320489902e-09,1.2296725694467682e-08,2.596125450000303e-14,8.666460854671613e-10,0.007291579892539743,1.8842793649589516e-09,285.68904413761027
e3a798,5.9999999999999245,27551.155787037038,11.556697871825381,80.10760259601088,7.796562944281281,7.469450732565154,5.775586037663838,0.0,1.7257868458498686e-10,1.464682175861099e-08,6.484809626741874e-09,2.596249412957244e-10,4.952320517516864e-10,5.812463694192825e-10,4.405477362606347e-09,2.2980706587818638e-09,1.4337219152716623e-10,1.2055892110708188e-10,1.073944829147684e-09,5.412373307808966e-10,6.131058935489513e-10,6.553993498737099e-10,1.4073877550839236e-07,4.717751953259258e-08,2.6918760716509196e-10,8.936608813981162e-10,7.459122586171095e-10,2.2813532705373515e-09,1.1617899812405075e-08,2.2515977728489715e-14,7.990262363005507e-10,0.0069692647785110735,2.09355299399822e-09,284.60970934712753
e417d2,5.333333333333333,28528.833712121213,8.677888608017296,34.07811281391268,5.9673619686243375,6.518346537382556,9.416522982269008,0.0030189570172356973,9.910549624479383e-11,8.263363847425334e-09,3.783364933949856e-09,4.136406846175085e-11,7.361493096827101e-11,3.730538652653846e-11,6.97352262043602e-09,4.962406985782469e-09,2.556287900856811e-10,4.6055390844163207e-10,2.7029541125716768e-09,9.568200073213115e-10,7.317911281474859e-10,4.320172954594529e-09,2.0045037604673582e-07,4.757573969279881e-08,4.916068765760057e-10,1.9814542866558104e-09,1.1250753794686803e-09,4.829584219944151e-09,1.4959201353905324e-08,3.873781003768137e-14,1.4865168363550916e-09,0.009558897809870034,9.5882796693284e-09,290.22251029084947
e5031e,2.9166666666666665,20551.613551401868,9.235429102889675,34.86755952019294,6.68798386438528,8.117039012454367,9.015914739582335,0.006468046611859348,7.989883521223912e-11,6.557876605345473e-09,2.7757367946786574e-09,5.663477561169221e-10,1.0170377505370844e-09,4.6511094234084654e-10,6.8204143314789825e-09,3.957982569142822e-09,1.980792700101363e-10,2.1605363944974007e-10,1.7641337649506977e-09,6.527216733555762e-10,4.513889138035024e-10,4.090889812718547e-09,1.5528552051443308e-07,5.727850868827606e-08,6.675259267719383e-10,1.8279427751579916e-09,1.137751435979347e-09,9.82114296376896e-10,1.0163264691302801e-08,3.7785095938014814e-14,1.737349564813256e-09,0.010445688938681112,4.624500038843995e-09,290.4675089514697
e51569,6.1666666666667425,24279.546766169155,26.24474131748587,69.66316718601091,19.132708706530117,5.4092641533821935,2.791669246339097,0.0,7.268469165091692e-11,5.757549923189339e-09,1.3416744957151064e-09,3.0948442490508662e-09,5.909771020548602e-09,7.136838388058224e-09,7.142725791473495e-08,5.069330449257892e-08,9.654442506063317e-10,1.673680333840794e-09,9.89614988913587e-09,4.327240944556287e-09,2.122935044775538e-09,7.796160556306833e-09,9.007628300916578e-07,5.587223680871632e-08,1.4285472509344398e-09,4.663757338734222e-09,3.88582700675147e-09,1.03783430772595e-08,2.386266322480672e-08,6.042730325452086e-14,2.566057768321283e-09,0.014108280825620809,2.6001928440814068e-08,298.6956731036958
e580a4,11.333333333333409,32843.11471354167,12.141101199426279,77.12191523016152,7.743180407317441,8.770385094249239,5.862748806994404,6.680085223120313e-06,1.1203757080730857e-10,9.432486563876496e-09,3.6213574723705248e-09,5.30112258929235e-10,1.0059944589155205e-09,1.0893489940611228e-09,3.825515105116148e-09,1.7066460870051819e-09,1.4281656602498127e-10,1.0861568371856017e-10,1.149849431702892e-09,5.500467957714151e-10,4.5603658839843277e-10,9.693102625579023e-10,1.3066497600369778e-07,5.609048478791069e-08,4.033889778320896e-10,9.021358451746442e-10,6.83344488603762e-10,6.700298541344366e-10,5.885969224816744e-09,3.221694144037882e-14,1.0360776339834255e-09,0.007534643197535411,1.3933557769745876e-09,285.065045963229
e58eb2,5.583333333333409,33433.252380952385,26.755823851489502,78.05187997339935,22.23539861190639,5.481717243059438,5.4569564110981315,0.0,7.101218026556625e-11,5.6689959455169546e-09,1.6106087261885627e-09,5.143453225963842e-10,8.848662612475697e-10,4.2282445693858735e-10,3.4124679267305906e-08,2.4866682228502247e-08,7.875131550394602e-10,1.4534591968257707e-09,4.624459648834869e-09,1.9454836612441503e-09,9.352018843251789e-10,1.4978181614549348e-08,4.7083823150390254e-07,4.806715539717292e-08,1.1149391062668686e-09,4.162522771890436e-09,1.3784953503415523e-09,3.513649483979067e-09,1.3068945253437681e-08,4.159406796274091e-14,2.6485016720545445e-09,0.01631955042951639,6.99683100954181e-09,298.53626349823537
e5b534,6.0833333333332575,28936.700165016504,22.957155954302447,72.50248137490898,17.520309261533196,6.859125484603043,6.01212121608485,0.0002766751531603491,8.959029749561126e-11,7.254564877226564e-09,2.2715276924442866e-09,2.9837433552284665e-10,4.817406711973393e-10,1.0596669828503108e-10,1.2685551285774003e-08,8.780667495074493e-09,3.3703697469989487e-10,5.26073816227347e-10,1.465775782112494e-09,8.658863965536029e-10,8.90506099284716e-10,1.4153458101855158e-08,1.9486308842320608e-07,3.667060998333303e-08,8.112972280245007e-10,3.042613528519043e-09,4.846106866814852e-10,1.5334931682919352e-09,7.150370236456731e-09,3.440572189771191e-14,1.5049067596946475e-09,0.013110670806564752,3.945563703859645e-09,296.02149015035445
e600a7,9.499999999999924,25123.46194690265,7.458033724637264,26.082991885763835,3.8359163417254654,6.857850162653849,9.443311858545117,0.0049495751637365065,4.3908271227256284e-11,3.5946491595233543e-09,1.350883436757896e-09,4.6062701562027315e-10,8.602454887896618e-10,9.390891716199457e-10,6.924690150769193e-09,3.8940928909775314e-09,1.9973048384419587e-10,2.0417126933026063e-10,1.6674173946143189e-09,6.165699234058788e-10,3.655373149141835e-10,4.9392003119500895e-09,1.6031733258062275e-07,5.28332576054816e-08,5.940540858451263e-10,1.9326400717880114e-09,9.179179233699484e-10,1.4255567772869817e-09,1.1266721967449751e-08,3.8588161278092054e-14,1.5666053047886385e-09,0.00871604597836407,4.579544461098874e-09,289.70531043994043
e63c90,5.833333333333409,25934.201777777776,16.62813027146328,69.34152887459472,10.135786718609198,7.420852858737562,5.9148151251932735,0.0,5.7779792929017205e-11,4.836304497552173e-09,2.059005017815842e-09,1.075582666137754e-09,1.9506781101679323e-09,2.0766199636684406e-09,6.066272630240201e-09,2.8899334185003465e-09,1.731505048051522e-10,1.1589983023928328e-10,2.568309284814927e-09,7.170206002862143e-10,7.580526821464117e-10,4.980587614034634e-09,1.5578583488620973e-07,5.252366248060146e-08,5.587106468013506e-10,1.673108680583935e-09,8.764468713075468e-10,1.8792410783684736e-09,9.163712344222033e-09,2.83331991033086e-14,1.389650391617825e-09,0.008045201855478669,4.342120699693949e-09,288.96882143420464
e6d0fd,5.833333333333409,32025.08695652174,14.05911767518084,74.88630049694551,9.065805515091661,7.062635794523317,5.826760627658348,0.0,9.927860928615839e-11,8.391139481389121e-09,3.6101240636737228e-09,4.507765416899399e-10,8.458808234458474e-10,8.721416078990249e-10,5.988456020150058e-09,3.233039793987953e-09,1.7456560217159433e-10,1.591435949323403e-10,1.2242167276821883e-09,5.884647736131698e-10,3.768408673982636e-10,1.7571144376319625e-09,1.6111685261245264e-07,5.070183357167054e-08,4.142401603129342e-10,1.0884804355631244e-09,9.479956287558891e-10,1.9804437788311716e-09,9.730142798288243e-09,2.877976895110224e-14,1.1976537101937274e-09,0.007771782816134382,1.7012916253593638e-09,286.53718246265856
e7126d,6.5000000000000755,27668.6492248062,13.81585798571121,75.94033675894649,9.021012914765464,7.235985303404051,5.809032746376658,0.0,1.0313733695255742e-10,8.719786787891743e-09,3.8238261706539795e-09,5.01420763486535e-10,9.315277061748543e-10,9.881464587479007e-10,5.8145212395024145e-09,3.1051668919855647e-09,1.7771161831056337e-10,1.5435181139745427e-10,1.2125608607218934e-09,5.708444420756887e-10,5.346237142945608e-10,2.0231278627853274e-09,1.6096351590814473e-07,4.9732211360243353e-08,3.4586790097613735e-10,1.124714523433328e-09,9.149397626322454e-10,2.3203899557503645e-09,1.0880709659773611e-08,2.8246008480122878e-14,1.2069782708392205e-09,0.007527873314935701,1.7810326975902459e-09,286.0882019014597
e71ca9,3.6666666666666665,30605.73333333333,18.573186253603986,79.35815280036161,14.754648734166848,5.561818968027716,5.914892228157743,0.0002540991509453175,5.924681980318539e-11,4.7844099405102515e-09,1.5840795973194404e-09,8.041831872374727e-10,1.1791635093905453e-09,2.436847347898355e-10,1.6098671302335813e-08,1.0608437430377376e-08,3.8947149810697495e-10,4.679426142703217e-10,2.348149413340099e-09,1.1767282274934894e-09,1.982540179565452e-09,1.6283881290168944e-08,2.3531413529735256e-07,2.8470597305293353e-08,6.660613315985686e-10,2.895196403814104e-09,3.418493922224279e-10,2.4274849344931365e-09,7.148944208559471e-09,3.907424516346833e-14,1.701454437151503e-09,0.012785173900854761,8.09456189771153e-09,291.9581385354362
e732cd,5.6666666666667425,35892.431756756756,25.788959373897637,77.9589965390423,21.289075509914763,5.369091543542988,5.297422225062507,0.0,4.937059844458783e-11,3.949960970722726e-09,1.1774097433432172e-09,4.324355993065641e-10,7.296361568745461e-10,3.9111311659055905e-10,4.4333446933694576e-08,3.3171143315034974e-08,9.982670765357024e-10,1.944686036075359e-09,5.400380741959513e-09,2.5702438938050695e-09,1.2202088485758091e-09,1.5081901700558703e-08,6.156701284457111e-07,4.902602907014116e-08,1.0737143292077575e-09,4.637741415867388e-09,1.8019332783986068e-09,5.119366378787953e-09,1.6611681294141274e-08,4.020514270804831e-14,3.294034601719959e-09,0.015561897266149299,8.793531909576863e-09,297.60905502641674
e768cf,6.5833333333332575,28374.431802721087,27.798388048395474,76.99776407238237,22.901970484754337,6.283108106638644,5.6976645852162475,0.0,1.4407918895823723e-10,1.1608450766105959e-08,4.2927179905657034e-09,1.737006265293056e-09,3.2670036856859595e-09,3.6850917712980254e-09,2.359149128875554e-08,1.549644394495924e-08,4.805364117992301e-10,7.583262554670205e-10,7.216027327119406e-09,2.020011213383755e-09,1.690197245014561e-09,7.529327894163023e-09,3.2852936512972105e-07,5.7064865477006414e-08,1.5037166901640671e-09,3.799740928564399e-09,2.7388152711599153e-09,3.1450255528868195e-09,1.1409227666155528e-08,6.372991122127154e-14,1.9163596766697973e-09,0.016819630162753427,1.4161119491838773e-08,299.8024004693944
e7b90f,5.6666666666667425,25190.42316017316,16.773929570691482,68.10011355358063,9.831336348598654,7.455350141057068,5.919496689727489,0.0,5.986167025190844e-11,5.0028281692030625e-09,2.1546232820758295e-09,1.2970060859891466e-09,2.3952314312680912e-09,2.8589368674491425e-09,6.27945001137725e-09,3.104021403879815e-09,1.7430386567758509e-10,1.335006517813859e-10,2.550490401161605e-09,7.364786340532214e-10,9.589648357622084e-10,4.519885809747923e-09,1.5997318708603035e-07,5.443469110166975e-08,5.9888402497694e-10,1.8380166051609227e-09,1.0681804819466831e-09,1.559166735621741e-09,9.277627875025256e-09,3.015913215904316e-14,1.445786987029578e-09,0.008091272211081114,4.5926946284750155e-09,289.0645803849126
e824f3,5.8333333333332575,33678.262019230766,8.89391066595238,77.7379149916874,4.755605346367457,8.40721915920063,5.78489572372831,0.0,1.0045829096321531e-10,8.528748999134566e-09,3.5390869832570843e-09,1.6350755552187443e-10,2.9583948351880833e-10,2.793187183766398e-10,3.597106878397471e-09,1.6192000278376493e-09,1.3996555413190324e-10,1.0702438269418148e-10,8.221136938648414e-10,5.985232623932586e-10,6.793188241769031e-10,4.037842885559329e-10,1.3404628710356255e-07,5.404520787964923e-08,2.319584606854995e-10,1.045118601479654e-09,5.717482239940114e-10,4.0968248534256437e-10,5.750505379135397e-09,2.1181883153684442e-14,1.2801008037567615e-09,0.005930496035195132,1.1753391477478545e-09,281.8868861351599
e8929a,3.833333333333409,35391.38478260869,24.07126413056693,77.80141981140912,19.673017270542964,8.163799257890567,5.694546878714051,0.0,1.35232275128868e-10,1.1216769781664053e-08,6.824885286877122e-09,4.017929708759282e-10,7.295147480706444e-10,5.286972879362571e-10,1.7139296034158437e-08,1.1608166373257452e-08,5.427127628960516e-10,9.413932411300217e-10,7.716017169312018e-09,1.720953393067056e-09,1.070097283467417e-09,3.726406203431283e-09,2.724592635177111e-07,6.805256776946723e-08,1.0106568250637805e-09,3.4711406545038184e-09,3.988933862848914e-09,3.630627550466045e-09,1.8122959830741506e-08,5.66966340010661e-14,3.398184933355055e-09,0.014495572328483235,1.6616337574038016e-08,295.46020255911066
e8e7d4,1.6666666666665908,31145.82811594203,14.411900800710297,78.96483052747065,10.465856620714726,9.112609472574862,5.970998488769128,0.0,2.1948141005725737e-10,1.8550699469075933e-08,8.877977454730411e-09,3.456863124495451e-11,6.910009012581747e-11,9.096639633443373e-11,1.4962392638218617e-09,8.66161803551027e-10,4.992887352306739e-11,7.212567528293092e-11,6.778029760158571e-10,2.8526668894315256e-10,1.2592799900393266e-10,2.452943315328916e-09,6.64184502093946e-08,4.0618036107260555e-08,2.3326023341267116e-10,6.025696783796112e-10,1.1268341280409216e-10,1.7162694691182305e-10,2.097942757782833e-09,1.7571016863089297e-14,3.7733829934617317e-10,0.007941846166249225,6.674422230824366e-10,287.32512529940135
e92159,6.916666666666591,12126.423333333334,19.603635335378442,64.91257420153313,12.048474962245376,8.942854763217085,6.065388840056868,0.0,1.1254003459785429e-10,9.47899390696641e-09,3.589954247440665e-09,5.678908647278086e-10,1.1190843822495726e-09,1.5298821757515064e-09,5.73322069969606e-09,1.936350686757246e-09,2.9337282291558154e-10,1.3110852556481306e-10,1.9778180393805017e-09,5.566215814945771e-10,2.402903841363442e-10,3.894072967462561e-09,1.3816788083857904e-07,7.71211619764592e-08,9.232173173059798e-10,1.5883140974537974e-09,1.3160858765823972e-09,3.0763272522898183e-10,3.87899256860448e-09,4.614945132649431e-14,1.3169144719264635e-09,0.00998261192409676,2.068944048793953e-09,292.11579111644795
e932cd,5.916666666666667,23532.05074906367,8.362951420636067,33.805389239697824,5.820319544723283,8.268778650912708,9.141369203063148,0.0054179695960544965,6.970248247023894e-11,5.734378005089049e-09,2.3300634913816606e-09,4.851255782238267e-10,8.562739843006081e-10,3.604722526086952e-10,6.6929407959380015e-09,3.7167286590098355e-09,1.9596975987877644e-10,1.98082108966767e-10,1.765597877972134e-09,6.551607736540146e-10,4.447318174567853e-10,3.839580924384967e-09,1.5522500275314246e-07,5.9356474110777653e-08,6.400698925055677e-10,1.8397997107841134e-09,1.138867481843386e-09,7.97061588161596e-10,9.833116424020308e-09,3.801030190907763e-14,1.872613376447525e-09,0.010049659329544287,4.365693557474771e-09,289.90109764210325
e94ad7,6.25,32335.621021021023,24.862158667549824,70.69762517306016,18.223338809908704,5.424127722967857,2.8190287934903933,0.0,6.878536430735695e-11,5.469984534610963e-09,1.2781461207754186e-09,2.6127043647743114e-09,4.949394475870066e-09,5.776664163309912e-09,7.38661656318161e-08,5.288709455179975e-08,1.0073445724558015e-09,1.7989199295115465e-09,9.623595810895118e-09,4.628632863854035e-09,1.4976781655655748e-09,7.448534189810638e-09,9.36946001289447e-07,5.128243676516928e-08,1.2454132467069292e-09,3.796840806441448e-09,2.89256320980104e-09,1.1421493388825081e-08,2.2403097451605145e-08,5.800206042255033e-14,2.1362742766370994e-09,0.013244537427514323,2.6499161959856372e-08,297.37428523476484
e96033,7.7500000000000755,25306.19722222222,15.571681417872881,71.40891798162885,9.702689823052255,5.805994773048365,6.09521792985949,0.0,6.776603683979782e-11,5.676140095627978e-09,1.49359985178925e-09,4.33131663110144e-10,8.229650920847134e-10,9.125970827002648e-10,7.019204112848803e-09,3.007832873298152e-09,3.201974144387337e-10,1.9346819534550135e-10,1.2485178387485293e-09,5.550252140604228e-10,2.554593320674416e-10,2.6488418645887358e-09,1.5286918218996947e-07,5.838729633597862e-08,5.507071805603599e-10,1.3536543217661452e-09,8.602281233960192e-10,1.578027649116968e-09,1.0031812537633072e-08,3.780961906670958e-14,1.4526717405774711e-09,0.007943488294336967,1.1742364556441976e-09,288.10093625799044
e9ff50,6.5000000000000755,28062.96036036036,20.751066201466518,72.84327228127208,14.923336558187355,5.908282054911902,5.808454549290734,0.0,5.791122389419731e-11,4.729076130730408e-09,1.463778918571201e-09,9.45674818214943e-11,1.4793058963678568e-10,4.13417251229386e-11,2.016962665255972e-08,1.5220767228362537e-08,4.438192685827744e-10,8.305451620615189e-10,2.4328007162056187e-09,1.2623884961256386e-09,1.4964367403117207e-09,1.4536385815618244e-08,2.9595901686994147e-07,3.9636109470933236e-08,6.973586954746651e-10,3.9127735378041274e-09,7.415514179521921e-10,3.362893489971062e-09,1.2246088442283194e-08,3.672496533457525e-14,2.3949813519474027e-09,0.01153116144479605,1.1543223670152345e-08,293.64054794000197
eb385a,6.1666666666667425,29210.97632398754,27.5350809341057,80.94752496317382,23.727197422468297,5.418622108563862,4.536810422670448,0.0,7.494587452807316e-11,5.8936881847909746e-09,9.7023068293094e-10,2.914481312934312e-10,4.817632886194741e-10,1.678964458072929e-10,2.5509751084308106e-08,1.6762057440466235e-08,4.105135443381397e-10,4.876216907546353e-10,1.0771810292951542e-08,1.6031784995468506e-09,2.338025434005422e-09,1.2073245419264306e-08,3.2476754848455723e-07,5.886631652495392e-08,1.7277229286582561e-09,6.096248533504487e-09,2.0931927165431245e-09,7.68748331182951e-10,1.2356305870595016e-08,4.539529744915605e-14,3.7761546812498494e-09,0.017612758689346305,1.9766113870074433e-08,299.7724039019703
eb6702,6.4166666666667425,30170.93523809524,16.719238461579852,72.78408643168413,11.003129702935261,6.950782536313127,5.635983078903848,0.0,7.435032968488709e-11,6.2027958236509975e-09,2.958989849142894e-09,1.2647899769188441e-10,1.739453255427091e-10,2.4088484903910605e-11,1.974761320754182e-08,1.4633496294623345e-08,3.885727495366755e-10,7.261743007231035e-10,3.3988364313766314e-09,1.0658409402181753e-09,1.0047730343578409e-09,8.029764952409756e-09,3.1436157732962787e-07,3.888767455581464e-08,3.8110251035017825e-10,2.042839290079284e-09,9.608323415003497e-10,4.307761807647172e-09,1.1737421181633232e-08,5.4204038640488946e-14,2.152470074881225e-09,0.008683159472535404,1.8692162482264642e-08,288.27962504257846
eb6ab8,7.416666666666667,29913.280420711973,22.82474005480799,71.85162411729898,16.89885017735985,7.096237914799384,5.972803812613591,8.409385129487476e-05,8.674234278537877e-11,7.031791948846153e-09,2.226137562554255e-09,1.9008792010019693e-10,3.083778745041534e-10,7.338312339187703e-11,1.2659277681279662e-08,8.819827508623605e-09,3.2277161866716185e-10,5.0131606566794e-10,1.419419614364415e-09,8.420575890823683e-10,9.040261019853644e-10,1.2528198397260517e-08,1.930407336626176e-07,3.661441451157499e-08,8.05410278411147e-10,2.979406493685572e-09,4.801428408065392e-10,1.5628316674692623e-09,7.318759496207781e-09,3.658030045329305e-14,1.495696609945206e-09,0.01261368399205395,4.040252174954317e-09,295.49632099044186
eba006,5.1666666666667425,29909.127182539687,28.144234321050178,42.05289154809634,11.375773325967597,6.434841362179945,5.917677795105851,0.0,3.7464467297436266e-11,2.963722857170787e-09,9.431583516443372e-10,9.123937113680359e-09,1.8931074258906046e-08,3.776575978530839e-08,8.087217328931102e-09,3.7824219497562365e-09,2.2357492452330365e-10,1.7008280060094383e-10,7.428537812650193e-09,8.815156145013387e-10,3.741032727496993e-09,7.589758189292581e-10,1.7526940891876947e-07,7.912783234708978e-08,1.354057760772256e-09,3.99582228377975e-09,6.101794894944052e-09,1.5776381790306919e-09,1.5788602627128426e-08,8.645374059226005e-14,2.320947093121508e-09,0.010622958380837799,2.3100060979132448e-08,300.3331322587393
ebb325,2.833333333333409,28369.483524904215,15.74314928666691,75.8567920997788,10.95228818735492,7.795919353438216,5.948799077863282,0.0,1.600329375007989e-10,1.3464640696950157e-08,6.234134010604776e-09,5.712054980670322e-10,1.0570544897494682e-09,1.0654193835552084e-09,4.051468421776379e-09,2.056016548572881e-09,1.4828164501769894e-10,1.4253085783092262e-10,1.390312181289657e-09,5.10102479303218e-10,2.801418965789833e-10,1.569568499601132e-09,1.34417214601977e-07,5.397414799670495e-08,4.470891713000291e-10,9.515677478463786e-10,1.1590046134750617e-09,1.3921911954353224e-09,8.459985221819539e-09,3.31235473152362e-14,9.01287291693638e-10,0.008692591122769051,3.2802422926339527e-09,288.7551104671107
ebd47a,8.166666666666742,34409.55171339564,25.538761939663868,55.78790816850809,14.312932696740283,6.783349222628824,3.695514914716868,0.0,9.179508728079944e-11,7.30018734987416e-09,1.826411228181174e-09,5.660605512216297e-09,1.0862710903077325e-08,1.4893464182837723e-08,4.710870187043894e-08,3.252227927672206e-08,6.903650211573458e-10,1.108982038538076e-09,7.246762792321498e-09,4.253135036205039e-09,3.703038174472003e-09,6.745268933850062e-09,6.798436598844064e-07,6.462673461721053e-08,1.4813775634030574e-09,5.217514773589841e-09,3.805786022759808e-09,6.236325174123828e-09,1.9969285361199538e-08,7.129900698165968e-14,3.3887790440464114e-09,0.011775282100202572,1.8991280606740954e-08,297.7999724403927
ec0949,5.916666666666667,34444.8615942029,15.728147786938091,74.50259316544361,10.778338610248332,7.3481909524647,5.96179168790533,0.0,9.35046090961497e-11,7.872490703651278e-09,3.620060878753658e-09,6.182506564609927e-10,1.1674262582491805e-09,1.3013958672813157e-09,5.469469050437229e-09,3.0051749622771046e-09,1.7967390769309892e-10,2.0278954691902022e-10,1.4210681097935756e-09,5.568442644846385e-10,3.2980551383448773e-10,1.90226950502781e-09,1.536370244465215e-07,5.3804641290916793e-08,4.7366812622875e-10,1.0765530827905726e-09,1.1505294885783968e-09,1.720086607266917e-09,9.388069676689076e-09,3.3933819786005185e-14,1.1172061507453368e-09,0.008743164268059905,2.3979573751717023e-09,288.60826071460923
ec1b05,5.666666666666591,31901.303508771933,12.234840795301519,42.58186304232043,8.566086511598623,6.964890852690493,9.507135061510843,0.005401331096627358,1.1553940250802312e-10,9.60740491339728e-09,4.579649132409635e-09,4.5693273502277395e-11,8.397170719326882e-11,4.339886374012217e-11,5.097920135395798e-09,3.6033715974234795e-09,1.436335583745256e-10,2.3955891927851e-10,2.4707164541045927e-09,7.296750415610183e-10,5.684628320824798e-10,4.03309977849929e-09,1.5775799625994596e-07,4.938588828534155e-08,6.387949389085664e-10,1.631419656213645e-09,9.214435972331559e-10,3.651258136388417e-09,1.1593122627064902e-08,4.322599688902312e-14,1.1296232104295513e-09,0.010444165292944401,7.900420081176127e-09,291.8634434790088
ec3e0e,5.916666666666667,32246.42329749104,8.775221699482683,77.6987214519445,4.584673438757325,8.140212172190216,5.772171511680414,0.0,9.503774090880682e-11,8.060402351735194e-09,3.1365554648564223e-09,1.38308727692039e-10,2.5702054505485216e-10,2.388783875005655e-10,3.695207365914822e-09,1.6546025048909763e-09,1.4608446911228149e-10,1.1283678549108905e-10,8.032836528890145e-10,5.690395206747783e-10,5.73077973867104e-10,4.0203516184000975e-10,1.3484135697820895e-07,5.382461157334489e-08,2.4475257943843145e-10,9.537556361472727e-10,6.223397432479682e-10,6.464786097622024e-10,6.3863662733507795e-09,1.959837316852092e-14,1.2007948864222183e-09,0.005948708680816965,1.115251105393709e-09,282.22932417240594
ed5c9c,5.7499999999999245,28651.66981981982,11.850922693657706,80.16874369577451,8.099684689913195,7.722453135754165,5.77395909844353,0.0,1.7754074930480616e-10,1.506476967620796e-08,6.6589870800778995e-09,2.6387838841816156e-10,5.049234916725161e-10,5.451127632106897e-10,4.25570381780826e-09,2.1439940708567257e-09,1.4421178655970548e-10,1.1537503550767845e-10,9.692126497117011e-10,5.291653656480826e-10,5.854188515397643e-10,6.634878280525228e-10,1.376794861336393e-07,4.8637345942785074e-08,2.8689926668980105e-10,8.736727732903157e-10,7.346556973881802e-10,2.269448152273453e-09,1.0786674857298076e-08,2.431103602493959e-14,7.91411677872162e-10,0.007097153740648771,1.7274093879616929e-09,284.8393845413981
ed75b9,6.0000000000000755,31348.454545454544,14.09360470423058,68.99032163920037,8.02566682533492,6.938224904792614,5.515434690225961,4.698757447808367e-05,4.032807611253959e-11,3.346270507360535e-09,1.565498775809437e-09,7.752277356703903e-10,1.4387011320427387e-09,1.7735716080114537e-09,4.564521143433318e-08,3.358789046810088e-08,1.0473196402815842e-09,1.998443638094756e-09,8.394608498589299e-09,2.7359737026708e-09,9.061524342228958e-09,2.6165864326859096e-09,5.963867859221403e-07,5.762938053050919e-08,5.541163823209123e-10,5.610578599746074e-09,3.0594803866875835e-09,1.0611110263288009e-08,3.489288784016414e-08,4.072485251760969e-14,4.93799153060934e-09,0.008855069224346366,3.39233035753442e-08,286.8238287205606
ed799d,3.5833333333333335,34254.604435483874,13.298061585135267,74.27900703295269,8.174206883127646,7.539541110893785,5.904810122499936,0.0,8.96245829929141e-11,7.547447922437157e-09,2.578583339833017e-09,4.4898341569177197e-10,8.623500606370728e-10,9.438923416117199e-10,5.896911540617145e-09,2.986377132833851e-09,1.9151086148011472e-10,1.672968388121237e-10,1.2521078883030634e-09,5.278663675903097e-10,3.156598989115279e-10,1.7095550325077939e-09,1.5706071706399504e-07,4.916416313617395e-08,3.795591625887803e-10,1.0202633940944249e-09,7.447461696283576e-10,1.6400199211687462e-09,9.864500377310464e-09,3.135734405874389e-14,1.125232723829578e-09,0.007448698547392894,1.5339360911129235e-09,285.9574491269978
ed8975,5.833333333333333,27161.333333333336,5.353368966428535,23.576015726094514,2.937387273173324,6.795118667880281,9.310830475735495,0.004805287415555788,3.696324460900016e-11,3.0402705163350817e-09,1.0558246324645976e-09,3.2069069439158974e-10,5.802324985094078e-10,4.1162184044766777e-10,6.992319379406416e-09,3.9656051086199784e-09,1.9873259505188992e-10,2.0285593319399976e-10,1.8471307769771294e-09,6.491141253305075e-10,4.1057276259498837e-10,7.070399734208588e-09,1.6707629365472067e-07,5.4116709271307284e-08,5.621805099962449e-10,2.221457905635667e-09,1.0272679743252457e-09,1.5706807449253655e-09,1.1088788466886557e-08,3.074777286215546e-14,1.9719561371206303e-09,0.008374316757220956,5.401351536230741e-09,288.09859473658474
ed96a0,2.250000000000076,20516.246250000004,26.31370131366564,70.67411019361165,19.65565087400858,5.739974668800826,2.87141709196939,0.0,9.883435428983503e-11,7.861122883573409e-09,2.072474627421772e-09,2.6037591212355244e-09,4.956332001259319e-09,5.42258245115784e-09,6.50841760522629e-08,4.61314354354259e-08,8.641887308536426e-10,1.4705090294024147e-09,9.302048812005392e-09,3.973911869973895e-09,2.0719422363036465e-09,7.091148861631255e-09,8.385452878680901e-07,5.513176413834971e-08,1.3948691248742478e-09,4.443759399512398e-09,3.649628994482754e-09,8.684194571666818e-09,2.1590548597435968e-08,5.829337082993628e-14,2.4980210753613e-09,0.014746068741772075,2.308936818586896e-08,298.6571864182118
edb22b,2.916666666666591,25783.216666666664,7.447574354787359,28.097104325097547,5.184231200815022,6.995098531513915,9.34300267112735,0.0072078792390421875,6.125333790905316e-11,4.998025269425873e-09,1.916153661638203e-09,5.197936384341281e-10,9.134157407905617e-10,3.741638165734219e-10,6.329846590701372e-09,3.5474032278600776e-09,1.810807937129458e-10,1.8881160249633763e-10,1.8271616267259093e-09,6.022576259040376e-10,3.6510965194674645e-10,4.290045732747078e-09,1.5161568491332436e-07,5.3917472535333906e-08,7.091245103307706e-10,1.876414709743836e-09,1.1262200869949873e-09,1.0938584790416923e-09,1.027411116857053e-08,4.0907779807420885e-14,1.5399137089996556e-09,0.010808654681291717,4.609908503827099e-09,291.5858036643191
edb75f,5.416666666666667,24505.963958333334,16.679366449815046,70.44438736827779,10.332932070210504,5.140882388842634,5.077704208940235,0.0,6.144492990635691e-12,4.992665439853211e-10,1.5026600036418734e-10,2.6495949345962365e-09,4.992455827598487e-09,6.882764992145772e-09,8.660686043710541e-08,6.668528830202093e-08,1.976949394781233e-09,4.157580479520925e-09,1.4234219722985196e-08,6.84148906816819e-09,2.8747160412310188e-09,1.0258371891264244e-08,1.3462687728463142e-06,3.3279267704879106e-08,4.896334999007046e-10,5.2651856889202614e-09,3.946822986264004e-09,7.222649059158924e-08,4.7974479442102706e-08,3.365181233628512e-14,3.808907204521564e-09,0.009469895596397413,6.483970258489413e-08,288.74288045535917
ee5c70,5.1666666666667425,30576.669963369965,27.75994204759617,41.73520455791072,10.668826984272387,6.318331003686166,5.8418605154318515,0.0,3.121686885979235e-11,2.459320731256477e-09,7.083218744192297e-10,9.737898769849225e-09,2.0306684127720862e-08,4.14664797060945e-08,8.642063384105239e-09,4.030994333560843e-09,2.432559845891324e-10,1.8634635324949855e-10,7.830946702143482e-09,8.364763838739632e-10,3.901443946165122e-09,1.006983264952083e-09,1.8004094716651838e-07,7.677006348260783e-08,1.4131587762353278e-09,4.413414541078992e-09,6.668218060482699e-09,1.5799199708250708e-09,1.661794686818393e-08,8.718197696788806e-14,2.40251370671044e-09,0.010322799333304121,2.5087882467957683e-08,300.07328950765526
eed920,3.75,28816.141005291003,12.476196059325774,79.79766401157843,8.599749080932801,7.180090663843477,5.757538880034097,0.0,1.6201115721835242e-10,1.3732997110924244e-08,5.902630748488326e-09,2.6469031317333643e-10,5.080918521139286e-10,5.76694044896385e-10,4.464072276420349e-09,2.219921011259449e-09,1.5547531802868317e-10,1.347931208425995e-10,1.0537237359568295e-09,5.444112911164473e-10,6.231645501572295e-10,8.12084993125806e-10,1.3864162852426094e-07,4.756672883364512e-08,3.189804891189391e-10,9.842535403207e-10,7.62803323181375e-10,2.2959431265286074e-09,1.2110957249271711e-08,2.5739016253562983e-14,8.470301558697417e-10,0.007392389803596257,1.7817714303599198e-09,285.7649124891156
ef2b87,5.25,32439.908986928105,27.588170729850912,42.2448900952391,10.72823828118933,6.434976239562497,5.820685206547658,0.0,3.6260455882112013e-11,2.874708375430297e-09,8.828139729557937e-10,8.763177571381495e-09,1.8082566843454717e-08,3.5776288817563475e-08,8.495403734250638e-09,4.070513957536945e-09,2.3107168294645482e-10,1.762004280464522e-10,7.680892382934379e-09,7.443342257615763e-10,3.247544547511096e-09,1.0691005189286652e-09,1.7722277966316297e-07,7.511039412612711e-08,1.2858360817308778e-09,4.0481270083963274e-09,5.334207156109498e-09,1.8291000710978851e-09,1.5987396946427056e-08,8.967437987062044e-14,2.0032551942758565e-09,0.010246606335854992,2.5483732953870727e-08,299.943083521376
ef2c1e,4.666666666666667,32572.77676282051,16.66752557134186,73.34688328374823,11.377211192608739,7.015324724777646,6.002707504779641,0.0,9.980718296593432e-11,8.39560254049008e-09,4.0827322540449545e-09,7.079332512649063e-10,1.3140628996957011e-09,1.4385680230639233e-09,4.3386956383329365e-09,2.0788277933863217e-09,1.5375158628173581e-10,1.4100357396457468e-10,1.5260186545241091e-09,4.964210967846503e-10,3.0639541626632324e-10,2.0903129343096147e-09,1.411889812177941e-07,5.8762863940268644e-08,5.410592697641382e-10,1.0754170874588303e-09,1.3002138109953233e-09,9.59187606763759e-10,7.481746640171476e-09,3.643630074491707e-14,1.1699459121629518e-09,0.009041394386796029,2.396611662097584e-09,289.59137009114295
ef8e85,4.833333333333409,30831.25136054422,12.188650384367735,43.88302110877706,6.763213339155844,6.115830557192695,10.043329343361387,0.005416137573346512,4.265092335814834e-11,3.4759002962318627e-09,1.1602319943884924e-09,7.134881960821898e-10,1.2523637151209083e-09,7.369716360631605e-10,6.270256521936023e-09,3.2859481085328395e-09,1.858112912429359e-10,1.6095545127895735e-10,1.672283773560955e-09,5.593884810062697e-10,2.8901266681715787e-10,5.748929732835512e-09,1.5347306488918105e-07,5.1952554267883605e-08,6.756529430115868e-10,2.0627553417140993e-09,8.901290661737293e-10,1.2738122863540621e-09,9.071196324060714e-09,3.445682857110884e-14,1.598878117065064e-09,0.009651830655338686,3.7979792164250015e-09,290.7263742005499
efb9f1,5.8333333333332575,28618.854830917877,17.42373240819523,70.7390240144847,11.309473341840212,6.789378978523288,5.662653674287434,6.265429132926666e-05,5.609390583445569e-11,4.640455354003356e-09,1.957222410707815e-09,9.154781861155187e-11,1.2782345460968587e-10,3.0886679938651884e-11,2.258907436036967e-08,1.6949016336860484e-08,4.3263082025879066e-10,8.448970506346789e-10,3.892275201495659e-09,1.1619659805499154e-09,1.163095401201047e-09,9.209528105530392e-09,3.4375604884069567e-07,4.0593542720103934e-08,3.983153272377326e-10,2.3418369471951795e-09,1.0994283636033738e-09,4.459854052840668e-09,1.3630214762924816e-08,6.264108478901288e-14,2.600336479925154e-09,0.008772384948100056,2.1589136260574674e-08,288.72832632250436
f03c01,5.583333333333333,28121.586842105262,15.028736560333302,70.74010235295465,8.791752805175026,9.082736449791533,5.868036740304326,0.0,7.584832534976469e-11,6.377728753637251e-09,2.8365868894960353e-09,9.886659562965888e-10,1.8609335282362732e-09,2.2693634837144544e-09,7.782335124606137e-09,4.49978513467427e-09,1.9915822815529747e-10,2.0882044134134898e-10,2.4412041619585723e-09,7.310875837414579e-10,1.2110583998033776e-09,1.940534455700025e-09,1.8062364278729186e-07,5.20454878696564e-08,5.243649824678743e-10,1.908753234233279e-09,1.2306032625375896e-09,2.703138726565437e-09,1.2468649093781302e-08,3.147550988737162e-14,1.4327731445762325e-09,0.007555565416702327,5.688666501282001e-09,287.9205117031341
f0a2aa,6.0,29218.018085106385,17.04878983028443,73.34096082146881,11.451360199028752,4.710077233917002,5.200812827589734,0.0,8.52888099712566e-12,6.902843364064223e-10,1.8051385422873027e-10,2.3687941717184837e-09,4.379925453425911e-09,5.102006304041503e-09,7.643870212125932e-08,5.911778049735045e-08,1.7096669561106555e-09,3.610633436912131e-09,1.2648026899607526e-08,5.694824046377928e-09,2.3866076767837025e-09,8.628469220095951e-09,1.177073680736988e-06,3.9755533223408674e-08,5.953523997191948e-10,4.791120099794252e-09,4.565267877618139e-09,5.074497296607622e-08,4.422492662366306e-08,3.931768127567748e-14,4.34351160390341e-09,0.00981783806294967,5.054911101852731e-08,288.75586255383223
f0c1e8,2.75,33720.3647368421,23.978115594516254,70.39401935853974,17.92056554853688,8.384710650657315,5.957957420475551,0.0,8.621331012535783e-11,7.0791806867100354e-09,3.76139159692786e-09,3.9486371237609694e-10,6.962929394718366e-10,4.1607778221812375e-10,5.329255603718462e-08,4.1749600883601654e-08,1.6569601313802363e-09,3.842344938124813e-09,1.6643576298285452e-08,3.918022026699484e-09,1.7384046017702314e-09,2.5686986680572734e-09,7.369179717443229e-07,4.225483492121009e-08,8.956481965543747e-10,3.496715550524201e-09,7.088111356863125e-09,3.0515105319651007e-08,4.4283635026611917e-08,4.237698866276652e-14,3.0620298396769733e-09,0.014356652172007243,4.8435040461830457e-08,295.8165656433924
f0e3f0,8.0,30925.115053763442,12.89954704517947,74.54093591853696,7.85530560769896,6.970458714869953,5.82184272478319,0.0,9.110591943110408e-11,7.690714039957261e-09,3.129255643982735e-09,4.0619318339031913e-10,7.631774631771866e-10,8.201797792810468e-10,6.285805781006123e-09,3.385778093778433e-09,2.0623554524533475e-10,2.274842717148488e-10,1.2554030913228011e-09,6.045604557734577e-10,4.266500918569615e-10,1.6937723472586361e-09,1.6834923684884343e-07,4.795642146366735e-08,3.3624470753249414e-10,1.1375595572782565e-09,8.345234123469164e-10,1.9724880411396506e-09,1.0227980487169131e-08,2.7249786676537486e-14,1.2031421782055692e-09,0.007164972383990776,1.72858941544601e-09,285.6487436777405
f14c3a,5.666666666666667,31524.487280701753,17.41709589706875,70.17021852073513,11.148279290435035,7.199426078629887,6.056322909485381,0.0,1.0174106631462082e-10,8.534066603459632e-09,3.983635807788982e-09,9.609728697835039e-10,1.819190456499248e-09,1.9622021436667938e-09,4.377176734317309e-09,2.002306327286827e-09,1.626244506506641e-10,1.3841470060089563e-10,1.4545474422916366e-09,4.889873737896804e-10,2.6203246922804963e-10,2.866303626692008e-09,1.3674910850599636e-07,5.918965299829221e-08,5.894059209793228e-10,1.1187663184918078e-09,1.151496030207766e-09,8.759807906200055e-10,6.969552054571415e-09,3.5165014053739715e-14,1.114335058597016e-09,0.008907285873542637,2.1676972484707885e-09,290.3225160623353
f15113,5.833333333333333,30946.20376344086,14.067407026252724,74.4443794328529,9.002056775197502,7.0187472417334735,5.820627978717156,0.0,9.89044453175142e-11,8.353484683968862e-09,3.564470766122195e-09,4.700869179716186e-10,8.835083897685988e-10,9.466520576301554e-10,6.506595925698983e-09,3.7422208968909406e-09,2.121445638248014e-10,2.644643650458125e-10,1.2092730947953825e-09,6.263950036772234e-10,4.2680580410157554e-10,2.27029508497618e-09,1.720218409246048e-07,4.884831775239591e-08,3.632720279268248e-10,1.272102764819664e-09,9.753390410044925e-10,2.3075454273681963e-09,1.042402282222805e-08,2.7603542012871058e-14,1.2673839198522646e-09,0.007583882872074802,2.057001591349984e-09,286.37798984173895
f183cf,9.75,31571.486567164182,11.66660169939705,78.67865527991755,7.681058132619595,6.407298312221842,5.8487983709396145,0.0,1.677753840414798e-10,1.4242115463457126e-08,5.917840861163267e-09,2.483964783004323e-10,4.673974872082366e-10,4.829077049408277e-10,4.276162768779448e-09,2.1605464557900038e-09,1.4701306526464708e-10,1.1310224705629393e-10,9.247071754354016e-10,5.434435124914359e-10,6.810563589025958e-10,6.340606997623672e-10,1.3848963449896904e-07,4.7789785684015085e-08,2.8547582622234443e-10,9.203215792707765e-10,7.572448484743552e-10,2.5353785989331363e-09,1.1202679126456477e-08,2.586305838766577e-14,7.687442141745235e-10,0.006877120255267315,1.7697125894467523e-09,284.0561219731353
f18c82,3.000000000000076,37257.913725490194,14.586429728268184,80.68334486833514,11.008656852245807,8.419455595432694,5.90435679001525,0.0,2.412693843562427e-10,2.0377202536012007e-08,9.689426746477484e-09,2.092206952684015e-11,4.331780116787768e-11,6.631619115918605e-11,1.4574153019803656e-09,8.316563466270401e-10,4.8119891316722015e-11,7.597003745049382e-11,7.015867421228235e-10,2.773607776977674e-10,1.152023208898977e-10,2.2595768517122233e-09,6.592276536058892e-08,4.4590281891996663e-08,2.4012210028033755e-10,5.925775349614014e-10,8.776684294093896e-11,1.607705657572603e-10,1.9857315034610577e-09,1.6942719291984348e-14,3.624829926884448e-10,0.008122099875200676,6.977707826797253e-10,287.83883337360845
f23a5d,9.416666666666666,32593.885754985753,22.2026274191355,70.72083659487974,14.705709340433506,6.09750684700523,7.449005168783742,6.345255563778632e-06,7.190531748919572e-11,5.8504076847325285e-09,1.92046041653291e-09,1.5969042116863832e-10,2.589661647947288e-10,6.833586948942692e-11,1.815551021668129e-08,1.3622957477351368e-08,4.328002466622639e-10,8.163608513249204e-10,2.2986015998819047e-09,1.1758816187002673e-09,1.2923583352956375e-09,1.1588731521809516e-08,2.790335411954518e-07,4.003491425477418e-08,7.115759860758791e-10,3.4383700691256565e-09,8.896883126315359e-10,3.476737330291027e-09,1.1250385333334719e-08,3.906833470189357e-14,1.9954765911417e-09,0.01159809453226105,1.0467686241567999e-08,293.758393732699
f249f5,2.75,17062.214814814815,27.088272829152046,51.32594780355392,14.266740759860587,6.495620294772715,5.3637901811813835,0.0,4.9207809702741686e-11,3.891577736297287e-09,9.877502007923804e-10,7.283895224749561e-09,1.3913042043183355e-08,2.4012927577226138e-08,2.6078004177197706e-08,1.6714545566423176e-08,5.340574976921526e-10,7.686040674643301e-10,8.573098032282493e-09,3.4321759760271685e-09,1.8170056770956754e-08,2.1682868702057257e-09,4.0859789419654926e-07,1.241580721568385e-07,2.4025148627049467e-09,1.722997447295227e-08,1.3548619376909406e-08,1.5850205491930927e-09,3.904752965349518e-08,9.647245256582026e-14,1.7537284803215683e-08,0.013196416170658165,1.7409507018106944e-08,299.0191189408752
f33e0d,7.4999999999999245,26888.467602996254,26.47247783225635,67.86006509793624,18.81795935537126,5.213784233554455,2.440670590386865,0.0,8.857086190976764e-11,7.047782004710188e-09,1.903670548520214e-09,3.6274448344674902e-09,6.948650146242018e-09,8.928086466383784e-09,8.971879180907767e-08,6.551121745064047e-08,1.148100874057724e-09,2.1282414817273017e-09,1.2012469692814956e-08,5.346900323979606e-09,2.201055499717214e-09,6.734114446435205e-09,1.1281526356988878e-06,5.655297448903242e-08,1.3564924576197815e-09,4.714012882917104e-09,4.512197784491714e-09,1.5261082212920085e-08,2.7943846589349804e-08,6.597370762411484e-14,2.686163290352368e-09,0.014127027998169771,3.418094917035143e-08,298.59195827751387
f370fc,6.0000000000000755,24857.817708333332,14.71349398341713,74.94301818681812,9.745381125296511,6.670093076019445,5.828220492455461,0.0,5.024470986404332e-11,4.209328216690858e-09,1.5622545142422798e-09,6.134494793143222e-10,1.0871911399377128e-09,1.0279678493835578e-09,6.793339969727526e-09,3.2696032759931964e-09,2.4637136987629747e-10,1.7632926426891103e-10,1.3705801352961653e-09,5.580769289951136e-10,3.339756163236318e-10,3.9080311585130485e-09,1.6502709077188339e-07,5.081033852320296e-08,4.2761302795644817e-10,1.5224442002636813e-09,7.396514057838384e-10,1.0883902272402273e-09,1.055339521496415e-08,2.6392594948894796e-14,1.5135243018304567e-09,0.008046327580554269,1.7236371858284466e-09,287.49604624047
f3cbf0,5.833333333333409,31236.46498127341,14.434644951173233,73.40949519430991,9.053454448078535,7.015628166308462,5.8566994462670525,0.0,9.746940009434538e-11,8.235898468190355e-09,3.6543493281866175e-09,4.592252053980545e-10,8.623902369294505e-10,8.985999520089952e-10,5.953447704376803e-09,3.18918203950459e-09,1.7545793537550276e-10,1.607966602880667e-10,1.2876946422696615e-09,5.720676520366515e-10,4.0428762363037194e-10,2.3398698753597322e-09,1.6122274515333715e-07,5.0291016807851065e-08,3.957333521174186e-10,1.2380207765959828e-09,9.422269220908987e-10,2.127209557833233e-09,1.0189462567405694e-08,2.9107065904836793e-14,1.271526659294954e-09,0.007811579754398666,1.7771151771233266e-09,286.87569282157034
f3d388,5.3333333333332575,26221.16333333333,23.152658482185156,74.54177300238632,17.84575404659118,6.694680422873452,5.92128197071006,0.0013109273885736838,8.736626748413051e-11,7.096592417475288e-09,2.4019001808499737e-09,1.6810608154773786e-10,2.674532019701493e-10,6.085910244497321e-11,1.2560886383536367e-08,8.661326829730802e-09,3.3126185859692375e-10,5.019667462786617e-10,1.4868583559702833e-09,8.27155340844909e-10,8.491939854198473e-10,1.2947345157510247e-08,1.9193479141460242e-07,3.819787719170329e-08,8.106817760916918e-10,3.029790916000018e-09,4.906749329580229e-10,1.4681721004989596e-09,7.211715559558362e-09,3.5269675650065284e-14,1.551216263570662e-09,0.01299364484777212,4.039359934360437e-09,295.87522617520744
f4102f,8.999999999999924,24977.359663865544,8.643015121395273,31.727495808436764,5.503597775492367,6.823260173820016,9.346295845850292,0.005771445389965418,4.821667720139391e-11,3.949810593904152e-09,1.3427339702912475e-09,4.717510015139193e-10,8.559242274253716e-10,4.750935980403318e-10,7.211700777038291e-09,4.491401585640863e-09,2.1530970698549187e-10,3.015819293756692e-10,1.8921630065136713e-09,7.270688000631745e-10,4.999696103735198e-10,5.797625037284102e-09,1.7788379786949593e-07,5.092216905179287e-08,6.218217065235063e-10,2.2032490063019755e-09,1.1650417640452576e-09,2.8860851909091585e-09,1.1955737845053799e-08,3.2069267733474857e-14,1.7384857634119964e-09,0.009675186385639366,5.636771694795914e-09,290.88020133788507
f43da9,2.8333333333332575,27579.566666666666,8.65114235449913,78.81892893895488,4.65319101588909,7.6740360750768986,5.617726516359425,0.0,8.315265956656483e-11,7.0437135810613895e-09,2.5940913741509493e-09,1.407099911802223e-10,2.626331671988285e-10,2.6586984780916405e-10,3.691501794569058e-09,1.5932237957078654e-09,1.584015586758134e-10,1.1047624510153438e-10,7.769854997515284e-10,5.571081512050247e-10,4.0199225410951245e-10,4.726909746154339e-10,1.339354071652191e-07,5.7040779556788446e-08,2.575658917080115e-10,8.318325899194629e-10,5.984272503084961e-10,5.976215924914377e-10,5.640085498146689e-09,1.9311721980257122e-14,1.1972392624112533e-09,0.006107471642696638,8.879705582070655e-10,282.36699464893064
f4b122,3.5,23564.3067251462,26.085774921679562,69.84123435622767,19.120546408677864,5.253800845506075,2.5684724674052415,0.0,7.975967405728004e-11,6.329168398491045e-09,1.6580575483850858e-09,3.062047912185009e-09,5.750442371533139e-09,6.360923336529323e-09,8.266901976273271e-08,5.94813616683567e-08,1.0691063649818116e-09,1.9009702526230517e-09,1.0739619123223208e-08,5.060613603355766e-09,2.3124856439780098e-09,7.779555569661503e-09,1.054075835740882e-06,5.462760611190812e-08,1.3625906444906665e-09,4.668065524072414e-09,4.172665511120997e-09,1.23547780840035e-08,2.5676967361274817e-08,5.6617894407747766e-14,2.7377108874249178e-09,0.014187610750227436,2.892301453261776e-08,298.3574210802485
f52b78,8.833333333333258,25385.355128205127,7.571992598262918,29.31318503347593,5.055671124675504,7.161713057945446,9.306368474319113,0.006955154467381443,6.17191592460975e-11,5.037326274434307e-09,1.880086513439973e-09,5.515400453835071e-10,9.697428248602374e-10,4.030185914500884e-10,6.578689568883948e-09,3.665918784810894e-09,1.9036872973454406e-10,1.9695098441575393e-10,1.9319417899506212e-09,6.066894214898901e-10,3.730076588674491e-10,5.066993279368179e-09,1.533151985598443e-07,5.38364212023933e-08,7.093343437242761e-10,1.9443179249558756e-09,1.1127044547802127e-09,1.2119342343138813e-09,1.0361162280492002e-08,3.893628060664908e-14,1.600177490696137e-09,0.0107226758218933,4.841299804843747e-09,291.44298555727227
f55621,6.0,28087.059146341464,11.544613522157338,80.20090637755239,7.845107705087082,7.5959545994597475,5.751790728263016,0.0,1.6677890592266662e-10,1.4148178957942388e-08,6.106223356638781e-09,2.12274048490152e-10,3.9722576034454344e-10,4.028093395377717e-10,4.4763474289921425e-09,2.2818989364748346e-09,1.5190223320668382e-10,1.2725112945201695e-10,1.0025684609430508e-09,5.448619539326431e-10,6.090572825084664e-10,6.397033973358213e-10,1.41200677602706e-07,4.7342107938655183e-08,2.6938110731531846e-10,8.931216104874495e-10,7.285398883230876e-10,2.4996020648469004e-09,1.1418593025629942e-08,2.3094472516402607e-14,8.157597399996888e-10,0.006945326377850982,1.8311840494948467e-09,284.68265064984223
f5bca0,10.000000000000076,32227.319345238095,11.580119990747217,67.64484785346102,6.683255732069062,7.984792131067361,12.289732538073872,0.002441359111413089,4.37887851772643e-11,3.5950567051511055e-09,1.2771073365640806e-09,3.5016365413112623e-10,6.332031287606216e-10,3.1432056540948795e-10,7.621649154143209e-09,4.442629512575785e-09,2.0280581444278101e-10,1.7474171753169579e-10,1.7468972962000816e-09,6.4895480245876e-10,6.356523032013234e-10,2.8146842641473322e-09,1.6766492399863353e-07,5.095168944659785e-08,5.084035227956823e-10,1.6102610377473004e-09,7.562680413739243e-10,1.351699803941406e-09,8.96301321671014e-09,3.180947568454646e-14,1.3958099662829585e-09,0.008331952519860433,4.596825757518513e-09,285.94715865846376
f6cb56,3.249999999999924,31791.615,23.700281657460025,79.64489494475923,19.698763383974295,8.976737447931951,5.741978765730459,0.0,1.4500807878337332e-10,1.2057383559132594e-08,7.836292041454989e-09,4.927666675810901e-10,9.140003125641316e-10,7.837369128668683e-10,1.6979050657480273e-08,1.1837333694053423e-08,5.516553403624959e-10,1.0269520943346225e-09,7.033804068784167e-09,1.7337248280698174e-09,1.038578747391872e-09,3.4474177268459046e-09,2.738404735484753e-07,7.0974838762777e-08,1.0146682382739112e-09,3.58980554259496e-09,4.2961615637722365e-09,3.8960792401299836e-09,1.9281926518476096e-08,5.670932064197639e-14,3.6817861390470446e-09,0.014435223726826558,1.6543478502917142e-08,295.18437472996726
f6e2dd,9.416666666666666,30742.624305555553,26.12383649760295,78.42624926300441,21.720851195813314,5.630568848720695,5.50177862984604,5.081615366902518e-06,7.638926345517102e-11,6.12701185961978e-09,1.9496121613898603e-09,4.953653784879605e-10,8.505294003913104e-10,4.154412844352367e-10,3.391601121105072e-08,2.4859435250914175e-08,7.610695862834847e-10,1.4139504426986734e-09,5.163754106373418e-09,2.060403950374757e-09,1.1492512685614264e-09,1.4123890580436784e-08,4.771289306170491e-07,4.818979058332711e-08,1.0729767319947242e-09,3.935167769300507e-09,1.4770701558792083e-09,3.787992185560751e-09,1.3307784786826025e-08,4.050342195401127e-14,2.6067194503567768e-09,0.01585397981633601,9.116823784561072e-09,297.79039736520684
f6ed3b,3.666666666666591,35324.30909090909,27.47101139382752,84.63213160745927,24.371119598460595,4.543476453395514,5.863175019243579,0.0,6.761545317761609e-11,5.345300620590593e-09,9.362530215599778e-10,4.982947741017247e-10,8.735719295031444e-10,9.731667000058765e-10,1.2160965947252545e-08,6.783439106854422e-09,2.685008178361102e-10,3.1220507746547166e-10,2.8616624801634837e-09,2.1690761896126775e-09,2.7342795290080628e-09,3.5892581277985676e-08,2.2331201217678147e-07,4.2966520673975794e-08,1.647510880143968e-09,6.056498921238523e-09,6.443539899470808e-10,8.522883284789089e-10,5.921734321146277e-09,1.9021236935330554e-14,2.399300948891498e-09,0.017634764266086685,4.22769959743075e-09,299.2887547359912
f725c1,5.916666666666591,28788.18286163522,5.138055431493123,23.36418785635242,2.9935648084473683,6.79840380809173,9.403008575238303,0.0052861601856033285,3.9477512082444045e-11,3.2407765621453045e-09,1.0891551966465595e-09,3.4807772051845223e-10,6.155773773941504e-10,3.1432237234704803e-10,7.718744155233716e-09,4.5189494411310805e-09,2.495137582201216e-10,3.2020523140490777e-10,1.97519618703043e-09,7.233844766871028e-10,4.3097138250433527e-10,7.90665185377558e-09,1.805135107170284e-07,5.595984393085394e-08,6.338652062551294e-10,2.4609778567133685e-09,1.2026580225131188e-09,1.7601822112694076e-09,1.1030695367586534e-08,3.4224414161650296e-14,2.0749665413378937e-09,0.008554934722495277,5.415717823928895e-09,289.34598422473164
f7835d,5.9999999999999245,28394.07845528455,12.315089522464628,79.9553412398979,8.490539145469418,7.10297134011926,5.746060545630829,0.0,1.731588252006188e-10,1.4678075519633703e-08,6.527110750205778e-09,2.7290630174987246e-10,5.122955260590026e-10,5.762743896959078e-10,4.449780014857795e-09,2.171927586834895e-09,1.5776984505458805e-10,1.365607268204926e-10,1.1214603426797281e-09,5.411406183079664e-10,6.357954384766646e-10,7.734655877838388e-10,1.392862076696959e-07,4.75222461447092e-08,3.1553008441881707e-10,9.625697084285503e-10,7.798251081852487e-10,2.6364135194375217e-09,1.2523243368406519e-08,2.532502009952836e-14,8.347799397711216e-10,0.007315181061406912,1.901096475875566e-09,285.6397946633033
f802b3,5.0000000000000755,25313.582886904762,7.114747540423336,26.868179385123135,4.943511993558521,7.0502220381355425,9.345995934393638,0.007600834367893249,6.20165534028684e-11,5.0566623522769496e-09,1.889283544169175e-09,5.934121832930319e-10,1.0485376528037693e-09,4.246267212171724e-10,6.74423982430516e-09,3.824490830560741e-09,2.0146959571772077e-10,2.2061750446773713e-10,1.937898767486242e-09,6.180847079417843e-10,3.8475133972487933e-10,5.219535242792506e-09,1.552549824183046e-07,5.388249167714186e-08,7.289202253020969e-10,2.0179699098846836e-09,1.169143343746154e-09,1.276368782395773e-09,1.0589740364227765e-08,4.1320144547759914e-14,1.624662131193895e-09,0.010870477182857639,4.947522986052646e-09,291.76016110290016
f9746d,6.916666666666591,30098.802976190473,19.072947356907942,79.86819865123131,15.266055289136233,5.165288389634961,5.968349288365096,1.9128130957282142e-05,5.599516130681004e-11,4.4857592928717155e-09,1.44465575533618e-09,1.1178148533620741e-09,1.6482397141677748e-09,3.3622761466631396e-10,1.693461856067868e-08,1.075203958762578e-08,4.3756698343087367e-10,4.2520008821289777e-10,2.7951889976368743e-09,1.3417518133902711e-09,2.444891178881035e-09,2.0800891830100478e-08,2.5935837471589186e-07,2.6965141973101336e-08,8.365919462513559e-10,3.4212004528116935e-09,2.0901720769190653e-10,3.1348332819036443e-09,6.560239989057627e-09,2.436615845353286e-14,1.6207992679329258e-09,0.013673417953773883,1.4107899906405347e-08,292.9422221100161
f979c9,2.9166666666667425,30661.574774774774,23.38092519382706,81.25569347419219,19.744484264755258,9.636206266250287,5.704645659639921,0.0,1.6020624711618395e-10,1.3361582284005086e-08,9.04051518419634e-09,4.1361251255278126e-10,7.694847093889677e-10,5.947605636699394e-10,1.6056515965316172e-08,1.1146543565397914e-08,5.241530897878917e-10,9.507738740464537e-10,6.743326687990363e-09,1.7672082032675795e-09,1.0099117198030112e-09,3.2495161119842152e-09,2.6440708033233996e-07,6.811946209342291e-08,9.524592381156174e-10,3.576890925021319e-09,4.260210834540389e-09,3.845220599963968e-09,2.0846719816389023e-08,5.420949059679708e-14,3.584601848805455e-09,0.014245192149686151,1.6768061786102305e-08,294.8101657030044
f9eaca,9.0,28897.605128205127,18.59318551050089,58.70922503092648,9.58130139528637,4.929186487995197,8.176049430189192,8.12942643373224e-05,2.813475775593604e-11,2.3001884829091573e-09,5.975226469059198e-10,3.247031454976867e-10,5.58501188768555e-10,2.2889492965638174e-10,1.979143982061465e-08,1.569178176590987e-08,3.345169691426523e-10,7.052343154726377e-10,4.3936210831545616e-08,1.5411960015509452e-09,2.3328173621655957e-09,2.1967334357382025e-08,3.2842493441388447e-07,4.60989886366524e-08,6.921431757597942e-10,4.330703763226595e-09,1.2646918532443309e-09,9.476001453592832e-09,1.7513503799133447e-08,4.780838717048756e-14,2.796027237316547e-09,0.009459211346342164,2.0505894036059085e-07,291.14435038163776
fa03c6,4.8333333333332575,23627.033333333336,19.107604341128038,53.14351255184275,9.16785928588855,5.453936692110694,8.115073160900385,5.2073473009612504e-05,2.4613677029427793e-11,2.012623707719054e-09,5.236367156516121e-10,2.984101734708074e-10,5.497931102557122e-10,3.854062100496559e-10,1.3873586448362945e-08,1.0760680247428126e-08,2.6526793836062835e-10,5.294788881757575e-10,1.5822561659044104e-08,1.15503937927198e-09,1.410326800060082e-09,2.1196975764769627e-08,2.593443885619532e-07,5.188930264168977e-08,8.250295518317466e-10,3.9001358874722624e-09,1.0223045150567508e-09,5.102471866900786e-09,1.2515021143001504e-08,4.712490471673987e-14,2.744118546325148e-09,0.009061700943879,9.274700687594189e-08,292.79279268244125
fa1596,6.2499999999999245,28165.002415458934,26.64928042555559,77.97331242293346,22.130368465915023,5.430384999274611,5.505389398326332,0.0,7.172042259810395e-11,5.745666662463972e-09,1.820800380647472e-09,4.3195781226194885e-10,7.462040273286678e-10,3.6853143029720887e-10,3.418395436480372e-08,2.5011566320851683e-08,7.687232310593144e-10,1.4299537225638858e-09,4.609160742299932e-09,1.9897079162191857e-09,1.0663003182860362e-09,1.5181757768983426e-08,4.764658963300485e-07,4.8989431069607776e-08,1.1350461168107307e-09,4.237884616893898e-09,1.420805844795799e-09,3.5072428031463064e-09,1.332810874720852e-08,3.9696205409172426e-14,2.7173463146884517e-09,0.016248788364628244,7.404818441867421e-09,298.4401807964519
fb28ac,5.583333333333409,28961.354434250763,15.884140441332216,69.42400109603638,9.40887913263564,7.490132908072853,5.890742576454823,0.0,5.898849947502513e-11,4.9372137266575365e-09,2.129484792462885e-09,1.1583810662240606e-09,2.1208197879341042e-09,2.4414547424451774e-09,6.0858343448511514e-09,3.0308123014406253e-09,1.684262591242131e-10,1.2438217242923886e-10,2.5498883023917953e-09,7.38729637382887e-10,7.494559997371541e-10,4.007120610039935e-09,1.5715547243454566e-07,5.1049094094071796e-08,5.352331486827826e-10,1.5264291953759986e-09,9.120375224098105e-10,1.6650615767601935e-09,9.612488001706664e-09,2.9344389614135986e-14,1.3171863000106702e-09,0.007940262812183777,4.446444302512235e-09,288.3670233113236
fb564d,2.916666666666591,27598.405284552846,9.445586482778914,79.41209222597712,5.5691920132131845,7.958433577399687,5.764279526421502,0.0,9.029294040970069e-11,7.649808840229766e-09,2.9497941617882883e-09,1.6417918391542044e-10,3.0832844735790833e-10,3.1204842596223577e-10,3.6314538329380556e-09,1.607235894471951e-09,1.571934151697101e-10,1.1393288890980188e-10,7.872366753338114e-10,5.548484358384255e-10,4.162046239174562e-10,4.533806858445696e-10,1.3329125225677247e-07,5.710282423397549e-08,2.6566039334155125e-10,8.544114739499597e-10,6.264974548087998e-10,5.425407757169456e-10,5.760449164547114e-09,2.044876494342412e-14,1.1814301633240725e-09,0.006383890921011614,9.64617170366424e-10,282.9134621082649
fb66d7,5.9166666666667425,31132.71463414634,14.097890529535665,73.8892201962107,8.868134676600674,7.0748927635354715,5.840396608520602,0.0,1.0073373608255552e-10,8.512581146623336e-09,3.7429310345745154e-09,4.708475910845043e-10,8.782032915054277e-10,9.182045675542015e-10,5.712613093656325e-09,3.1791514770473206e-09,1.6351086369772356e-10,1.5751996221659337e-10,1.1684173680446166e-09,5.866033256629567e-10,3.6913578349264063e-10,2.1380749681414276e-09,1.6107622768022461e-07,4.9526232964741824e-08,3.687990772225679e-10,1.1198221772177188e-09,9.123739307218409e-10,1.9617217343597056e-09,9.681084109870312e-09,2.7428900690652934e-14,1.1936199157592283e-09,0.0075635165035055005,1.8527928234646544e-09,286.6378353026151
fb9753,7.416666666666667,34961.56489675516,23.23897477973711,72.37369559868495,17.594055857540315,7.703317325587872,5.744241574618477,0.0,7.879476230103849e-11,6.463919305083497e-09,3.316320399915044e-09,5.395771472645144e-10,9.440590684926488e-10,6.731611606251128e-10,5.1275816819905105e-08,3.962193827380522e-08,1.541944344519281e-09,3.4722727618726165e-09,1.5386985509316027e-08,3.821091527228671e-09,1.932846018464294e-09,3.440472229406501e-09,7.161773178376006e-07,4.464393133829619e-08,8.820786408260592e-10,3.656932054510006e-09,6.330301816147882e-09,2.7517814094079958e-08,4.0450737788829914e-08,4.498159734110596e-14,3.2074977548006796e-09,0.014130870623700761,4.4678815747814866e-08,295.2873753974383
fba9d1,5.416666666666591,26233.484868421056,16.698364907977453,68.63519796781482,9.97896989304702,7.489332339569607,5.955232703215232,0.0,5.766097350451777e-11,4.824485242733956e-09,2.050852459608369e-09,1.0963599508154157e-09,1.9968455833053595e-09,2.2315677543857092e-09,5.911438128205288e-09,2.8131935321466678e-09,1.692062218826398e-10,1.2288164772518283e-10,2.5311238429005915e-09,7.13788562147815e-10,6.413649112104616e-10,5.146342177001092e-09,1.5286776445471802e-07,5.289773301223419e-08,5.6399525314495e-10,1.5524173922476311e-09,9.08838155646163e-10,1.4775253422510346e-09,9.06136903766792e-09,2.7605320144034997e-14,1.3410493566944774e-09,0.008130339026752453,4.465234386797722e-09,289.19861408982996
fc2746,8.000000000000076,34807.972395833334,13.921210303756698,72.501637494033,8.34701911619185,7.6694353738168495,5.953268273198638,0.0,9.020868274028924e-11,7.589416229102392e-09,2.6466334225686542e-09,5.446960792002253e-10,1.0321630842326372e-09,1.2005120248216413e-09,6.219665990961194e-09,3.02494148916655e-09,2.3018077826515403e-10,2.191411423439445e-10,1.5277747815501702e-09,5.547747096863385e-10,4.191295144198427e-10,2.058281892775977e-09,1.573523800683264e-07,5.0569202773803044e-08,3.916341509795087e-10,1.1624072673162263e-09,8.328270206334753e-10,1.7541439083244224e-09,1.045844734250362e-08,3.189691931180089e-14,1.3017943368228183e-09,0.007516977179156059,2.0735428749523535e-09,286.44272878475886
fce0b7,5.5833333333332575,27050.775,15.676079233748267,71.67469305767852,9.886147896530533,7.713902202717048,5.911300250915996,0.0,7.066142189286169e-11,5.92291532813012e-09,2.781785476800895e-09,9.958593023573404e-10,1.812817651234777e-09,1.988376059648742e-09,6.455157983208003e-09,3.4952161736127584e-09,1.6668485554993134e-10,1.3749230230714985e-10,2.5175712496209255e-09,7.990693242786561e-10,1.25514446285282e-09,2.943308693415045e-09,1.6753253317077113e-07,4.951837585792672e-08,5.226713646251735e-10,2.026011854100664e-09,1.1008675464270967e-09,2.3636437502444065e-09,1.1584622753983676e-08,2.6703234938486123e-14,1.4322703544036846e-09,0.008357330056998194,6.382922373854664e-09,288.1823250795464
fd73e4,4.333333333333333,40879.98398058252,13.352577430218396,73.74574291012283,8.143290384153868,7.236257601980509,5.873929462700362,0.0,1.2732884570232268e-10,1.0766495279854351e-08,3.839010510397142e-09,2.997437835207683e-10,5.7702083432317e-10,5.742683497316136e-10,6.855802344538143e-09,3.967305182329922e-09,2.0450716034907434e-10,2.308835106033306e-10,1.0417816809726903e-09,6.570108909938699e-10,4.0411238495112685e-10,6.709440097831544e-10,1.6128008739101124e-07,4.411877348385423e-08,3.001315829659121e-10,9.360301319797905e-10,8.472691921463822e-10,2.759179915890937e-09,1.1522351189194801e-08,2.981480629181538e-14,9.330629024040586e-10,0.0070414617449010355,1.754244071490822e-09,286.00608196907814
fd9779,5.7499999999999245,31054.549267399267,12.513023325426575,75.21691773771482,7.643687883227395,5.22151093272097,5.855024101162064,0.0,5.61736391526341e-11,4.7334361580818906e-09,1.5400594461397863e-09,5.225404486791424e-10,9.63116488367815e-10,9.439824105677613e-10,6.389240198072102e-09,3.674102340142927e-09,1.6851465791239284e-10,1.4489527347031284e-10,9.259105013039811e-10,5.874989835025322e-10,3.569087578622204e-10,3.5898322457734236e-09,1.6942353272264806e-07,4.6651754928697446e-08,3.2686365964453543e-10,1.2417266470490782e-09,6.251237256633831e-10,1.0015671749957082e-09,8.875326102555472e-09,2.5943173403134745e-14,1.3760610900192938e-09,0.006671251406712673,1.083395994965399e-09,284.04760685850124
fe7dc6,7.083333333333409,28540.55071684588,26.1516261803849,76.9155431350936,21.42251084460007,5.654351256361105,5.538663214941842,0.0,7.904783342749959e-11,6.345365982535593e-09,2.0643515405595873e-09,4.974722194140893e-10,8.580084478501025e-10,4.839059678251042e-10,3.1496998139082095e-08,2.2737897727420793e-08,7.219511775289753e-10,1.3081599071241167e-09,4.97105434239784e-09,1.878785419243053e-09,1.5594975883248938e-09,1.4283051658563977e-08,4.381522136293236e-07,5.0904589216598914e-08,1.1465316444615033e-09,4.214793013548782e-09,1.5709016621926256e-09,3.855247236732663e-09,1.3714611940470574e-08,4.334401664926931e-14,2.7570201469958894e-09,0.015897827553040873,9.038091754381667e-09,297.89605273232286
ff5997,5.666666666666667,31162.563963963963,7.867452968674759,78.15231094942506,3.7740578223133663,7.98284255426984,5.7830000788051255,0.0,8.829713821792273e-11,7.489431868856439e-09,3.0505788130008263e-09,1.273860251269736e-10,2.354772843940592e-10,2.2019311276034352e-10,3.4100108747998953e-09,1.474808007584055e-09,1.367554143228534e-10,9.734819951908373e-11,7.18311103364322e-10,5.66462331112666e-10,5.151667440860282e-10,4.416374653153269e-10,1.319074472346604e-07,5.5609126063681716e-08,2.46011624252147e-10,8.958190700931578e-10,5.54095872938414e-10,3.173988585417212e-10,4.5120460139112265e-09,1.877393998569847e-14,1.2405602845936176e-09,0.005782475557708533,8.745440279908041e-10,281.5124005361166
ffc2ce,7.7500000000000755,28193.324818840578,22.896948144943636,72.99894807465603,17.382846588806167,6.76943357747519,5.981438937091339,0.0002988665246785236,8.311617171749713e-11,6.740527202186416e-09,2.1535591206847475e-09,2.2045788145486803e-10,3.62087038413132e-10,8.624309259718438e-11,1.2924437013190186e-08,8.902030271020815e-09,3.4200811092980286e-10,5.208129533917727e-10,1.5025909537584347e-09,8.587433896779829e-10,8.82770972874045e-10,1.3153734803586736e-08,1.9651741035218422e-07,3.7689579962955994e-08,8.157480967407264e-10,3.0487584021572527e-09,5.012491653062392e-10,1.5026677934631277e-09,7.318806535090447e-09,3.492299321425488e-14,1.568093301218579e-09,0.01280387197758495,4.051646658278585e-09,295.81187005171245
